ISO-10303-21;
HEADER;
FILE_DESCRIPTION (( 'STEP AP214' ),
    '1' );
FILE_NAME ('L_XND3030QK.STEP',
    '2022-04-14T02:53:50',
    ( '' ),
    ( '' ),
    'SwSTEP 2.0',
    'SolidWorks 2012',
    '' );
FILE_SCHEMA (( 'AUTOMOTIVE_DESIGN' ));
ENDSEC;

DATA;
#1 = B_SPLINE_CURVE_WITH_KNOTS ( 'NONE', 3,
 ( #578, #579, #583, #584, #585 ),
 .UNSPECIFIED., .F., .F.,
 ( 4, 1, 4 ),
 ( 0.0000000000000000000, 0.4999999999999998900, 1.000000000000000000 ),
 .UNSPECIFIED. ) ;
#2 = B_SPLINE_CURVE_WITH_KNOTS ( 'NONE', 3,
 ( #573, #568, #588, #589 ),
 .UNSPECIFIED., .F., .F.,
 ( 4, 4 ),
 ( 0.0000000000000000000, 2.218477695220034700E-005 ),
 .UNSPECIFIED. ) ;
#3 = B_SPLINE_CURVE_WITH_KNOTS ( 'NONE', 3,
 ( #586, #587, #594, #595, #596, #597, #598, #599 ),
 .UNSPECIFIED., .F., .F.,
 ( 4, 2, 2, 4 ),
 ( 0.0000000000000000000, 0.0002059301101153944500, 0.0004118602202307886300, 0.0008237204404615769400 ),
 .UNSPECIFIED. ) ;
#4 = B_SPLINE_CURVE_WITH_KNOTS ( 'NONE', 3,
 ( #593, #592, #602, #603, #604 ),
 .UNSPECIFIED., .F., .F.,
 ( 4, 1, 4 ),
 ( 0.0000000000000000000, 0.4999999999999998900, 1.000000000000000000 ),
 .UNSPECIFIED. ) ;
#5 = B_SPLINE_CURVE_WITH_KNOTS ( 'NONE', 3,
 ( #601, #600, #607, #608 ),
 .UNSPECIFIED., .F., .F.,
 ( 4, 4 ),
 ( 0.0000000000000000000, 2.218477695225978500E-005 ),
 .UNSPECIFIED. ) ;
#6 = B_SPLINE_CURVE_WITH_KNOTS ( 'NONE', 3,
 ( #606, #605, #611, #612 ),
 .UNSPECIFIED., .F., .F.,
 ( 4, 4 ),
 ( 0.0000000000000000000, 9.643924791292859900E-006 ),
 .UNSPECIFIED. ) ;
#7 = B_SPLINE_CURVE_WITH_KNOTS ( 'NONE', 3,
 ( #610, #609, #615, #616, #617, #618 ),
 .UNSPECIFIED., .F., .F.,
 ( 4, 2, 4 ),
 ( 9.450596272783809700E-015, 0.0001353198070714465800, 0.0002706396141334426000 ),
 .UNSPECIFIED. ) ;
#8 = B_SPLINE_CURVE_WITH_KNOTS ( 'NONE', 3,
 ( #620, #621, #626, #627, #628, #629, #630, #631, #632, #633 ),
 .UNSPECIFIED., .F., .F.,
 ( 4, 2, 2, 2, 4 ),
 ( 1.336694210823805700E-018, 0.0002083058710986607000, 0.0004166117421973202600, 0.0006249176132959797600, 0.0008332234843946393200 ),
 .UNSPECIFIED. ) ;
#9 = B_SPLINE_CURVE_WITH_KNOTS ( 'NONE', 3,
 ( #614, #625, #636, #637, #638, #639, #640, #641 ),
 .UNSPECIFIED., .F., .F.,
 ( 4, 2, 2, 4 ),
 ( 0.0000000000000000000, 0.0002059301101153704400, 0.0004118602202307410400, 0.0008237204404614820700 ),
 .UNSPECIFIED. ) ;
#10 = B_SPLINE_CURVE_WITH_KNOTS ( 'NONE', 3,
 ( #635, #634, #644, #645, #646, #647 ),
 .UNSPECIFIED., .F., .F.,
 ( 4, 2, 4 ),
 ( 2.168404344971008900E-019, 0.0001391831263537150900, 0.0002783662527074299600 ),
 .UNSPECIFIED. ) ;
#11 = B_SPLINE_CURVE_WITH_KNOTS ( 'NONE', 3,
 ( #643, #642, #652, #653 ),
 .UNSPECIFIED., .F., .F.,
 ( 4, 4 ),
 ( 3.320121503374543800E-016, 9.643924795513799500E-006 ),
 .UNSPECIFIED. ) ;
#12 = B_SPLINE_CURVE_WITH_KNOTS ( 'NONE', 3,
 ( #651, #650, #658, #659 ),
 .UNSPECIFIED., .F., .F.,
 ( 4, 4 ),
 ( 0.0000000000000000000, 2.218477695224035400E-005 ),
 .UNSPECIFIED. ) ;
#13 = B_SPLINE_CURVE_WITH_KNOTS ( 'NONE', 3,
 ( #668, #669, #674, #675, #676, #677 ),
 .UNSPECIFIED., .F., .F.,
 ( 4, 2, 4 ),
 ( 2.063669651826793100E-015, 0.0003968946140285943700, 0.0007937892280551250600 ),
 .UNSPECIFIED. ) ;
#14 = B_SPLINE_CURVE_WITH_KNOTS ( 'NONE', 3,
 ( #685, #680, #688, #689 ),
 .UNSPECIFIED., .F., .F.,
 ( 4, 4 ),
 ( 1.570507890303492500E-015, 0.0001372741582406336000 ),
 .UNSPECIFIED. ) ;
#15 = B_SPLINE_CURVE_WITH_KNOTS ( 'NONE', 3,
 ( #681, #686, #696, #697 ),
 .UNSPECIFIED., .F., .F.,
 ( 4, 4 ),
 ( 1.570037789233325400E-015, 0.0001372741582405901700 ),
 .UNSPECIFIED. ) ;
#16 = B_SPLINE_CURVE_WITH_KNOTS ( 'NONE', 3,
 ( #693, #695, #699, #700 ),
 .UNSPECIFIED., .F., .F.,
 ( 4, 4 ),
 ( 0.0000000000000000000, 0.0001375120903516349000 ),
 .UNSPECIFIED. ) ;
#17 = B_SPLINE_CURVE_WITH_KNOTS ( 'NONE', 3,
 ( #694, #698, #702, #703 ),
 .UNSPECIFIED., .F., .F.,
 ( 4, 4 ),
 ( 0.0000000000000000000, 9.643924791385362700E-006 ),
 .UNSPECIFIED. ) ;
#18 = B_SPLINE_CURVE_WITH_KNOTS ( 'NONE', 3,
 ( #721, #719, #725, #726, #727, #728, #729, #730, #731, #732 ),
 .UNSPECIFIED., .F., .F.,
 ( 4, 2, 2, 2, 4 ),
 ( -5.999999992739991400E-008, 0.0002082198187584746700, 0.0004164996375168767700, 0.0006247794562752788500, 0.0008330592750336808700 ),
 .UNSPECIFIED. ) ;
#19 = B_SPLINE_CURVE_WITH_KNOTS ( 'NONE', 3,
 ( #723, #724, #735, #736, #737, #738 ),
 .UNSPECIFIED., .F., .F.,
 ( 4, 2, 4 ),
 ( 2.833420859634335800E-017, 0.0003968946140262963500, 0.0007937892280525642900 ),
 .UNSPECIFIED. ) ;
#20 = B_SPLINE_CURVE_WITH_KNOTS ( 'NONE', 3,
 ( #744, #733, #751, #752, #753, #754 ),
 .UNSPECIFIED., .F., .F.,
 ( 4, 2, 4 ),
 ( 9.887412191931503700E-015, 0.0001353198070716665300, 0.0002706396141334456900 ),
 .UNSPECIFIED. ) ;
#21 = B_SPLINE_CURVE_WITH_KNOTS ( 'NONE', 3,
 ( #755, #756, #765, #766, #767, #768, #769 ),
 .UNSPECIFIED., .F., .F.,
 ( 4, 3, 4 ),
 ( 7.577735913330099500E-005, 7.723485335067109100E-005, 8.529953599927724100E-005 ),
 .UNSPECIFIED. ) ;
#22 = B_SPLINE_CURVE_WITH_KNOTS ( 'NONE', 3,
 ( #770, #771, #776, #777, #778, #779 ),
 .UNSPECIFIED., .F., .F.,
 ( 4, 2, 4 ),
 ( 2.061524305954696900E-015, 0.0003968946140284369400, 0.0007937892280548123800 ),
 .UNSPECIFIED. ) ;
#23 = B_SPLINE_CURVE_WITH_KNOTS ( 'NONE', 3,
 ( #764, #775, #782, #783, #784, #785 ),
 .UNSPECIFIED., .F., .F.,
 ( 4, 2, 4 ),
 ( 4.453491186896699800E-007, 0.0003976669162238013300, 0.0007948884833289130200 ),
 .UNSPECIFIED. ) ;
#24 = B_SPLINE_CURVE_WITH_KNOTS ( 'NONE', 3,
 ( #781, #780, #787, #788, #789, #790 ),
 .UNSPECIFIED., .F., .F.,
 ( 4, 2, 4 ),
 ( 1.557934766149680200E-017, 0.0001391831263536219800, 0.0002783662527072283500 ),
 .UNSPECIFIED. ) ;
#25 = B_SPLINE_CURVE_WITH_KNOTS ( 'NONE', 3,
 ( #791, #792, #797, #798 ),
 .UNSPECIFIED., .F., .F.,
 ( 4, 4 ),
 ( 0.0000000000000000000, 9.541583485589039000E-006 ),
 .UNSPECIFIED. ) ;
#26 = B_SPLINE_CURVE_WITH_KNOTS ( 'NONE', 3,
 ( #802, #786, #807, #808 ),
 .UNSPECIFIED., .F., .F.,
 ( 4, 4 ),
 ( 2.568561900998002600E-016, 9.643924795443644900E-006 ),
 .UNSPECIFIED. ) ;
#27 = B_SPLINE_CURVE_WITH_KNOTS ( 'NONE', 3,
 ( #806, #805, #811, #812, #813 ),
 .UNSPECIFIED., .F., .F.,
 ( 4, 1, 4 ),
 ( 0.0000000000000000000, 0.4999999999999998900, 1.000000000000000000 ),
 .UNSPECIFIED. ) ;
#28 = B_SPLINE_CURVE_WITH_KNOTS ( 'NONE', 3,
 ( #810, #809, #817, #818 ),
 .UNSPECIFIED., .F., .F.,
 ( 4, 4 ),
 ( 0.0000000000000000000, 0.0001375120903516827400 ),
 .UNSPECIFIED. ) ;
#29 = B_SPLINE_CURVE_WITH_KNOTS ( 'NONE', 3,
 ( #820, #814, #823, #824, #825, #826 ),
 .UNSPECIFIED., .F., .F.,
 ( 4, 2, 4 ),
 ( 4.453491182593452100E-007, 0.0003976669162235910000, 0.0007948884833289226700 ),
 .UNSPECIFIED. ) ;
#30 = B_SPLINE_CURVE_WITH_KNOTS ( 'NONE', 3,
 ( #829, #830, #835, #836, #837, #838, #839, #840 ),
 .UNSPECIFIED., .F., .F.,
 ( 4, 2, 2, 4 ),
 ( 2.168404344971008900E-019, 0.0002059301101154050000, 0.0004118602202308098800, 0.0008237204404616193300 ),
 .UNSPECIFIED. ) ;
#31 = B_SPLINE_CURVE_WITH_KNOTS ( 'NONE', 3,
 ( #875, #855, #884, #885, #886, #887 ),
 .UNSPECIFIED., .F., .F.,
 ( 4, 2, 4 ),
 ( 4.453491183860899300E-007, 0.0003976669162236583300, 0.0007948884833289305900 ),
 .UNSPECIFIED. ) ;
#32 = B_SPLINE_CURVE_WITH_KNOTS ( 'NONE', 3,
 ( #883, #882, #890, #891 ),
 .UNSPECIFIED., .F., .F.,
 ( 4, 4 ),
 ( 0.0001928790426589080300, 0.0002147713818322980300 ),
 .UNSPECIFIED. ) ;
#33 = B_SPLINE_CURVE_WITH_KNOTS ( 'NONE', 3,
 ( #900, #901, #912, #913, #914, #915 ),
 .UNSPECIFIED., .F., .F.,
 ( 4, 2, 4 ),
 ( 9.449473213341706600E-015, 0.0001353198070714378800, 0.0002706396141334262800 ),
 .UNSPECIFIED. ) ;
#34 = B_SPLINE_CURVE_WITH_KNOTS ( 'NONE', 3,
 ( #920, #909, #925, #926, #927 ),
 .UNSPECIFIED., .F., .F.,
 ( 4, 1, 4 ),
 ( 0.0000000000000000000, 0.4999999999999998900, 1.000000000000000000 ),
 .UNSPECIFIED. ) ;
#35 = B_SPLINE_CURVE_WITH_KNOTS ( 'NONE', 3,
 ( #924, #923, #931, #932 ),
 .UNSPECIFIED., .F., .F.,
 ( 4, 4 ),
 ( 0.0000000000000000000, 0.0001375120903516997100 ),
 .UNSPECIFIED. ) ;
#36 = B_SPLINE_CURVE_WITH_KNOTS ( 'NONE', 3,
 ( #944, #945, #952, #953 ),
 .UNSPECIFIED., .F., .F.,
 ( 4, 4 ),
 ( 1.572649225040319200E-015, 0.0001372741582403053000 ),
 .UNSPECIFIED. ) ;
#37 = B_SPLINE_CURVE_WITH_KNOTS ( 'NONE', 3,
 ( #949, #951, #961, #962 ),
 .UNSPECIFIED., .F., .F.,
 ( 4, 4 ),
 ( 0.0000000000000000000, 9.643924791422593100E-006 ),
 .UNSPECIFIED. ) ;
#38 = B_SPLINE_CURVE_WITH_KNOTS ( 'NONE', 3,
 ( #988, #985, #990, #1243, #1244, #1245 ),
 .UNSPECIFIED., .F., .F.,
 ( 4, 2, 4 ),
 ( 0.0000000000000000000, 0.0001391831263537448800, 0.0002783662527074897500 ),
 .UNSPECIFIED. ) ;
#39 = B_SPLINE_CURVE_WITH_KNOTS ( 'NONE', 3,
 ( #1278, #1290, #1291, #1292, #1293, #1294 ),
 .UNSPECIFIED., .F., .F.,
 ( 4, 2, 4 ),
 ( 9.875171458978167200E-018, 0.0001391831263536608500, 0.0002783662527073118300 ),
 .UNSPECIFIED. ) ;
#40 = UNCERTAINTY_MEASURE_WITH_UNIT (LENGTH_MEASURE( 1.000000000000000100E-005 ), #1300, 'distance_accuracy_value', 'NONE');
#41 =( BOUNDED_SURFACE ( )  B_SPLINE_SURFACE ( 3, 2, ( 
 ( #1289, #1303, #1304 ),
 ( #1305, #1306, #1307 ),
 ( #1308, #1309, #1310 ),
 ( #1311, #1312, #1313 ),
 ( #1314, #1315, #1316 ),
 ( #1317, #1318, #1319 ),
 ( #1320, #1321, #1322 ),
 ( #1323, #1324, #1325 ),
 ( #1326, #1327, #1328 ),
 ( #1329, #1330, #1331 ),
 ( #1332, #1333, #1334 ),
 ( #1335, #1336, #1337 ),
 ( #1338, #1339, #1340 ),
 ( #1341, #1342, #1343 ) ),
 .UNSPECIFIED., .F., .F., .F. ) 
 B_SPLINE_SURFACE_WITH_KNOTS ( ( 4, 2, 2, 2, 2, 2, 4 ),
 ( 3, 3 ),
 ( 0.001044208626976094100, 0.001169996875524330100, 0.001295785124072566300, 0.001547361621169038200, 0.001798938118265510400, 0.001924726366813746300, 0.002050514615361982500 ),
 ( 0.0000000000000000000, 1.000000000000000000 ),
 .UNSPECIFIED. ) 
 GEOMETRIC_REPRESENTATION_ITEM ( )  RATIONAL_B_SPLINE_SURFACE ( (
 ( 1.000000000000000000, 0.9412674825177570500, 1.000000000000000000),
 ( 1.000000000000000000, 0.9412674825177570500, 1.000000000000000000),
 ( 1.000000000000000000, 0.9373556456351367400, 1.000000000000000000),
 ( 1.000000000000000000, 0.9331601593925221700, 1.000000000000000000),
 ( 1.000000000000000000, 0.9311590693260017900, 1.000000000000000000),
 ( 1.000000000000000000, 0.9260649003792096300, 1.000000000000000000),
 ( 1.000000000000000000, 0.9238899261110122800, 1.000000000000000000),
 ( 1.000000000000000000, 0.9238692162270612000, 1.000000000000000000),
 ( 1.000000000000000000, 0.9260298045300345800, 1.000000000000000000),
 ( 1.000000000000000000, 0.9311517936364264200, 1.000000000000000000),
 ( 1.000000000000000000, 0.9331560229689599400, 1.000000000000000000),
 ( 1.000000000000000000, 0.9373443255456324100, 1.000000000000000000),
 ( 1.000000000000000000, 0.9412674825177569400, 1.000000000000000000),
 ( 1.000000000000000000, 0.9412674825177569400, 1.000000000000000000) ) ) 
 REPRESENTATION_ITEM ( '' )  SURFACE ( )  );
#42 = UNCERTAINTY_MEASURE_WITH_UNIT (LENGTH_MEASURE( 1.000000000000000100E-005 ), #1349, 'distance_accuracy_value', 'NONE');
#43 =( BOUNDED_SURFACE ( )  B_SPLINE_SURFACE ( 3, 2, ( 
 ( #1344, #1352, #1353 ),
 ( #1354, #1355, #1356 ),
 ( #1357, #1358, #1359 ),
 ( #1360, #1361, #1362 ),
 ( #1363, #1364, #1365 ),
 ( #1366, #1367, #1368 ),
 ( #1369, #1370, #1371 ),
 ( #1372, #1373, #1374 ),
 ( #1375, #1376, #1377 ),
 ( #1378, #1379, #1380 ),
 ( #1381, #1382, #1383 ),
 ( #1384, #1385, #1386 ),
 ( #1387, #1388, #1389 ),
 ( #1390, #1391, #1392 ) ),
 .UNSPECIFIED., .F., .F., .F. ) 
 B_SPLINE_SURFACE_WITH_KNOTS ( ( 4, 2, 2, 2, 2, 2, 4 ),
 ( 3, 3 ),
 ( 0.001044208626976915700, 0.001169996875525146900, 0.001295785124073378100, 0.001547361621169840300, 0.001798938118266302500, 0.001924726366814533700, 0.002050514615362764900 ),
 ( 0.0000000000000000000, 1.000000000000000000 ),
 .UNSPECIFIED. ) 
 GEOMETRIC_REPRESENTATION_ITEM ( )  RATIONAL_B_SPLINE_SURFACE ( (
 ( 1.000000000000000000, 0.9412674825177581600, 1.000000000000000000),
 ( 1.000000000000000000, 0.9412674825177581600, 1.000000000000000000),
 ( 1.000000000000000000, 0.9373556456351518400, 1.000000000000000000),
 ( 1.000000000000000000, 0.9331601593925141800, 1.000000000000000000),
 ( 1.000000000000000000, 0.9311590693259945700, 1.000000000000000000),
 ( 1.000000000000000000, 0.9260649003792383900, 1.000000000000000000),
 ( 1.000000000000000000, 0.9238899261109888600, 1.000000000000000000),
 ( 1.000000000000000000, 0.9238692162271032700, 1.000000000000000000),
 ( 1.000000000000000000, 0.9260298045300642300, 1.000000000000000000),
 ( 1.000000000000000000, 0.9311517936364208700, 1.000000000000000000),
 ( 1.000000000000000000, 0.9331560229689768200, 1.000000000000000000),
 ( 1.000000000000000000, 0.9373443255456213000, 1.000000000000000000),
 ( 1.000000000000000000, 0.9412674825177577100, 1.000000000000000000),
 ( 1.000000000000000000, 0.9412674825177577100, 1.000000000000000000) ) ) 
 REPRESENTATION_ITEM ( '' )  SURFACE ( )  );
#44 = UNCERTAINTY_MEASURE_WITH_UNIT (LENGTH_MEASURE( 1.000000000000000100E-005 ), #1398, 'distance_accuracy_value', 'NONE');
#45 =( BOUNDED_SURFACE ( )  B_SPLINE_SURFACE ( 3, 2, ( 
 ( #1393, #1401, #1402 ),
 ( #1403, #1404, #1405 ),
 ( #1406, #1407, #1408 ),
 ( #1409, #1410, #1411 ),
 ( #1412, #1413, #1414 ),
 ( #1415, #1416, #1417 ),
 ( #1418, #1419, #1420 ),
 ( #1421, #1422, #1423 ),
 ( #1424, #1425, #1426 ),
 ( #1427, #1428, #1429 ),
 ( #1430, #1431, #1432 ),
 ( #1433, #1434, #1435 ),
 ( #1436, #1437, #1438 ),
 ( #1439, #1440, #1441 ),
 ( #1442, #1443, #1444 ),
 ( #1445, #1446, #1447 ) ),
 .UNSPECIFIED., .F., .F., .F. ) 
 B_SPLINE_SURFACE_WITH_KNOTS ( ( 4, 2, 2, 2, 2, 2, 2, 4 ),
 ( 3, 3 ),
 ( 0.001217277299275523300, 0.001352621835135133800, 0.001487966370994744300, 0.001758655442713965600, 0.002029344514433186800, 0.002164689050292797300, 0.002232361318222602300, 0.002300033586152407800 ),
 ( 0.0000000000000000000, 1.000000000000000000 ),
 .UNSPECIFIED. ) 
 GEOMETRIC_REPRESENTATION_ITEM ( )  RATIONAL_B_SPLINE_SURFACE ( (
 ( 1.000000000000000000, 0.7814900150345136500, 1.000000000000000000),
 ( 1.000000000000000000, 0.7814900150345136500, 1.000000000000000000),
 ( 1.000000000000000000, 0.7715008245485199800, 1.000000000000000000),
 ( 1.000000000000000000, 0.7534524357627936400, 1.000000000000000000),
 ( 1.000000000000000000, 0.7445111830087395300, 1.000000000000000000),
 ( 1.000000000000000000, 0.7202069100198351700, 1.000000000000000000),
 ( 1.000000000000000000, 0.7079523788451586000, 1.000000000000000000),
 ( 1.000000000000000000, 0.7063515553694813500, 1.000000000000000000),
 ( 1.000000000000000000, 0.7170776800177675000, 1.000000000000000000),
 ( 1.000000000000000000, 0.7405631065294665500, 1.000000000000000000),
 ( 1.000000000000000000, 0.7493503681716675600, 1.000000000000000000),
 ( 1.000000000000000000, 0.7627421433497844100, 1.000000000000000000),
 ( 1.000000000000000000, 0.7672480231465228500, 1.000000000000000000),
 ( 1.000000000000000000, 0.7762126222691342300, 1.000000000000000000),
 ( 1.000000000000000000, 0.7814900150345146500, 1.000000000000000000),
 ( 1.000000000000000000, 0.7814900150345146500, 1.000000000000000000) ) ) 
 REPRESENTATION_ITEM ( '' )  SURFACE ( )  );
#46 = UNCERTAINTY_MEASURE_WITH_UNIT (LENGTH_MEASURE( 1.000000000000000100E-005 ), #1453, 'distance_accuracy_value', 'NONE');
#47 =( BOUNDED_SURFACE ( )  B_SPLINE_SURFACE ( 3, 2, ( 
 ( #1448, #1456, #1457 ),
 ( #1458, #1459, #1460 ),
 ( #1461, #1462, #1463 ),
 ( #1464, #1465, #1466 ),
 ( #1467, #1468, #1469 ),
 ( #1470, #1471, #1472 ),
 ( #1473, #1474, #1475 ),
 ( #1476, #1477, #1478 ),
 ( #1479, #1480, #1481 ),
 ( #1482, #1483, #1484 ),
 ( #1485, #1486, #1487 ),
 ( #1488, #1489, #1490 ),
 ( #1491, #1492, #1493 ),
 ( #1494, #1495, #1496 ),
 ( #1497, #1498, #1499 ),
 ( #1500, #1501, #1502 ) ),
 .UNSPECIFIED., .F., .F., .F. ) 
 B_SPLINE_SURFACE_WITH_KNOTS ( ( 4, 2, 2, 2, 2, 2, 2, 4 ),
 ( 3, 3 ),
 ( 0.001217277299276168600, 0.001352621835135760100, 0.001487966370995351500, 0.001758655442714534300, 0.002029344514433717200, 0.002164689050293308600, 0.002232361318223104500, 0.002300033586152900000 ),
 ( 0.0000000000000000000, 1.000000000000000000 ),
 .UNSPECIFIED. ) 
 GEOMETRIC_REPRESENTATION_ITEM ( )  RATIONAL_B_SPLINE_SURFACE ( (
 ( 1.000000000000000000, 0.7814900150344398200, 1.000000000000000000),
 ( 1.000000000000000000, 0.7814900150344398200, 1.000000000000000000),
 ( 1.000000000000000000, 0.7715008245484797900, 1.000000000000000000),
 ( 1.000000000000000000, 0.7534524357627598900, 1.000000000000000000),
 ( 1.000000000000000000, 0.7445111830086713600, 1.000000000000000000),
 ( 1.000000000000000000, 0.7202069100199344200, 1.000000000000000000),
 ( 1.000000000000000000, 0.7079523788452031200, 1.000000000000000000),
 ( 1.000000000000000000, 0.7063515553694657000, 1.000000000000000000),
 ( 1.000000000000000000, 0.7170776800177460800, 1.000000000000000000),
 ( 1.000000000000000000, 0.7405631065294268100, 1.000000000000000000),
 ( 1.000000000000000000, 0.7493503681715943900, 1.000000000000000000),
 ( 1.000000000000000000, 0.7627421433497280100, 1.000000000000000000),
 ( 1.000000000000000000, 0.7672480231464542400, 1.000000000000000000),
 ( 1.000000000000000000, 0.7762126222690544100, 1.000000000000000000),
 ( 1.000000000000000000, 0.7814900150344400400, 1.000000000000000000),
 ( 1.000000000000000000, 0.7814900150344400400, 1.000000000000000000) ) ) 
 REPRESENTATION_ITEM ( '' )  SURFACE ( )  );
#48 = UNCERTAINTY_MEASURE_WITH_UNIT (LENGTH_MEASURE( 1.000000000000000100E-005 ), #1508, 'distance_accuracy_value', 'NONE');
#49 =( BOUNDED_SURFACE ( )  B_SPLINE_SURFACE ( 3, 2, ( 
 ( #1503, #1511, #1512 ),
 ( #1513, #1514, #1515 ),
 ( #1516, #1517, #1518 ),
 ( #1519, #1520, #1521 ),
 ( #1522, #1523, #1524 ),
 ( #1525, #1526, #1527 ),
 ( #1528, #1529, #1530 ),
 ( #1531, #1532, #1533 ),
 ( #1534, #1535, #1536 ),
 ( #1537, #1538, #1539 ),
 ( #1540, #1541, #1542 ),
 ( #1543, #1544, #1545 ),
 ( #1546, #1547, #1548 ),
 ( #1549, #1550, #1551 ) ),
 .UNSPECIFIED., .F., .F., .F. ) 
 B_SPLINE_SURFACE_WITH_KNOTS ( ( 4, 2, 2, 2, 2, 2, 4 ),
 ( 3, 3 ),
 ( 0.001044208626982740700, 0.001169996875530881300, 0.001295785124079021600, 0.001547361621175302700, 0.001798938118271583900, 0.001924726366819724400, 0.002050514615367865000 ),
 ( 0.0000000000000000000, 1.000000000000000000 ),
 .UNSPECIFIED. ) 
 GEOMETRIC_REPRESENTATION_ITEM ( )  RATIONAL_B_SPLINE_SURFACE ( (
 ( 1.000000000000000000, 0.9412674825177187500, 1.000000000000000000),
 ( 1.000000000000000000, 0.9412674825177187500, 1.000000000000000000),
 ( 1.000000000000000000, 0.9373556456350777800, 1.000000000000000000),
 ( 1.000000000000000000, 0.9331601593924840900, 1.000000000000000000),
 ( 1.000000000000000000, 0.9311590693259508300, 1.000000000000000000),
 ( 1.000000000000000000, 0.9260649003792282800, 1.000000000000000000),
 ( 1.000000000000000000, 0.9238899261110438100, 1.000000000000000000),
 ( 1.000000000000000000, 0.9238692162270363300, 1.000000000000000000),
 ( 1.000000000000000000, 0.9260298045300284800, 1.000000000000000000),
 ( 1.000000000000000000, 0.9311517936364163100, 1.000000000000000000),
 ( 1.000000000000000000, 0.9331560229689317400, 1.000000000000000000),
 ( 1.000000000000000000, 0.9373443255456104200, 1.000000000000000000),
 ( 1.000000000000000000, 0.9412674825177189700, 1.000000000000000000),
 ( 1.000000000000000000, 0.9412674825177189700, 1.000000000000000000) ) ) 
 REPRESENTATION_ITEM ( '' )  SURFACE ( )  );
#50 = UNCERTAINTY_MEASURE_WITH_UNIT (LENGTH_MEASURE( 1.000000000000000100E-005 ), #1557, 'distance_accuracy_value', 'NONE');
#51 =( BOUNDED_SURFACE ( )  B_SPLINE_SURFACE ( 3, 2, ( 
 ( #1552, #1560, #1561 ),
 ( #1562, #1563, #1564 ),
 ( #1565, #1566, #1567 ),
 ( #1568, #1569, #1570 ),
 ( #1571, #1572, #1573 ),
 ( #1574, #1575, #1576 ),
 ( #1577, #1578, #1579 ),
 ( #1580, #1581, #1582 ),
 ( #1583, #1584, #1585 ),
 ( #1586, #1587, #1588 ),
 ( #1589, #1590, #1591 ),
 ( #1592, #1593, #1594 ),
 ( #1595, #1596, #1597 ),
 ( #1598, #1599, #1600 ) ),
 .UNSPECIFIED., .F., .F., .F. ) 
 B_SPLINE_SURFACE_WITH_KNOTS ( ( 4, 2, 2, 2, 2, 2, 4 ),
 ( 3, 3 ),
 ( 0.001044208626981917200, 0.001169996875530064200, 0.001295785124078211500, 0.001547361621174506100, 0.001798938118270800600, 0.001924726366818947900, 0.002050514615367095200 ),
 ( 0.0000000000000000000, 1.000000000000000000 ),
 .UNSPECIFIED. ) 
 GEOMETRIC_REPRESENTATION_ITEM ( )  RATIONAL_B_SPLINE_SURFACE ( (
 ( 1.000000000000000000, 0.9412674825177244100, 1.000000000000000000),
 ( 1.000000000000000000, 0.9412674825177244100, 1.000000000000000000),
 ( 1.000000000000000000, 0.9373556456350783400, 1.000000000000000000),
 ( 1.000000000000000000, 0.9331601593924937500, 1.000000000000000000),
 ( 1.000000000000000000, 0.9311590693259648200, 1.000000000000000000),
 ( 1.000000000000000000, 0.9260649003792073000, 1.000000000000000000),
 ( 1.000000000000000000, 0.9238899261110251600, 1.000000000000000000),
 ( 1.000000000000000000, 0.9238692162270552000, 1.000000000000000000),
 ( 1.000000000000000000, 0.9260298045300112700, 1.000000000000000000),
 ( 1.000000000000000000, 0.9311517936364274200, 1.000000000000000000),
 ( 1.000000000000000000, 0.9331560229689402900, 1.000000000000000000),
 ( 1.000000000000000000, 0.9373443255456098700, 1.000000000000000000),
 ( 1.000000000000000000, 0.9412674825177239600, 1.000000000000000000),
 ( 1.000000000000000000, 0.9412674825177239600, 1.000000000000000000) ) ) 
 REPRESENTATION_ITEM ( '' )  SURFACE ( )  );
#52 = UNCERTAINTY_MEASURE_WITH_UNIT (LENGTH_MEASURE( 1.000000000000000100E-005 ), #1607, 'distance_accuracy_value', 'NONE');
#53 = UNCERTAINTY_MEASURE_WITH_UNIT (LENGTH_MEASURE( 1.000000000000000100E-005 ), #1617, 'distance_accuracy_value', 'NONE');
#54 = UNCERTAINTY_MEASURE_WITH_UNIT (LENGTH_MEASURE( 1.000000000000000100E-005 ), #1627, 'distance_accuracy_value', 'NONE');
#55 = UNCERTAINTY_MEASURE_WITH_UNIT (LENGTH_MEASURE( 1.000000000000000100E-005 ), #1637, 'distance_accuracy_value', 'NONE');
#56 = UNCERTAINTY_MEASURE_WITH_UNIT (LENGTH_MEASURE( 1.000000000000000100E-005 ), #1647, 'distance_accuracy_value', 'NONE');
#57 = UNCERTAINTY_MEASURE_WITH_UNIT (LENGTH_MEASURE( 1.000000000000000100E-005 ), #1657, 'distance_accuracy_value', 'NONE');
#58 = UNCERTAINTY_MEASURE_WITH_UNIT (LENGTH_MEASURE( 1.000000000000000100E-005 ), #1667, 'distance_accuracy_value', 'NONE');
#59 = UNCERTAINTY_MEASURE_WITH_UNIT (LENGTH_MEASURE( 1.000000000000000100E-005 ), #1677, 'distance_accuracy_value', 'NONE');
#60 = UNCERTAINTY_MEASURE_WITH_UNIT (LENGTH_MEASURE( 1.000000000000000100E-005 ), #1687, 'distance_accuracy_value', 'NONE');
#61 = UNCERTAINTY_MEASURE_WITH_UNIT (LENGTH_MEASURE( 1.000000000000000100E-005 ), #1698, 'distance_accuracy_value', 'NONE');
#62 = UNCERTAINTY_MEASURE_WITH_UNIT (LENGTH_MEASURE( 1.000000000000000100E-005 ), #1709, 'distance_accuracy_value', 'NONE');
#63 = UNCERTAINTY_MEASURE_WITH_UNIT (LENGTH_MEASURE( 1.000000000000000100E-005 ), #1719, 'distance_accuracy_value', 'NONE');
#64 = UNCERTAINTY_MEASURE_WITH_UNIT (LENGTH_MEASURE( 1.000000000000000100E-005 ), #1730, 'distance_accuracy_value', 'NONE');
#65 = UNCERTAINTY_MEASURE_WITH_UNIT (LENGTH_MEASURE( 1.000000000000000100E-005 ), #1741, 'distance_accuracy_value', 'NONE');
#66 = UNCERTAINTY_MEASURE_WITH_UNIT (LENGTH_MEASURE( 1.000000000000000100E-005 ), #1751, 'distance_accuracy_value', 'NONE');
#67 = UNCERTAINTY_MEASURE_WITH_UNIT (LENGTH_MEASURE( 1.000000000000000100E-005 ), #1762, 'distance_accuracy_value', 'NONE');
#68 = UNCERTAINTY_MEASURE_WITH_UNIT (LENGTH_MEASURE( 1.000000000000000100E-005 ), #1772, 'distance_accuracy_value', 'NONE');
#69 = UNCERTAINTY_MEASURE_WITH_UNIT (LENGTH_MEASURE( 1.000000000000000100E-005 ), #1783, 'distance_accuracy_value', 'NONE');
#70 = UNCERTAINTY_MEASURE_WITH_UNIT (LENGTH_MEASURE( 1.000000000000000100E-005 ), #1794, 'distance_accuracy_value', 'NONE');
#71 = UNCERTAINTY_MEASURE_WITH_UNIT (LENGTH_MEASURE( 1.000000000000000100E-005 ), #1804, 'distance_accuracy_value', 'NONE');
#72 = UNCERTAINTY_MEASURE_WITH_UNIT (LENGTH_MEASURE( 1.000000000000000100E-005 ), #1815, 'distance_accuracy_value', 'NONE');
#73 = UNCERTAINTY_MEASURE_WITH_UNIT (LENGTH_MEASURE( 1.000000000000000100E-005 ), #1825, 'distance_accuracy_value', 'NONE');
#74 = UNCERTAINTY_MEASURE_WITH_UNIT (LENGTH_MEASURE( 1.000000000000000100E-005 ), #2009, 'distance_accuracy_value', 'NONE');
#75 = UNCERTAINTY_MEASURE_WITH_UNIT (LENGTH_MEASURE( 1.000000000000000100E-005 ), #2021, 'distance_accuracy_value', 'NONE');
#76 = UNCERTAINTY_MEASURE_WITH_UNIT (LENGTH_MEASURE( 1.000000000000000100E-005 ), #2032, 'distance_accuracy_value', 'NONE');
#77 = UNCERTAINTY_MEASURE_WITH_UNIT (LENGTH_MEASURE( 1.000000000000000100E-005 ), #2042, 'distance_accuracy_value', 'NONE');
#78 = UNCERTAINTY_MEASURE_WITH_UNIT (LENGTH_MEASURE( 1.000000000000000100E-005 ), #2053, 'distance_accuracy_value', 'NONE');
#79 = UNCERTAINTY_MEASURE_WITH_UNIT (LENGTH_MEASURE( 1.000000000000000100E-005 ), #2064, 'distance_accuracy_value', 'NONE');
#80 = UNCERTAINTY_MEASURE_WITH_UNIT (LENGTH_MEASURE( 1.000000000000000100E-005 ), #2074, 'distance_accuracy_value', 'NONE');
#81 = UNCERTAINTY_MEASURE_WITH_UNIT (LENGTH_MEASURE( 1.000000000000000100E-005 ), #2085, 'distance_accuracy_value', 'NONE');
#82 = UNCERTAINTY_MEASURE_WITH_UNIT (LENGTH_MEASURE( 1.000000000000000100E-005 ), #2095, 'distance_accuracy_value', 'NONE');
#83 = UNCERTAINTY_MEASURE_WITH_UNIT (LENGTH_MEASURE( 1.000000000000000100E-005 ), #2106, 'distance_accuracy_value', 'NONE');
#84 = UNCERTAINTY_MEASURE_WITH_UNIT (LENGTH_MEASURE( 1.000000000000000100E-005 ), #2117, 'distance_accuracy_value', 'NONE');
#85 = UNCERTAINTY_MEASURE_WITH_UNIT (LENGTH_MEASURE( 1.000000000000000100E-005 ), #2127, 'distance_accuracy_value', 'NONE');
#86 = UNCERTAINTY_MEASURE_WITH_UNIT (LENGTH_MEASURE( 1.000000000000000100E-005 ), #2138, 'distance_accuracy_value', 'NONE');
#87 = UNCERTAINTY_MEASURE_WITH_UNIT (LENGTH_MEASURE( 1.000000000000000100E-005 ), #2148, 'distance_accuracy_value', 'NONE');
#88 = UNCERTAINTY_MEASURE_WITH_UNIT (LENGTH_MEASURE( 1.000000000000000100E-005 ), #2154, 'distance_accuracy_value', 'NONE');
#89 = ADVANCED_BREP_SHAPE_REPRESENTATION ( '', ( #2246, #2272, #2254, #3944 ), #3942 ) ;
#90 = UNCERTAINTY_MEASURE_WITH_UNIT (LENGTH_MEASURE( 1.000000000000000100E-005 ), #2163, 'distance_accuracy_value', 'NONE');
#91 = UNCERTAINTY_MEASURE_WITH_UNIT (LENGTH_MEASURE( 1.000000000000000100E-005 ), #2172, 'distance_accuracy_value', 'NONE');
#92 = UNCERTAINTY_MEASURE_WITH_UNIT (LENGTH_MEASURE( 1.000000000000000100E-005 ), #4794, 'distance_accuracy_value', 'NONE');
#93 = UNCERTAINTY_MEASURE_WITH_UNIT (LENGTH_MEASURE( 1.000000000000000100E-005 ), #4418, 'distance_accuracy_value', 'NONE');
#94 = FACE_OUTER_BOUND ( 'NONE', #3090, .T. ) ;
#95 = PRESENTATION_STYLE_ASSIGNMENT (( #4459 ) ) ;
#96 = SURFACE_STYLE_FILL_AREA ( #4457 ) ;
#97 = COLOUR_RGB ( '',0.5254901960784313900, 0.5254901960784313900, 0.5254901960784313900 ) ;
#98 = FACE_OUTER_BOUND ( 'NONE', #1201, .T. ) ;
#99 = PRESENTATION_STYLE_ASSIGNMENT (( #4470 ) ) ;
#100 = SURFACE_STYLE_FILL_AREA ( #4468 ) ;
#101 = COLOUR_RGB ( '',0.5254901960784313900, 0.5254901960784313900, 0.5254901960784313900 ) ;
#102 = FACE_OUTER_BOUND ( 'NONE', #3111, .T. ) ;
#103 = PRESENTATION_STYLE_ASSIGNMENT (( #4482 ) ) ;
#104 = SURFACE_STYLE_FILL_AREA ( #4479 ) ;
#105 = COLOUR_RGB ( '',0.5254901960784313900, 0.5254901960784313900, 0.5254901960784313900 ) ;
#106 = FACE_OUTER_BOUND ( 'NONE', #3143, .T. ) ;
#107 = PRESENTATION_STYLE_ASSIGNMENT (( #4494 ) ) ;
#108 = SURFACE_STYLE_FILL_AREA ( #4491 ) ;
#109 = COLOUR_RGB ( '',0.5254901960784313900, 0.5254901960784313900, 0.5254901960784313900 ) ;
#110 = COLOUR_RGB ( '',0.5254901960784313900, 0.5254901960784313900, 0.5254901960784313900 ) ;
#111 = FACE_OUTER_BOUND ( 'NONE', #3059, .T. ) ;
#112 = PRESENTATION_STYLE_ASSIGNMENT (( #4504 ) ) ;
#113 = SURFACE_STYLE_FILL_AREA ( #4502 ) ;
#114 = CYLINDRICAL_SURFACE ( 'NONE', #3659, 0.2000000000000000900 ) ;
#115 = COLOUR_RGB ( '',0.5254901960784313900, 0.5254901960784313900, 0.5254901960784313900 ) ;
#116 = FACE_OUTER_BOUND ( 'NONE', #3102, .T. ) ;
#117 = PRESENTATION_STYLE_ASSIGNMENT (( #4514 ) ) ;
#118 = SURFACE_STYLE_FILL_AREA ( #4512 ) ;
#119 = CYLINDRICAL_SURFACE ( 'NONE', #3666, 0.2000000000000000900 ) ;
#120 = COLOUR_RGB ( '',0.5254901960784313900, 0.5254901960784313900, 0.5254901960784313900 ) ;
#121 = FACE_OUTER_BOUND ( 'NONE', #3086, .T. ) ;
#122 = PRESENTATION_STYLE_ASSIGNMENT (( #4524 ) ) ;
#123 = SURFACE_STYLE_FILL_AREA ( #4522 ) ;
#124 = CYLINDRICAL_SURFACE ( 'NONE', #3671, 0.2000000000000000900 ) ;
#125 = COLOUR_RGB ( '',0.5254901960784313900, 0.5254901960784313900, 0.5254901960784313900 ) ;
#126 = FACE_OUTER_BOUND ( 'NONE', #1102, .T. ) ;
#127 = PRESENTATION_STYLE_ASSIGNMENT (( #4534 ) ) ;
#128 = SURFACE_STYLE_FILL_AREA ( #4532 ) ;
#129 = CYLINDRICAL_SURFACE ( 'NONE', #3676, 0.2000000000000000900 ) ;
#130 = COLOUR_RGB ( '',0.5254901960784313900, 0.5254901960784313900, 0.5254901960784313900 ) ;
#131 = FACE_OUTER_BOUND ( 'NONE', #1099, .T. ) ;
#132 = PRESENTATION_STYLE_ASSIGNMENT (( #4544 ) ) ;
#133 = SURFACE_STYLE_FILL_AREA ( #4542 ) ;
#134 = CYLINDRICAL_SURFACE ( 'NONE', #3681, 0.1999999999999999800 ) ;
#135 = COLOUR_RGB ( '',0.5254901960784313900, 0.5254901960784313900, 0.5254901960784313900 ) ;
#136 = FACE_OUTER_BOUND ( 'NONE', #3150, .T. ) ;
#137 = PRESENTATION_STYLE_ASSIGNMENT (( #4554 ) ) ;
#138 = SURFACE_STYLE_FILL_AREA ( #4552 ) ;
#139 = CYLINDRICAL_SURFACE ( 'NONE', #3686, 0.2000000000000000900 ) ;
#140 = COLOUR_RGB ( '',0.5254901960784313900, 0.5254901960784313900, 0.5254901960784313900 ) ;
#141 = FACE_OUTER_BOUND ( 'NONE', #3239, .T. ) ;
#142 = PRESENTATION_STYLE_ASSIGNMENT (( #4564 ) ) ;
#143 = SURFACE_STYLE_FILL_AREA ( #4562 ) ;
#144 = CYLINDRICAL_SURFACE ( 'NONE', #3691, 0.2000000000000000900 ) ;
#145 = COLOUR_RGB ( '',0.0000000000000000000, 0.0000000000000000000, 0.0000000000000000000 ) ;
#146 = FACE_OUTER_BOUND ( 'NONE', #3193, .T. ) ;
#147 = PRESENTATION_STYLE_ASSIGNMENT (( #4573 ) ) ;
#148 = SURFACE_STYLE_FILL_AREA ( #4571 ) ;
#149 = CYLINDRICAL_SURFACE ( 'NONE', #3696, 0.1999999999999999800 ) ;
#150 = PRESENTATION_STYLE_ASSIGNMENT (( #4630 ) ) ;
#151 = SURFACE_STYLE_FILL_AREA ( #4628 ) ;
#152 = COLOUR_RGB ( '',0.0000000000000000000, 0.0000000000000000000, 0.0000000000000000000 ) ;
#153 = FACE_OUTER_BOUND ( 'NONE', #3097, .T. ) ;
#154 = LINE ( 'NONE', #4720, #160 ) ;
#155 = CIRCLE ( 'NONE', #3703, 0.2000000000000105000 ) ;
#156 = CIRCLE ( 'NONE', #3705, 0.1499999999999999700 ) ;
#157 = VECTOR ( 'NONE', #4722, 1000.000000000000000 ) ;
#158 = LINE ( 'NONE', #4721, #157 ) ;
#159 = CIRCLE ( 'NONE', #3704, 0.1499999999999999700 ) ;
#160 = VECTOR ( 'NONE', #4723, 1000.000000000000000 ) ;
#161 = CIRCLE ( 'NONE', #3706, 0.2000000000000124500 ) ;
#162 = LINE ( 'NONE', #4780, #166 ) ;
#163 = CIRCLE ( 'NONE', #3707, 0.2000000000000107200 ) ;
#164 = CIRCLE ( 'NONE', #3708, 0.2000000000000105000 ) ;
#165 = LINE ( 'NONE', #4828, #169 ) ;
#166 = VECTOR ( 'NONE', #4792, 1000.000000000000000 ) ;
#167 = LINE ( 'NONE', #4889, #175 ) ;
#168 = CIRCLE ( 'NONE', #3710, 0.2000000000000000900 ) ;
#169 = VECTOR ( 'NONE', #4839, 1000.000000000000000 ) ;
#170 = CIRCLE ( 'NONE', #3709, 0.1499999999999999700 ) ;
#171 = LINE ( 'NONE', #4880, #172 ) ;
#172 = VECTOR ( 'NONE', #4884, 1000.000000000000000 ) ;
#173 = CIRCLE ( 'NONE', #3713, 0.1500000000000062400 ) ;
#174 = CIRCLE ( 'NONE', #3711, 0.1999999999999999800 ) ;
#175 = VECTOR ( 'NONE', #4882, 1000.000000000000000 ) ;
#176 = LINE ( 'NONE', #4886, #178 ) ;
#177 = CIRCLE ( 'NONE', #3712, 0.2000000000000000900 ) ;
#178 = VECTOR ( 'NONE', #4888, 1000.000000000000000 ) ;
#179 = LINE ( 'NONE', #4901, #180 ) ;
#180 = VECTOR ( 'NONE', #4903, 1000.000000000000000 ) ;
#181 = LINE ( 'NONE', #4902, #183 ) ;
#182 = LINE ( 'NONE', #4907, #185 ) ;
#183 = VECTOR ( 'NONE', #4898, 1000.000000000000000 ) ;
#184 = LINE ( 'NONE', #4912, #192 ) ;
#185 = VECTOR ( 'NONE', #4909, 1000.000000000000000 ) ;
#186 = LINE ( 'NONE', #4916, #188 ) ;
#187 = LINE ( 'NONE', #4908, #190 ) ;
#188 = VECTOR ( 'NONE', #4919, 1000.000000000000000 ) ;
#189 = LINE ( 'NONE', #4920, #196 ) ;
#190 = VECTOR ( 'NONE', #4921, 1000.000000000000000 ) ;
#191 = LINE ( 'NONE', #4923, #194 ) ;
#192 = VECTOR ( 'NONE', #4922, 1000.000000000000000 ) ;
#193 = CIRCLE ( 'NONE', #3714, 0.1499999999999999700 ) ;
#194 = VECTOR ( 'NONE', #4925, 1000.000000000000000 ) ;
#195 = LINE ( 'NONE', #4936, #203 ) ;
#196 = VECTOR ( 'NONE', #4926, 1000.000000000000000 ) ;
#197 = LINE ( 'NONE', #4927, #199 ) ;
#198 = LINE ( 'NONE', #4933, #201 ) ;
#199 = VECTOR ( 'NONE', #4924, 999.9999999999998900 ) ;
#200 = LINE ( 'NONE', #4946, #214 ) ;
#201 = VECTOR ( 'NONE', #4934, 1000.000000000000000 ) ;
#202 = LINE ( 'NONE', #4937, #205 ) ;
#203 = VECTOR ( 'NONE', #4942, 1000.000000000000000 ) ;
#204 = CIRCLE ( 'NONE', #3715, 0.2000000000000000900 ) ;
#205 = VECTOR ( 'NONE', #4944, 1000.000000000000000 ) ;
#206 = LINE ( 'NONE', #4943, #208 ) ;
#207 = LINE ( 'NONE', #4950, #210 ) ;
#208 = VECTOR ( 'NONE', #4935, 1000.000000000000000 ) ;
#209 = LINE ( 'NONE', #4952, #212 ) ;
#210 = VECTOR ( 'NONE', #4951, 1000.000000000000000 ) ;
#211 = LINE ( 'NONE', #4957, #216 ) ;
#212 = VECTOR ( 'NONE', #4954, 1000.000000000000000 ) ;
#213 = CIRCLE ( 'NONE', #3716, 0.1500000000000062400 ) ;
#214 = VECTOR ( 'NONE', #4955, 999.9999999999998900 ) ;
#215 = LINE ( 'NONE', #4971, #218 ) ;
#216 = VECTOR ( 'NONE', #4961, 1000.000000000000000 ) ;
#217 = CIRCLE ( 'NONE', #3718, 0.2000000000000124500 ) ;
#218 = VECTOR ( 'NONE', #4972, 1000.000000000000000 ) ;
#219 = LINE ( 'NONE', #4978, #221 ) ;
#220 = LINE ( 'NONE', #4966, #223 ) ;
#221 = VECTOR ( 'NONE', #4981, 1000.000000000000000 ) ;
#222 = LINE ( 'NONE', #499, #228 ) ;
#223 = VECTOR ( 'NONE', #4983, 1000.000000000000000 ) ;
#224 = LINE ( 'NONE', #496, #225 ) ;
#225 = VECTOR ( 'NONE', #498, 1000.000000000000000 ) ;
#226 = CIRCLE ( 'NONE', #3717, 0.1500000000000047400 ) ;
#227 = CIRCLE ( 'NONE', #3719, 0.2000000000000000900 ) ;
#228 = VECTOR ( 'NONE', #500, 1000.000000000000000 ) ;
#229 = LINE ( 'NONE', #513, #230 ) ;
#230 = VECTOR ( 'NONE', #514, 1000.000000000000000 ) ;
#231 = LINE ( 'NONE', #521, #236 ) ;
#232 = LINE ( 'NONE', #515, #234 ) ;
#233 = LINE ( 'NONE', #520, #238 ) ;
#234 = VECTOR ( 'NONE', #516, 1000.000000000000000 ) ;
#235 = CIRCLE ( 'NONE', #3720, 0.1500000000000021300 ) ;
#236 = VECTOR ( 'NONE', #526, 1000.000000000000000 ) ;
#237 = LINE ( 'NONE', #529, #240 ) ;
#238 = VECTOR ( 'NONE', #528, 1000.000000000000000 ) ;
#239 = LINE ( 'NONE', #531, #242 ) ;
#240 = VECTOR ( 'NONE', #530, 1000.000000000000000 ) ;
#241 = LINE ( 'NONE', #546, #246 ) ;
#242 = VECTOR ( 'NONE', #532, 1000.000000000000000 ) ;
#243 = LINE ( 'NONE', #537, #244 ) ;
#244 = VECTOR ( 'NONE', #538, 1000.000000000000000 ) ;
#245 = LINE ( 'NONE', #548, #248 ) ;
#246 = VECTOR ( 'NONE', #547, 1000.000000000000000 ) ;
#247 = LINE ( 'NONE', #552, #253 ) ;
#248 = VECTOR ( 'NONE', #550, 1000.000000000000000 ) ;
#249 = LINE ( 'NONE', #549, #251 ) ;
#250 = LINE ( 'NONE', #551, #255 ) ;
#251 = VECTOR ( 'NONE', #543, 1000.000000000000000 ) ;
#252 = LINE ( 'NONE', #556, #257 ) ;
#253 = VECTOR ( 'NONE', #557, 1000.000000000000000 ) ;
#254 = LINE ( 'NONE', #558, #263 ) ;
#255 = VECTOR ( 'NONE', #559, 1000.000000000000000 ) ;
#256 = LINE ( 'NONE', #562, #259 ) ;
#257 = VECTOR ( 'NONE', #561, 1000.000000000000000 ) ;
#258 = LINE ( 'NONE', #564, #261 ) ;
#259 = VECTOR ( 'NONE', #563, 1000.000000000000000 ) ;
#260 = LINE ( 'NONE', #560, #265 ) ;
#261 = VECTOR ( 'NONE', #566, 1000.000000000000000 ) ;
#262 = LINE ( 'NONE', #565, #271 ) ;
#263 = VECTOR ( 'NONE', #567, 1000.000000000000000 ) ;
#264 = LINE ( 'NONE', #570, #267 ) ;
#265 = VECTOR ( 'NONE', #569, 1000.000000000000000 ) ;
#266 = LINE ( 'NONE', #572, #269 ) ;
#267 = VECTOR ( 'NONE', #571, 1000.000000000000000 ) ;
#268 = CIRCLE ( 'NONE', #3722, 0.2000000000000000900 ) ;
#269 = VECTOR ( 'NONE', #574, 1000.000000000000000 ) ;
#270 = LINE ( 'NONE', #576, #273 ) ;
#271 = VECTOR ( 'NONE', #575, 1000.000000000000000 ) ;
#272 = CIRCLE ( 'NONE', #3721, 0.1499999999999999700 ) ;
#273 = VECTOR ( 'NONE', #577, 999.9999999999998900 ) ;
#274 = LINE ( 'NONE', #590, #276 ) ;
#275 = LINE ( 'NONE', #613, #278 ) ;
#276 = VECTOR ( 'NONE', #591, 1000.000000000000000 ) ;
#277 = CIRCLE ( 'NONE', #3723, 0.2000000000000124500 ) ;
#278 = VECTOR ( 'NONE', #619, 1000.000000000000000 ) ;
#279 = LINE ( 'NONE', #656, #285 ) ;
#280 = LINE ( 'NONE', #648, #281 ) ;
#281 = VECTOR ( 'NONE', #649, 1000.000000000000000 ) ;
#282 = LINE ( 'NONE', #654, #283 ) ;
#283 = VECTOR ( 'NONE', #655, 1000.000000000000000 ) ;
#284 = LINE ( 'NONE', #662, #289 ) ;
#285 = VECTOR ( 'NONE', #657, 1000.000000000000100 ) ;
#286 = LINE ( 'NONE', #660, #287 ) ;
#287 = VECTOR ( 'NONE', #661, 1000.000000000000000 ) ;
#288 = CIRCLE ( 'NONE', #3724, 0.1999999999999999800 ) ;
#289 = VECTOR ( 'NONE', #663, 1000.000000000000000 ) ;
#290 = LINE ( 'NONE', #691, #300 ) ;
#291 = CIRCLE ( 'NONE', #3725, 0.2000000000000000900 ) ;
#292 = LINE ( 'NONE', #678, #293 ) ;
#293 = VECTOR ( 'NONE', #679, 1000.000000000000000 ) ;
#294 = LINE ( 'NONE', #664, #296 ) ;
#295 = LINE ( 'NONE', #687, #298 ) ;
#296 = VECTOR ( 'NONE', #673, 1000.000000000000000 ) ;
#297 = LINE ( 'NONE', #704, #302 ) ;
#298 = VECTOR ( 'NONE', #690, 1000.000000000000000 ) ;
#299 = CIRCLE ( 'NONE', #3726, 0.1500000000000047400 ) ;
#300 = VECTOR ( 'NONE', #692, 1000.000000000000000 ) ;
#301 = LINE ( 'NONE', #706, #304 ) ;
#302 = VECTOR ( 'NONE', #705, 1000.000000000000000 ) ;
#303 = LINE ( 'NONE', #715, #312 ) ;
#304 = VECTOR ( 'NONE', #708, 1000.000000000000000 ) ;
#305 = LINE ( 'NONE', #707, #307 ) ;
#306 = CIRCLE ( 'NONE', #3727, 0.2000000000000124500 ) ;
#307 = VECTOR ( 'NONE', #701, 999.9999999999998900 ) ;
#308 = LINE ( 'NONE', #709, #310 ) ;
#309 = LINE ( 'NONE', #714, #314 ) ;
#310 = VECTOR ( 'NONE', #710, 1000.000000000000000 ) ;
#311 = LINE ( 'NONE', #741, #318 ) ;
#312 = VECTOR ( 'NONE', #720, 1000.000000000000000 ) ;
#313 = LINE ( 'NONE', #739, #316 ) ;
#314 = VECTOR ( 'NONE', #722, 1000.000000000000000 ) ;
#315 = LINE ( 'NONE', #734, #322 ) ;
#316 = VECTOR ( 'NONE', #740, 1000.000000000000000 ) ;
#317 = LINE ( 'NONE', #743, #320 ) ;
#318 = VECTOR ( 'NONE', #742, 1000.000000000000000 ) ;
#319 = CIRCLE ( 'NONE', #3728, 0.2000000000000000900 ) ;
#320 = VECTOR ( 'NONE', #745, 1000.000000000000000 ) ;
#321 = LINE ( 'NONE', #747, #324 ) ;
#322 = VECTOR ( 'NONE', #746, 1000.000000000000000 ) ;
#323 = LINE ( 'NONE', #749, #327 ) ;
#324 = VECTOR ( 'NONE', #748, 1000.000000000000000 ) ;
#325 = LINE ( 'NONE', #796, #339 ) ;
#326 = LINE ( 'NONE', #760, #329 ) ;
#327 = VECTOR ( 'NONE', #750, 1000.000000000000000 ) ;
#328 = LINE ( 'NONE', #762, #331 ) ;
#329 = VECTOR ( 'NONE', #761, 1000.000000000000000 ) ;
#330 = LINE ( 'NONE', #801, #337 ) ;
#331 = VECTOR ( 'NONE', #763, 1000.000000000000000 ) ;
#332 = CIRCLE ( 'NONE', #3729, 0.1500000000000062400 ) ;
#333 = CIRCLE ( 'NONE', #3730, 0.2000000000000000900 ) ;
#334 = LINE ( 'NONE', #799, #335 ) ;
#335 = VECTOR ( 'NONE', #800, 1000.000000000000000 ) ;
#336 = LINE ( 'NONE', #815, #341 ) ;
#337 = VECTOR ( 'NONE', #803, 1000.000000000000200 ) ;
#338 = CIRCLE ( 'NONE', #3731, 0.2000000000000107200 ) ;
#339 = VECTOR ( 'NONE', #804, 1000.000000000000000 ) ;
#340 = LINE ( 'NONE', #816, #343 ) ;
#341 = VECTOR ( 'NONE', #819, 1000.000000000000000 ) ;
#342 = LINE ( 'NONE', #856, #381 ) ;
#343 = VECTOR ( 'NONE', #821, 1000.000000000000100 ) ;
#344 = LINE ( 'NONE', #827, #345 ) ;
#345 = VECTOR ( 'NONE', #828, 1000.000000000000100 ) ;
#346 = LINE ( 'NONE', #843, #350 ) ;
#347 = LINE ( 'NONE', #841, #348 ) ;
#348 = VECTOR ( 'NONE', #842, 1000.000000000000000 ) ;
#349 = LINE ( 'NONE', #845, #352 ) ;
#350 = VECTOR ( 'NONE', #844, 1000.000000000000000 ) ;
#351 = LINE ( 'NONE', #847, #354 ) ;
#352 = VECTOR ( 'NONE', #846, 1000.000000000000000 ) ;
#353 = LINE ( 'NONE', #849, #356 ) ;
#354 = VECTOR ( 'NONE', #848, 1000.000000000000000 ) ;
#355 = LINE ( 'NONE', #851, #358 ) ;
#356 = VECTOR ( 'NONE', #850, 1000.000000000000000 ) ;
#357 = LINE ( 'NONE', #853, #360 ) ;
#358 = VECTOR ( 'NONE', #852, 1000.000000000000000 ) ;
#359 = CIRCLE ( 'NONE', #3732, 0.2000000000000000900 ) ;
#360 = VECTOR ( 'NONE', #854, 1000.000000000000000 ) ;
#361 = LINE ( 'NONE', #822, #363 ) ;
#362 = LINE ( 'NONE', #860, #365 ) ;
#363 = VECTOR ( 'NONE', #834, 999.9999999999998900 ) ;
#364 = LINE ( 'NONE', #862, #367 ) ;
#365 = VECTOR ( 'NONE', #861, 999.9999999999998900 ) ;
#366 = LINE ( 'NONE', #864, #369 ) ;
#367 = VECTOR ( 'NONE', #863, 1000.000000000000000 ) ;
#368 = LINE ( 'NONE', #866, #371 ) ;
#369 = VECTOR ( 'NONE', #865, 1000.000000000000000 ) ;
#370 = LINE ( 'NONE', #868, #373 ) ;
#371 = VECTOR ( 'NONE', #867, 1000.000000000000000 ) ;
#372 = LINE ( 'NONE', #870, #375 ) ;
#373 = VECTOR ( 'NONE', #869, 1000.000000000000000 ) ;
#374 = LINE ( 'NONE', #872, #377 ) ;
#375 = VECTOR ( 'NONE', #871, 1000.000000000000100 ) ;
#376 = LINE ( 'NONE', #874, #379 ) ;
#377 = VECTOR ( 'NONE', #873, 1000.000000000000000 ) ;
#378 = LINE ( 'NONE', #888, #391 ) ;
#379 = VECTOR ( 'NONE', #876, 1000.000000000000000 ) ;
#380 = LINE ( 'NONE', #878, #383 ) ;
#381 = VECTOR ( 'NONE', #877, 1000.000000000000000 ) ;
#382 = LINE ( 'NONE', #880, #385 ) ;
#383 = VECTOR ( 'NONE', #879, 1000.000000000000000 ) ;
#384 = LINE ( 'NONE', #892, #387 ) ;
#385 = VECTOR ( 'NONE', #881, 1000.000000000000000 ) ;
#386 = LINE ( 'NONE', #894, #389 ) ;
#387 = VECTOR ( 'NONE', #893, 1000.000000000000000 ) ;
#388 = LINE ( 'NONE', #910, #402 ) ;
#389 = VECTOR ( 'NONE', #896, 1000.000000000000000 ) ;
#390 = LINE ( 'NONE', #898, #393 ) ;
#391 = VECTOR ( 'NONE', #897, 1000.000000000000000 ) ;
#392 = CIRCLE ( 'NONE', #3733, 0.1499999999999999700 ) ;
#393 = VECTOR ( 'NONE', #899, 1000.000000000000000 ) ;
#394 = LINE ( 'NONE', #895, #396 ) ;
#395 = LINE ( 'NONE', #905, #398 ) ;
#396 = VECTOR ( 'NONE', #889, 1000.000000000000000 ) ;
#397 = LINE ( 'NONE', #907, #400 ) ;
#398 = VECTOR ( 'NONE', #906, 1000.000000000000000 ) ;
#399 = LINE ( 'NONE', #917, #404 ) ;
#400 = VECTOR ( 'NONE', #908, 1000.000000000000000 ) ;
#401 = LINE ( 'NONE', #911, #408 ) ;
#402 = VECTOR ( 'NONE', #916, 1000.000000000000200 ) ;
#403 = LINE ( 'NONE', #919, #406 ) ;
#404 = VECTOR ( 'NONE', #918, 1000.000000000000000 ) ;
#405 = LINE ( 'NONE', #930, #412 ) ;
#406 = VECTOR ( 'NONE', #921, 1000.000000000000000 ) ;
#407 = LINE ( 'NONE', #934, #414 ) ;
#408 = VECTOR ( 'NONE', #922, 1000.000000000000000 ) ;
#409 = LINE ( 'NONE', #928, #410 ) ;
#410 = VECTOR ( 'NONE', #929, 1000.000000000000000 ) ;
#411 = LINE ( 'NONE', #950, #421 ) ;
#412 = VECTOR ( 'NONE', #933, 1000.000000000000000 ) ;
#413 = CIRCLE ( 'NONE', #3734, 0.1500000000000021300 ) ;
#414 = VECTOR ( 'NONE', #935, 1000.000000000000000 ) ;
#415 = CIRCLE ( 'NONE', #3735, 0.2000000000000000900 ) ;
#416 = CIRCLE ( 'NONE', #3736, 0.1500000000000062400 ) ;
#417 = LINE ( 'NONE', #939, #419 ) ;
#418 = LINE ( 'NONE', #955, #423 ) ;
#419 = VECTOR ( 'NONE', #940, 1000.000000000000000 ) ;
#420 = LINE ( 'NONE', #959, #435 ) ;
#421 = VECTOR ( 'NONE', #954, 1000.000000000000000 ) ;
#422 = LINE ( 'NONE', #957, #425 ) ;
#423 = VECTOR ( 'NONE', #956, 1000.000000000000000 ) ;
#424 = LINE ( 'NONE', #965, #429 ) ;
#425 = VECTOR ( 'NONE', #958, 1000.000000000000000 ) ;
#426 = LINE ( 'NONE', #963, #427 ) ;
#427 = VECTOR ( 'NONE', #964, 1000.000000000000000 ) ;
#428 = LINE ( 'NONE', #967, #431 ) ;
#429 = VECTOR ( 'NONE', #966, 1000.000000000000000 ) ;
#430 = LINE ( 'NONE', #969, #433 ) ;
#431 = VECTOR ( 'NONE', #968, 1000.000000000000100 ) ;
#432 = LINE ( 'NONE', #960, #437 ) ;
#433 = VECTOR ( 'NONE', #971, 1000.000000000000000 ) ;
#434 = LINE ( 'NONE', #970, #439 ) ;
#435 = VECTOR ( 'NONE', #972, 1000.000000000000000 ) ;
#436 = LINE ( 'NONE', #973, #451 ) ;
#437 = VECTOR ( 'NONE', #974, 1000.000000000000000 ) ;
#438 = LINE ( 'NONE', #976, #441 ) ;
#439 = VECTOR ( 'NONE', #975, 1000.000000000000000 ) ;
#440 = LINE ( 'NONE', #978, #443 ) ;
#441 = VECTOR ( 'NONE', #977, 1000.000000000000000 ) ;
#442 = LINE ( 'NONE', #980, #445 ) ;
#443 = VECTOR ( 'NONE', #979, 1000.000000000000000 ) ;
#444 = LINE ( 'NONE', #982, #447 ) ;
#445 = VECTOR ( 'NONE', #981, 1000.000000000000100 ) ;
#446 = LINE ( 'NONE', #984, #449 ) ;
#447 = VECTOR ( 'NONE', #983, 1000.000000000000000 ) ;
#448 = LINE ( 'NONE', #1248, #455 ) ;
#449 = VECTOR ( 'NONE', #986, 1000.000000000000000 ) ;
#450 = LINE ( 'NONE', #1260, #465 ) ;
#451 = VECTOR ( 'NONE', #987, 1000.000000000000000 ) ;
#452 = LINE ( 'NONE', #1246, #453 ) ;
#453 = VECTOR ( 'NONE', #1247, 1000.000000000000000 ) ;
#454 = LINE ( 'NONE', #1250, #457 ) ;
#455 = VECTOR ( 'NONE', #1249, 1000.000000000000000 ) ;
#456 = LINE ( 'NONE', #1252, #459 ) ;
#457 = VECTOR ( 'NONE', #1251, 1000.000000000000000 ) ;
#458 = CIRCLE ( 'NONE', #3737, 0.1499999999999999700 ) ;
#459 = VECTOR ( 'NONE', #1253, 1000.000000000000000 ) ;
#460 = CIRCLE ( 'NONE', #3738, 0.1499999999999999700 ) ;
#461 = LINE ( 'NONE', #1254, #463 ) ;
#462 = LINE ( 'NONE', #1259, #481 ) ;
#463 = VECTOR ( 'NONE', #1255, 1000.000000000000000 ) ;
#464 = LINE ( 'NONE', #1265, #467 ) ;
#465 = VECTOR ( 'NONE', #1264, 1000.000000000000000 ) ;
#466 = LINE ( 'NONE', #1267, #469 ) ;
#467 = VECTOR ( 'NONE', #1266, 1000.000000000000000 ) ;
#468 = LINE ( 'NONE', #1269, #471 ) ;
#469 = VECTOR ( 'NONE', #1268, 1000.000000000000000 ) ;
#470 = LINE ( 'NONE', #1271, #473 ) ;
#471 = VECTOR ( 'NONE', #1270, 1000.000000000000000 ) ;
#472 = LINE ( 'NONE', #1273, #475 ) ;
#473 = VECTOR ( 'NONE', #1272, 1000.000000000000000 ) ;
#474 = LINE ( 'NONE', #1275, #477 ) ;
#475 = VECTOR ( 'NONE', #1274, 1000.000000000000000 ) ;
#476 = LINE ( 'NONE', #1277, #479 ) ;
#477 = VECTOR ( 'NONE', #1276, 1000.000000000000000 ) ;
#478 = FACE_OUTER_BOUND ( 'NONE', #3129, .T. ) ;
#479 = VECTOR ( 'NONE', #1279, 1000.000000000000000 ) ;
#480 = LINE ( 'NONE', #1281, #483 ) ;
#481 = VECTOR ( 'NONE', #1280, 1000.000000000000100 ) ;
#482 = LINE ( 'NONE', #1283, #485 ) ;
#483 = VECTOR ( 'NONE', #1282, 1000.000000000000000 ) ;
#484 = LINE ( 'NONE', #1285, #487 ) ;
#485 = VECTOR ( 'NONE', #1284, 1000.000000000000000 ) ;
#486 = LINE ( 'NONE', #1287, #489 ) ;
#487 = VECTOR ( 'NONE', #1286, 1000.000000000000100 ) ;
#488 = COLOUR_RGB ( '',0.0000000000000000000, 0.0000000000000000000, 0.0000000000000000000 ) ;
#489 = VECTOR ( 'NONE', #1288, 1000.000000000000000 ) ;
#490 = SURFACE_STYLE_FILL_AREA ( #1297 ) ;
#491 = PRESENTATION_STYLE_ASSIGNMENT (( #1299 ) ) ;
#492 = PRESENTATION_STYLE_ASSIGNMENT (( #1348 ) ) ;
#493 = SURFACE_STYLE_FILL_AREA ( #1346 ) ;
#494 = COLOUR_RGB ( '',0.0000000000000000000, 0.0000000000000000000, 0.0000000000000000000 ) ;
#495 = FACE_OUTER_BOUND ( 'NONE', #1107, .T. ) ;
#496 = CARTESIAN_POINT ( 'NONE',  ( 0.9050000000000526500, 0.0000000000000000000, -1.249999999999980900 ) ) ;
#497 = CARTESIAN_POINT ( 'NONE',  ( -0.5817885872216203000, 1.099564673370528700, -1.499767960559713200 ) ) ;
#498 = DIRECTION ( 'NONE',  ( 0.7071067811865922000, -0.0000000000000000000, 0.7071067811865028300 ) ) ;
#499 = CARTESIAN_POINT ( 'NONE',  ( -0.6550000000000292300, 1.100000000000000100, -1.499999999999891000 ) ) ;
#500 = DIRECTION ( 'NONE',  ( -1.000000000000000000, -0.0000000000000000000, -2.135298935124072200E-014 ) ) ;
#501 = CARTESIAN_POINT ( 'NONE',  ( -0.5812992687872140500, 1.099608958341185700, -1.499791551792465600 ) ) ;
#502 = CARTESIAN_POINT ( 'NONE',  ( -0.5808095458450743800, 1.099649889058365700, -1.499813360327450200 ) ) ;
#503 = CARTESIAN_POINT ( 'NONE',  ( -0.5803195062624235700, 1.099687449851825600, -1.499833376054263900 ) ) ;
#504 = CARTESIAN_POINT ( 'NONE',  ( -0.5776064198733101800, 1.099895403823522500, -1.499944192400349800 ) ) ;
#505 = CARTESIAN_POINT ( 'NONE',  ( -0.5748805875220474000, 1.100000000000000100, -1.499999999999889000 ) ) ;
#506 = CARTESIAN_POINT ( 'NONE',  ( -0.5721572875254079500, 1.100000000000000100, -1.499999999999889000 ) ) ;
#507 = CARTESIAN_POINT ( 'NONE',  ( 0.5753719291222900700, 1.100000000000000100, -1.499999999999864800 ) ) ;
#508 = CARTESIAN_POINT ( 'NONE',  ( 1.350000000000011200, -0.05000000000000000300, -1.099999999999976100 ) ) ;
#509 = DIRECTION ( 'NONE',  ( 0.0000000000000000000, -1.000000000000000000, 0.0000000000000000000 ) ) ;
#510 = DIRECTION ( 'NONE',  ( 0.0000000000000000000, 0.0000000000000000000, -1.000000000000000000 ) ) ;
#511 = CARTESIAN_POINT ( 'NONE',  ( 0.5785907149473802400, 1.099854091611716800, -1.499922137767220700 ) ) ;
#512 = CARTESIAN_POINT ( 'NONE',  ( 0.5817885872190634600, 1.099564673370539500, -1.499767960559635700 ) ) ;
#513 = CARTESIAN_POINT ( 'NONE',  ( 1.499999999999970900, 0.0000000000000000000, 1.249999999999990000 ) ) ;
#514 = DIRECTION ( 'NONE',  ( 1.000000000000000000, -0.0000000000000000000, -0.0000000000000000000 ) ) ;
#515 = CARTESIAN_POINT ( 'NONE',  ( 1.349999999999983000, -0.05000000000000000300, -1.249999999999980900 ) ) ;
#516 = DIRECTION ( 'NONE',  ( -0.0000000000000000000, 1.000000000000000000, -0.0000000000000000000 ) ) ;
#517 = CARTESIAN_POINT ( 'NONE',  ( 0.5721572875253914100, 0.0000000000000000000, -1.299999999999981600 ) ) ;
#518 = DIRECTION ( 'NONE',  ( 0.0000000000000000000, -1.000000000000000000, 0.0000000000000000000 ) ) ;
#519 = DIRECTION ( 'NONE',  ( 0.0000000000000000000, 0.0000000000000000000, -1.000000000000000000 ) ) ;
#520 = CARTESIAN_POINT ( 'NONE',  ( 0.9049999999999726000, 0.3499999999999999800, -1.249999999999963600 ) ) ;
#521 = CARTESIAN_POINT ( 'NONE',  ( 0.5721572875253542200, 1.450000000000000200, 1.500000000000107200 ) ) ;
#522 = CARTESIAN_POINT ( 'NONE',  ( 0.5721572875253253500, 0.0000000000000000000, -1.299999999999991800 ) ) ;
#523 = DIRECTION ( 'NONE',  ( 0.0000000000000000000, -1.000000000000000000, 0.0000000000000000000 ) ) ;
#524 = DIRECTION ( 'NONE',  ( 0.0000000000000000000, 0.0000000000000000000, -1.000000000000000000 ) ) ;
#525 = CARTESIAN_POINT ( 'NONE',  ( 1.250000000000027100, 1.100000000000000100, 1.057509679435961100 ) ) ;
#526 = DIRECTION ( 'NONE',  ( -0.0000000000000000000, 1.000000000000000000, -0.0000000000000000000 ) ) ;
#527 = CARTESIAN_POINT ( 'NONE',  ( 1.250000000000027100, 1.100000000000000100, 1.050000000000106800 ) ) ;
#528 = DIRECTION ( 'NONE',  ( -0.0000000000000000000, -1.000000000000000000, -0.0000000000000000000 ) ) ;
#529 = CARTESIAN_POINT ( 'NONE',  ( 0.5721572875254016300, -0.05000000000000000300, -1.499999999999994000 ) ) ;
#530 = DIRECTION ( 'NONE',  ( -0.0000000000000000000, 1.000000000000000000, -0.0000000000000000000 ) ) ;
#531 = CARTESIAN_POINT ( 'NONE',  ( 0.7135786437626983100, -0.05000000000000000300, -1.441421356237311000 ) ) ;
#532 = DIRECTION ( 'NONE',  ( -0.0000000000000000000, 1.000000000000000000, -0.0000000000000000000 ) ) ;
#533 = CARTESIAN_POINT ( 'NONE',  ( 1.249581262055982500, 1.099217105898115300, -1.064839912882204600 ) ) ;
#534 = CARTESIAN_POINT ( 'NONE',  ( 1.248778674116876300, 1.097702978894479700, -1.072068953675759500 ) ) ;
#535 = CARTESIAN_POINT ( 'NONE',  ( 1.249578871960039400, 1.099212596847771900, 1.064861440875162900 ) ) ;
#536 = CARTESIAN_POINT ( 'NONE',  ( 1.248778674117982700, 1.097702978896566400, 1.072068953666008000 ) ) ;
#537 = CARTESIAN_POINT ( 'NONE',  ( 0.9049999999999730500, 1.450000000000000200, -1.249999999999892100 ) ) ;
#538 = DIRECTION ( 'NONE',  ( -1.000000000000000000, -0.0000000000000000000, 4.085399490524449300E-014 ) ) ;
#539 = CARTESIAN_POINT ( 'NONE',  ( 1.064839912882621100, 1.099217105898084400, 1.249581262056044900 ) ) ;
#540 = CARTESIAN_POINT ( 'NONE',  ( 1.072068953676331000, 1.097702978894385300, 1.248778674116906200 ) ) ;
#541 = CARTESIAN_POINT ( 'NONE',  ( 1.250000000000027100, 1.100000000000000100, -1.057486701705914900 ) ) ;
#542 = CARTESIAN_POINT ( 'NONE',  ( 1.250000000000027100, 1.100000000000000100, -1.049999999999897900 ) ) ;
#543 = DIRECTION ( 'NONE',  ( -0.0000000000000000000, 1.000000000000000000, -0.0000000000000000000 ) ) ;
#544 = CARTESIAN_POINT ( 'NONE',  ( 1.057486701706184900, 1.100000000000000100, 1.250000000000107500 ) ) ;
#545 = CARTESIAN_POINT ( 'NONE',  ( 1.050000000000027100, 1.100000000000000100, 1.250000000000107200 ) ) ;
#546 = CARTESIAN_POINT ( 'NONE',  ( 1.250000000000027100, 1.100000000000000100, 1.250000000000107200 ) ) ;
#547 = DIRECTION ( 'NONE',  ( 1.000000000000000000, -0.0000000000000000000, -0.0000000000000000000 ) ) ;
#548 = CARTESIAN_POINT ( 'NONE',  ( -1.349999999999993000, -0.05000000000000000300, 1.249999999999978000 ) ) ;
#549 = CARTESIAN_POINT ( 'NONE',  ( -1.349999999999993000, -0.05000000000000000300, -1.249999999999990000 ) ) ;
#550 = DIRECTION ( 'NONE',  ( -0.0000000000000000000, 1.000000000000000000, -0.0000000000000000000 ) ) ;
#551 = CARTESIAN_POINT ( 'NONE',  ( 1.349999999999971000, 0.3499999999999999800, -1.249999999999963600 ) ) ;
#552 = CARTESIAN_POINT ( 'NONE',  ( 0.4999999999999965600, 0.0000000000000000000, -1.499999999999984000 ) ) ;
#553 = CARTESIAN_POINT ( 'NONE',  ( -1.350000000000020700, 0.0000000000000000000, -1.099999999999987900 ) ) ;
#554 = DIRECTION ( 'NONE',  ( 0.0000000000000000000, -1.000000000000000000, 0.0000000000000000000 ) ) ;
#555 = DIRECTION ( 'NONE',  ( 0.0000000000000000000, 0.0000000000000000000, -1.000000000000000000 ) ) ;
#556 = CARTESIAN_POINT ( 'NONE',  ( 0.9049999999999726000, 0.0000000000000000000, -1.249999999999963600 ) ) ;
#557 = DIRECTION ( 'NONE',  ( 1.228762462150238000E-015, -0.0000000000000000000, -1.000000000000000000 ) ) ;
#558 = CARTESIAN_POINT ( 'NONE',  ( 1.499999999999970900, 0.3499999999999999800, 1.099999999999990100 ) ) ;
#559 = DIRECTION ( 'NONE',  ( 0.0000000000000000000, -1.000000000000000000, 0.0000000000000000000 ) ) ;
#560 = CARTESIAN_POINT ( 'NONE',  ( 1.499999999999970900, 0.0000000000000000000, -1.249999999999963600 ) ) ;
#561 = DIRECTION ( 'NONE',  ( -1.000000000000000000, -0.0000000000000000000, -0.0000000000000000000 ) ) ;
#562 = CARTESIAN_POINT ( 'NONE',  ( 1.050000000000027100, 1.450000000000000200, 1.250000000000107200 ) ) ;
#563 = DIRECTION ( 'NONE',  ( -0.0000000000000000000, 1.000000000000000000, -0.0000000000000000000 ) ) ;
#564 = CARTESIAN_POINT ( 'NONE',  ( 0.7135786437626906500, 1.450000000000000200, -1.441421356237174300 ) ) ;
#565 = CARTESIAN_POINT ( 'NONE',  ( -0.5721572875254104000, 1.450000000000000200, 1.500000000000107200 ) ) ;
#566 = DIRECTION ( 'NONE',  ( -0.0000000000000000000, 1.000000000000000000, -0.0000000000000000000 ) ) ;
#567 = DIRECTION ( 'NONE',  ( 0.0000000000000000000, -1.000000000000000000, 0.0000000000000000000 ) ) ;
#568 = CARTESIAN_POINT ( 'NONE',  ( -1.057509679435918900, 1.100000000000000100, 1.250000000000093000 ) ) ;
#569 = DIRECTION ( 'NONE',  ( -0.0000000000000000000, -0.0000000000000000000, -1.000000000000000000 ) ) ;
#570 = CARTESIAN_POINT ( 'NONE',  ( 0.9049999999999730500, 1.450000000000000200, 1.250000000000107200 ) ) ;
#571 = DIRECTION ( 'NONE',  ( 0.7071067811865472400, -0.0000000000000000000, -0.7071067811865479100 ) ) ;
#572 = CARTESIAN_POINT ( 'NONE',  ( 0.9049999999999730500, 0.3499999999999999800, -1.249999999999892100 ) ) ;
#573 = CARTESIAN_POINT ( 'NONE',  ( -1.050000000000071800, 1.100000000000000100, 1.250000000000093900 ) ) ;
#574 = DIRECTION ( 'NONE',  ( -1.000000000000000000, -0.0000000000000000000, 4.085399490524449300E-014 ) ) ;
#575 = DIRECTION ( 'NONE',  ( 0.0000000000000000000, -1.000000000000000000, 0.0000000000000000000 ) ) ;
#576 = CARTESIAN_POINT ( 'NONE',  ( 0.6549999999999449600, 0.0000000000000000000, -1.499999999999991100 ) ) ;
#577 = DIRECTION ( 'NONE',  ( -0.7071067811865477900, -0.0000000000000000000, -0.7071067811865473500 ) ) ;
#578 = CARTESIAN_POINT ( 'NONE',  ( -0.9050000000000293400, 0.3499999999999999800, 1.250000000000107200 ) ) ;
#579 = CARTESIAN_POINT ( 'NONE',  ( -0.8773857625084682300, 0.4749999999999999800, 1.183333333333493900 ) ) ;
#580 = CARTESIAN_POINT ( 'NONE',  ( 1.349999999999971000, 0.0000000000000000000, 1.099999999999990100 ) ) ;
#581 = DIRECTION ( 'NONE',  ( 0.0000000000000000000, -1.000000000000000000, 0.0000000000000000000 ) ) ;
#582 = DIRECTION ( 'NONE',  ( 0.0000000000000000000, 0.0000000000000000000, -1.000000000000000000 ) ) ;
#583 = CARTESIAN_POINT ( 'NONE',  ( -0.8497715250169070000, 0.7249999999999999800, 1.116666666666880300 ) ) ;
#584 = CARTESIAN_POINT ( 'NONE',  ( -0.8773857625084681100, 0.9750000000000000900, 1.183333333333493900 ) ) ;
#585 = CARTESIAN_POINT ( 'NONE',  ( -0.9050000000000292300, 1.100000000000000100, 1.250000000000107200 ) ) ;
#586 = CARTESIAN_POINT ( 'NONE',  ( 1.072068953665955600, 1.097702978896561100, -1.248778674117850200 ) ) ;
#587 = CARTESIAN_POINT ( 'NONE',  ( 1.038186414396800500, 1.044265802327999100, -1.220453419161845500 ) ) ;
#588 = CARTESIAN_POINT ( 'NONE',  ( -1.064861440875006300, 1.099212596847671100, 1.249578871960021400 ) ) ;
#589 = CARTESIAN_POINT ( 'NONE',  ( -1.072068953665950200, 1.097702978896569800, 1.248778674118049800 ) ) ;
#590 = CARTESIAN_POINT ( 'NONE',  ( 1.250000000000027100, 1.100000000000000100, -1.249999999999906100 ) ) ;
#591 = DIRECTION ( 'NONE',  ( -0.0000000000000000000, -0.0000000000000000000, -1.000000000000000000 ) ) ;
#592 = CARTESIAN_POINT ( 'NONE',  ( 0.8773857625084530200, 0.4749999999999999800, -1.183333333333173500 ) ) ;
#593 = CARTESIAN_POINT ( 'NONE',  ( 0.9049999999999730500, 0.3499999999999999800, -1.249999999999892100 ) ) ;
#594 = CARTESIAN_POINT ( 'NONE',  ( 1.008253392546037100, 0.9873931084469302900, -1.196140561231242800 ) ) ;
#595 = CARTESIAN_POINT ( 'NONE',  ( 0.9634878053559913200, 0.8614569479718202600, -1.160421702770301700 ) ) ;
#596 = CARTESIAN_POINT ( 'NONE',  ( 0.9498805680143694900, 0.7939375410299691600, -1.149907016564345900 ) ) ;
#597 = CARTESIAN_POINT ( 'NONE',  ( 0.9502412951937782000, 0.5842990839794631700, -1.150187859691520000 ) ) ;
#598 = CARTESIAN_POINT ( 'NONE',  ( 1.006221401906769000, 0.4555778003090102400, -1.193691839835039600 ) ) ;
#599 = CARTESIAN_POINT ( 'NONE',  ( 1.073529411764755600, 0.3499999999999999800, -1.249999999999899000 ) ) ;
#600 = CARTESIAN_POINT ( 'NONE',  ( 1.057509679435885400, 1.100000000000000100, -1.249999999999898100 ) ) ;
#601 = CARTESIAN_POINT ( 'NONE',  ( 1.050000000000018700, 1.100000000000000100, -1.249999999999897900 ) ) ;
#602 = CARTESIAN_POINT ( 'NONE',  ( 0.8497715250169332000, 0.7249999999999999800, -1.116666666666454900 ) ) ;
#603 = CARTESIAN_POINT ( 'NONE',  ( 0.8773857625084531300, 0.9750000000000000900, -1.183333333333173500 ) ) ;
#604 = CARTESIAN_POINT ( 'NONE',  ( 0.9049999999999730500, 1.100000000000000100, -1.249999999999892100 ) ) ;
#605 = CARTESIAN_POINT ( 'NONE',  ( 0.7113055488902393400, 0.3499999999999999800, -1.443694451109696700 ) ) ;
#606 = CARTESIAN_POINT ( 'NONE',  ( 0.7135786437626348000, 0.3499999999999999800, -1.441421356237301500 ) ) ;
#607 = CARTESIAN_POINT ( 'NONE',  ( 1.064861440874992300, 1.099212596847667800, -1.249578871959824600 ) ) ;
#608 = CARTESIAN_POINT ( 'NONE',  ( 1.072068953665955600, 1.097702978896561100, -1.248778674117850200 ) ) ;
#609 = CARTESIAN_POINT ( 'NONE',  ( -1.243838394905312700, 1.088382866050566100, 1.116566856318794700 ) ) ;
#610 = CARTESIAN_POINT ( 'NONE',  ( -1.248778674116900500, 1.097702978894477000, 1.072068953675974400 ) ) ;
#611 = CARTESIAN_POINT ( 'NONE',  ( 0.7089744666930123400, 0.3501459083886858700, -1.445915419480928700 ) ) ;
#612 = CARTESIAN_POINT ( 'NONE',  ( 0.7066042097753526500, 0.3504353266294187900, -1.448067636901167100 ) ) ;
#613 = CARTESIAN_POINT ( 'NONE',  ( 0.6549999999999732700, 1.450000000000000200, 1.500000000000107200 ) ) ;
#614 = CARTESIAN_POINT ( 'NONE',  ( 1.248778674117982700, 1.097702978896566400, 1.072068953666008000 ) ) ;
#615 = CARTESIAN_POINT ( 'NONE',  ( -1.223696076598900500, 1.083035447833281300, 1.159131172276069300 ) ) ;
#616 = CARTESIAN_POINT ( 'NONE',  ( -1.159214405494989300, 1.083028129095556100, 1.223643754337958400 ) ) ;
#617 = CARTESIAN_POINT ( 'NONE',  ( -1.116572454991705800, 1.088381693402992000, 1.243837773324308000 ) ) ;
#618 = CARTESIAN_POINT ( 'NONE',  ( -1.072068953665950200, 1.097702978896569800, 1.248778674118049800 ) ) ;
#619 = DIRECTION ( 'NONE',  ( 1.000000000000000000, -0.0000000000000000000, -0.0000000000000000000 ) ) ;
#620 = CARTESIAN_POINT ( 'NONE',  ( -1.072068953665950200, 1.097702978896569800, 1.248778674118049800 ) ) ;
#621 = CARTESIAN_POINT ( 'NONE',  ( -1.038124717559819200, 1.044168498382018300, 1.220401841604007200 ) ) ;
#622 = CARTESIAN_POINT ( 'NONE',  ( 0.5721572875253035900, 0.0000000000000000000, 1.299999999999991800 ) ) ;
#623 = DIRECTION ( 'NONE',  ( 0.0000000000000000000, -1.000000000000000000, 0.0000000000000000000 ) ) ;
#624 = DIRECTION ( 'NONE',  ( 0.0000000000000000000, 0.0000000000000000000, -1.000000000000000000 ) ) ;
#625 = CARTESIAN_POINT ( 'NONE',  ( 1.220453419162001800, 1.044265802327993600, 1.038186414396865800 ) ) ;
#626 = CARTESIAN_POINT ( 'NONE',  ( -1.007954079855898100, 0.9867167181362400700, 1.195899524451801600 ) ) ;
#627 = CARTESIAN_POINT ( 'NONE',  ( -0.9633946141322734500, 0.8610276686234997800, 1.160349576774777300 ) ) ;
#628 = CARTESIAN_POINT ( 'NONE',  ( -0.9497359959875246700, 0.7927444679154609400, 1.149794459929954100 ) ) ;
#629 = CARTESIAN_POINT ( 'NONE',  ( -0.9502720657470635800, 0.6530540436637689600, 1.150211816516611100 ) ) ;
#630 = CARTESIAN_POINT ( 'NONE',  ( -0.9642445821096166100, 0.5856051389911602900, 1.161014487396066200 ) ) ;
#631 = CARTESIAN_POINT ( 'NONE',  ( -1.009467133551356100, 0.4600375575826555200, 1.197120562856365000 ) ) ;
#632 = CARTESIAN_POINT ( 'NONE',  ( -1.039487154110279300, 0.4033979139528287000, 1.221521112558609200 ) ) ;
#633 = CARTESIAN_POINT ( 'NONE',  ( -1.073529411764744900, 0.3499999999999999800, 1.250000000000091500 ) ) ;
#634 = CARTESIAN_POINT ( 'NONE',  ( -1.250000000000058000, 0.3500000000000000900, -1.120481054918977200 ) ) ;
#635 = CARTESIAN_POINT ( 'NONE',  ( -1.250000000000053100, 0.3499999999999999800, -1.073529411764609300 ) ) ;
#636 = CARTESIAN_POINT ( 'NONE',  ( 1.196140561231421300, 0.9873931084469129700, 1.008253392546124600 ) ) ;
#637 = CARTESIAN_POINT ( 'NONE',  ( 1.160421702770519700, 0.8614569479717972800, 0.9634878053561151100 ) ) ;
#638 = CARTESIAN_POINT ( 'NONE',  ( 1.149907016564581700, 0.7939375410299635000, 0.9498805680145094900 ) ) ;
#639 = CARTESIAN_POINT ( 'NONE',  ( 1.150187859691751200, 0.5842990839795101400, 0.9502412951939140900 ) ) ;
#640 = CARTESIAN_POINT ( 'NONE',  ( 1.193691838032664200, 0.4555778036888157900, 1.006221408716264200 ) ) ;
#641 = CARTESIAN_POINT ( 'NONE',  ( 1.250000000000027100, 0.3499999999999999800, 1.073529411764803300 ) ) ;
#642 = CARTESIAN_POINT ( 'NONE',  ( 0.7089744666978276000, 0.3501459083686596100, 1.445915419491427000 ) ) ;
#643 = CARTESIAN_POINT ( 'NONE',  ( 0.7066042097788058900, 0.3504353266111880400, 1.448067636911665600 ) ) ;
#644 = CARTESIAN_POINT ( 'NONE',  ( -1.233447435810547400, 0.3500000000000000900, -1.167428787808922900 ) ) ;
#645 = CARTESIAN_POINT ( 'NONE',  ( -1.167720441328113300, 0.3499999999999998700, -1.233287389463364000 ) ) ;
#646 = CARTESIAN_POINT ( 'NONE',  ( -1.120527677342418400, 0.3499999999999999800, -1.249999999999895000 ) ) ;
#647 = CARTESIAN_POINT ( 'NONE',  ( -1.073529411764800900, 0.3499999999999999800, -1.249999999999996400 ) ) ;
#648 = CARTESIAN_POINT ( 'NONE',  ( 0.4999999999999965600, -0.05000000000000000300, -1.499999999999984000 ) ) ;
#649 = DIRECTION ( 'NONE',  ( 1.228762462150238000E-015, -0.0000000000000000000, -1.000000000000000000 ) ) ;
#650 = CARTESIAN_POINT ( 'NONE',  ( -1.250000000000053100, 1.100000000000000100, -1.057509679435752100 ) ) ;
#651 = CARTESIAN_POINT ( 'NONE',  ( -1.250000000000053100, 1.100000000000000100, -1.049999999999891900 ) ) ;
#652 = CARTESIAN_POINT ( 'NONE',  ( 0.7113055488892871000, 0.3500000000000012000, 1.443694451110792300 ) ) ;
#653 = CARTESIAN_POINT ( 'NONE',  ( 0.7135786437626057100, 0.3499999999999999800, 1.441421356237308800 ) ) ;
#654 = CARTESIAN_POINT ( 'NONE',  ( 1.499999999999970900, 0.3499999999999999800, -1.099999999999963700 ) ) ;
#655 = DIRECTION ( 'NONE',  ( -0.0000000000000000000, 1.000000000000000000, -0.0000000000000000000 ) ) ;
#656 = CARTESIAN_POINT ( 'NONE',  ( -0.6550000000000292300, 1.450000000000000200, 1.500000000000107200 ) ) ;
#657 = DIRECTION ( 'NONE',  ( 0.7071067811865474600, -0.0000000000000000000, 0.7071067811865474600 ) ) ;
#658 = CARTESIAN_POINT ( 'NONE',  ( -1.249578871960064900, 1.099212596847770600, -1.064861440874959500 ) ) ;
#659 = CARTESIAN_POINT ( 'NONE',  ( -1.248778674118007100, 1.097702978896564400, -1.072068953665809500 ) ) ;
#660 = CARTESIAN_POINT ( 'NONE',  ( 1.250000000000027100, 1.450000000000000200, 1.250000000000107200 ) ) ;
#661 = DIRECTION ( 'NONE',  ( 1.000000000000000000, -0.0000000000000000000, -0.0000000000000000000 ) ) ;
#662 = CARTESIAN_POINT ( 'NONE',  ( -0.5000000000000027800, -0.05000000000000000300, 1.500000000000008000 ) ) ;
#663 = DIRECTION ( 'NONE',  ( -0.0000000000000000000, 1.000000000000000000, -0.0000000000000000000 ) ) ;
#664 = CARTESIAN_POINT ( 'NONE',  ( 0.5721572875254016300, -0.05000000000000000300, 1.500000000000017100 ) ) ;
#665 = CARTESIAN_POINT ( 'NONE',  ( -0.5721572875254007400, 0.0000000000000000000, -1.299999999999990700 ) ) ;
#666 = DIRECTION ( 'NONE',  ( 0.0000000000000000000, -1.000000000000000000, 0.0000000000000000000 ) ) ;
#667 = DIRECTION ( 'NONE',  ( 0.0000000000000000000, 0.0000000000000000000, -1.000000000000000000 ) ) ;
#668 = CARTESIAN_POINT ( 'NONE',  ( -0.7066042097762373900, 1.099564673370570200, -1.448067636900328900 ) ) ;
#669 = CARTESIAN_POINT ( 'NONE',  ( -0.6848893325637877000, 0.9853635968162723900, -1.383746660692043900 ) ) ;
#670 = CARTESIAN_POINT ( 'NONE',  ( 1.050000000000027100, 1.450000000000000200, 1.050000000000106800 ) ) ;
#671 = DIRECTION ( 'NONE',  ( -0.0000000000000000000, 1.000000000000000000, -0.0000000000000000000 ) ) ;
#672 = DIRECTION ( 'NONE',  ( 0.0000000000000000000, 0.0000000000000000000, -1.000000000000000000 ) ) ;
#673 = DIRECTION ( 'NONE',  ( -0.0000000000000000000, 1.000000000000000000, -0.0000000000000000000 ) ) ;
#674 = CARTESIAN_POINT ( 'NONE',  ( -0.6721261964323549400, 0.8577239607460893600, -1.341319569695071500 ) ) ;
#675 = CARTESIAN_POINT ( 'NONE',  ( -0.6721884947853497000, 0.5912823788154519800, -1.341523523088468800 ) ) ;
#676 = CARTESIAN_POINT ( 'NONE',  ( -0.6849064788480671000, 0.4645462288653488000, -1.383797449178544700 ) ) ;
#677 = CARTESIAN_POINT ( 'NONE',  ( -0.7066042097788947100, 0.3504353266109352900, -1.448067636911605400 ) ) ;
#678 = CARTESIAN_POINT ( 'NONE',  ( 0.9049999999999445200, 0.3499999999999999800, 1.249999999999990000 ) ) ;
#679 = DIRECTION ( 'NONE',  ( -0.0000000000000000000, -1.000000000000000000, -0.0000000000000000000 ) ) ;
#680 = CARTESIAN_POINT ( 'NONE',  ( 0.6280339892876740700, 1.095379308301206400, 1.497538357146359000 ) ) ;
#681 = CARTESIAN_POINT ( 'NONE',  ( -0.5817885872216203000, 1.099564673370528700, -1.499767960559713200 ) ) ;
#682 = CARTESIAN_POINT ( 'NONE',  ( -0.5721572875254122800, 1.450000000000000200, -1.299999999999889200 ) ) ;
#683 = DIRECTION ( 'NONE',  ( -0.0000000000000000000, 1.000000000000000000, -0.0000000000000000000 ) ) ;
#684 = DIRECTION ( 'NONE',  ( 0.0000000000000000000, 0.0000000000000000000, -1.000000000000000000 ) ) ;
#685 = CARTESIAN_POINT ( 'NONE',  ( 0.5817885872215421400, 1.099564673370530700, 1.499767960559932600 ) ) ;
#686 = CARTESIAN_POINT ( 'NONE',  ( -0.6280339892877371300, 1.095379308301202200, -1.497538357146135100 ) ) ;
#687 = CARTESIAN_POINT ( 'NONE',  ( -0.5721572875254112800, -0.05000000000000000300, -1.500000000000003100 ) ) ;
#688 = CARTESIAN_POINT ( 'NONE',  ( 0.6723272073387307500, 1.095379308625311600, 1.479191504196008000 ) ) ;
#689 = CARTESIAN_POINT ( 'NONE',  ( 0.7066042097761969800, 1.099564673370571500, 1.448067636900531200 ) ) ;
#690 = DIRECTION ( 'NONE',  ( -0.0000000000000000000, 1.000000000000000000, -0.0000000000000000000 ) ) ;
#691 = CARTESIAN_POINT ( 'NONE',  ( -1.349999999999993000, -0.05000000000000000300, -1.249999999999990000 ) ) ;
#692 = DIRECTION ( 'NONE',  ( 1.000000000000000000, 0.0000000000000000000, 0.0000000000000000000 ) ) ;
#693 = CARTESIAN_POINT ( 'NONE',  ( -0.5817885872200061500, 0.3504353266293085400, -1.499767960559742000 ) ) ;
#694 = CARTESIAN_POINT ( 'NONE',  ( 0.5721572875253035900, 0.3499999999999999800, 1.499999999999992000 ) ) ;
#695 = CARTESIAN_POINT ( 'NONE',  ( -0.6280388409945629700, 0.3546211307948126100, -1.497538123233454400 ) ) ;
#696 = CARTESIAN_POINT ( 'NONE',  ( -0.6723272073387789300, 1.095379308625307600, -1.479191504195791700 ) ) ;
#697 = CARTESIAN_POINT ( 'NONE',  ( -0.7066042097762373900, 1.099564673370570200, -1.448067636900328900 ) ) ;
#698 = CARTESIAN_POINT ( 'NONE',  ( 0.5753719291224359500, 0.3499999999999999800, 1.499999999999992000 ) ) ;
#699 = CARTESIAN_POINT ( 'NONE',  ( -0.6723245922685270300, 0.3546210106854204600, -1.479193878706149200 ) ) ;
#700 = CARTESIAN_POINT ( 'NONE',  ( -0.7066042097788947100, 0.3504353266109352900, -1.448067636911605400 ) ) ;
#701 = DIRECTION ( 'NONE',  ( -0.7071067811865482400, -0.0000000000000000000, -0.7071067811865469100 ) ) ;
#702 = CARTESIAN_POINT ( 'NONE',  ( 0.5785907149477130800, 0.3501459083890062800, 1.499922137766923400 ) ) ;
#703 = CARTESIAN_POINT ( 'NONE',  ( 0.5817885872198155200, 0.3504353266297344800, 1.499767960559733600 ) ) ;
#704 = CARTESIAN_POINT ( 'NONE',  ( 1.349999999999971000, 0.3499999999999999800, 1.249999999999990000 ) ) ;
#705 = DIRECTION ( 'NONE',  ( -0.0000000000000000000, 1.000000000000000000, -0.0000000000000000000 ) ) ;
#706 = CARTESIAN_POINT ( 'NONE',  ( -0.9050000000000640900, -0.05000000000000000300, 1.250000000000007100 ) ) ;
#707 = CARTESIAN_POINT ( 'NONE',  ( 0.6550000000000016900, 1.100000000000000100, -1.499999999999863000 ) ) ;
#708 = DIRECTION ( 'NONE',  ( -0.0000000000000000000, 1.000000000000000000, -0.0000000000000000000 ) ) ;
#709 = CARTESIAN_POINT ( 'NONE',  ( -1.250000000000053100, 1.450000000000000200, 1.050000000000093500 ) ) ;
#710 = DIRECTION ( 'NONE',  ( -0.0000000000000000000, 1.000000000000000000, -0.0000000000000000000 ) ) ;
#711 = CARTESIAN_POINT ( 'NONE',  ( 1.350000000000011200, 0.0000000000000000000, -1.099999999999976100 ) ) ;
#712 = DIRECTION ( 'NONE',  ( 0.0000000000000000000, -1.000000000000000000, 0.0000000000000000000 ) ) ;
#713 = DIRECTION ( 'NONE',  ( 0.0000000000000000000, 0.0000000000000000000, -1.000000000000000000 ) ) ;
#714 = CARTESIAN_POINT ( 'NONE',  ( -1.250000000000053100, 0.3499999999999999800, 1.250000000000075100 ) ) ;
#715 = CARTESIAN_POINT ( 'NONE',  ( -1.050000000000053100, 1.450000000000000200, -1.249999999999892100 ) ) ;
#716 = CARTESIAN_POINT ( 'NONE',  ( -0.5721572875254007400, -0.05000000000000000300, -1.299999999999990700 ) ) ;
#717 = DIRECTION ( 'NONE',  ( 0.0000000000000000000, -1.000000000000000000, 0.0000000000000000000 ) ) ;
#718 = DIRECTION ( 'NONE',  ( 0.0000000000000000000, 0.0000000000000000000, -1.000000000000000000 ) ) ;
#719 = CARTESIAN_POINT ( 'NONE',  ( -1.039491411698717500, 0.4033912355979127300, -1.221524674347649800 ) ) ;
#720 = DIRECTION ( 'NONE',  ( -0.0000000000000000000, 1.000000000000000000, -0.0000000000000000000 ) ) ;
#721 = CARTESIAN_POINT ( 'NONE',  ( -1.073529411764800900, 0.3499999999999999800, -1.249999999999996400 ) ) ;
#722 = DIRECTION ( 'NONE',  ( -0.0000000000000000000, -0.0000000000000000000, 1.000000000000000000 ) ) ;
#723 = CARTESIAN_POINT ( 'NONE',  ( 0.5817885872190634600, 1.099564673370539500, -1.499767960559635700 ) ) ;
#724 = CARTESIAN_POINT ( 'NONE',  ( 0.5516615256985559800, 0.9853635968144318600, -1.438931425179984500 ) ) ;
#725 = CARTESIAN_POINT ( 'NONE',  ( -1.009150720239486700, 0.4607419826769067500, -1.196865520820789000 ) ) ;
#726 = CARTESIAN_POINT ( 'NONE',  ( -0.9641354026357521500, 0.5860840915643488200, -1.160929755414161300 ) ) ;
#727 = CARTESIAN_POINT ( 'NONE',  ( -0.9501210081410941300, 0.6541789618099567200, -1.150094210546201800 ) ) ;
#728 = CARTESIAN_POINT ( 'NONE',  ( -0.9498806114882985000, 0.7939378380140675900, -1.149907050410903900 ) ) ;
#729 = CARTESIAN_POINT ( 'NONE',  ( -0.9634878659945086400, 0.8614571653675805500, -1.160421750526745300 ) ) ;
#730 = CARTESIAN_POINT ( 'NONE',  ( -1.008253442274497300, 0.9873932015394312200, -1.196140601537586800 ) ) ;
#731 = CARTESIAN_POINT ( 'NONE',  ( -1.038186442242962500, 1.044265846245282700, -1.220453442440746900 ) ) ;
#732 = CARTESIAN_POINT ( 'NONE',  ( -1.072068953676412100, 1.097702978894379300, -1.248778674116686900 ) ) ;
#733 = CARTESIAN_POINT ( 'NONE',  ( 1.116566856318645100, 1.088382866050546300, 1.243838394905431200 ) ) ;
#734 = CARTESIAN_POINT ( 'NONE',  ( -1.250000000000053100, 1.450000000000000200, 1.250000000000075100 ) ) ;
#735 = CARTESIAN_POINT ( 'NONE',  ( 0.5306859420567259200, 0.8577239607462519000, -1.399906041323000900 ) ) ;
#736 = CARTESIAN_POINT ( 'NONE',  ( 0.5307861072963429000, 0.5912823788158001500, -1.400094309738282100 ) ) ;
#737 = CARTESIAN_POINT ( 'NONE',  ( 0.5516853143281061900, 0.4645462288657843900, -1.438979462317608400 ) ) ;
#738 = CARTESIAN_POINT ( 'NONE',  ( 0.5817885872247029500, 0.3504353266114148000, -1.499767960569249100 ) ) ;
#739 = CARTESIAN_POINT ( 'NONE',  ( -0.9050000000000292300, 1.450000000000000200, 1.250000000000107200 ) ) ;
#740 = DIRECTION ( 'NONE',  ( -0.0000000000000000000, -1.000000000000000000, -0.0000000000000000000 ) ) ;
#741 = CARTESIAN_POINT ( 'NONE',  ( -0.9050000000000640900, -0.05000000000000000300, 1.250000000000007100 ) ) ;
#742 = DIRECTION ( 'NONE',  ( -1.000000000000000000, 0.0000000000000000000, -6.529577128677789400E-014 ) ) ;
#743 = CARTESIAN_POINT ( 'NONE',  ( 0.9049999999999445200, 0.0000000000000000000, 1.249999999999990000 ) ) ;
#744 = CARTESIAN_POINT ( 'NONE',  ( 1.072068953676331000, 1.097702978894385300, 1.248778674116906200 ) ) ;
#745 = DIRECTION ( 'NONE',  ( 0.7071067811865844300, -0.0000000000000000000, -0.7071067811865106000 ) ) ;
#746 = DIRECTION ( 'NONE',  ( -0.0000000000000000000, -0.0000000000000000000, 1.000000000000000000 ) ) ;
#747 = CARTESIAN_POINT ( 'NONE',  ( 1.349999999999983000, -0.05000000000000000300, -1.249999999999980900 ) ) ;
#748 = DIRECTION ( 'NONE',  ( 1.000000000000000000, -0.0000000000000000000, -0.0000000000000000000 ) ) ;
#749 = CARTESIAN_POINT ( 'NONE',  ( 0.9049999999999730500, 1.100000000000000100, 1.250000000000107200 ) ) ;
#750 = DIRECTION ( 'NONE',  ( 0.7071067811865472400, -0.0000000000000000000, -0.7071067811865479100 ) ) ;
#751 = CARTESIAN_POINT ( 'NONE',  ( 1.159131172275720300, 1.083035447846949100, 1.223696076599096500 ) ) ;
#752 = CARTESIAN_POINT ( 'NONE',  ( 1.223643754337560900, 1.083028129109150600, 1.159214405495514200 ) ) ;
#753 = CARTESIAN_POINT ( 'NONE',  ( 1.243837773324248300, 1.088381693403009500, 1.116572454991692200 ) ) ;
#754 = CARTESIAN_POINT ( 'NONE',  ( 1.248778674117982700, 1.097702978896566400, 1.072068953666008000 ) ) ;
#755 = CARTESIAN_POINT ( 'NONE',  ( -0.7066042097742488700, 1.099564673370530700, 1.448067636902586700 ) ) ;
#756 = CARTESIAN_POINT ( 'NONE',  ( -0.7069668916780145200, 1.099608958341184100, 1.447738318040129300 ) ) ;
#757 = CARTESIAN_POINT ( 'NONE',  ( 0.5721572875253812000, 1.450000000000000200, -1.299999999999864600 ) ) ;
#758 = DIRECTION ( 'NONE',  ( -0.0000000000000000000, 1.000000000000000000, -0.0000000000000000000 ) ) ;
#759 = DIRECTION ( 'NONE',  ( 2.710505431213759900E-015, 0.0000000000000000000, -1.000000000000000000 ) ) ;
#760 = CARTESIAN_POINT ( 'NONE',  ( -1.250000000000053100, 1.100000000000000100, 1.250000000000075100 ) ) ;
#761 = DIRECTION ( 'NONE',  ( -0.0000000000000000000, -0.0000000000000000000, 1.000000000000000000 ) ) ;
#762 = CARTESIAN_POINT ( 'NONE',  ( 0.9050000000000544300, 0.0000000000000000000, 1.250000000000015100 ) ) ;
#763 = DIRECTION ( 'NONE',  ( -1.000000000000000000, -0.0000000000000000000, 6.334664378568009900E-014 ) ) ;
#764 = CARTESIAN_POINT ( 'NONE',  ( -0.7066042097753406600, 0.3504353266296789100, 1.448067636901254400 ) ) ;
#765 = CARTESIAN_POINT ( 'NONE',  ( -0.7073285990542621500, 1.099649889058363500, 1.447407452589832400 ) ) ;
#766 = CARTESIAN_POINT ( 'NONE',  ( -0.7076892626223472100, 1.099687449851822100, 1.447075095534067000 ) ) ;
#767 = CARTESIAN_POINT ( 'NONE',  ( -0.7096860633958320700, 1.099895403823522000, 1.445235012740151600 ) ) ;
#768 = CARTESIAN_POINT ( 'NONE',  ( -0.7116529798678773400, 1.100000000000000100, 1.443347020132259100 ) ) ;
#769 = CARTESIAN_POINT ( 'NONE',  ( -0.7135786437627198400, 1.100000000000000100, 1.441421356237416500 ) ) ;
#770 = CARTESIAN_POINT ( 'NONE',  ( 0.7066042097761969800, 1.099564673370571500, 1.448067636900531200 ) ) ;
#771 = CARTESIAN_POINT ( 'NONE',  ( 0.6848893325637746000, 0.9853635968162728400, 1.383746660692348100 ) ) ;
#772 = CARTESIAN_POINT ( 'NONE',  ( 1.349999999999984800, -0.05000000000000000300, 1.099999999999980800 ) ) ;
#773 = DIRECTION ( 'NONE',  ( 0.0000000000000000000, -1.000000000000000000, 0.0000000000000000000 ) ) ;
#774 = DIRECTION ( 'NONE',  ( 0.0000000000000000000, 0.0000000000000000000, -1.000000000000000000 ) ) ;
#775 = CARTESIAN_POINT ( 'NONE',  ( -0.6849064788460398300, 0.4645462288823627400, 1.383797449172367200 ) ) ;
#776 = CARTESIAN_POINT ( 'NONE',  ( 0.6721261964323584900, 0.8577239607461417700, 1.341319569695465800 ) ) ;
#777 = CARTESIAN_POINT ( 'NONE',  ( 0.6721884947853401500, 0.5912823788156097400, 1.341523523088821200 ) ) ;
#778 = CARTESIAN_POINT ( 'NONE',  ( 0.6849064788480240300, 0.4645462288656074800, 1.383797449178738600 ) ) ;
#779 = CARTESIAN_POINT ( 'NONE',  ( 0.7066042097788058900, 0.3504353266111880400, 1.448067636911665600 ) ) ;
#780 = CARTESIAN_POINT ( 'NONE',  ( -1.120481054919077800, 0.3499999999999999200, 1.249999999999983600 ) ) ;
#781 = CARTESIAN_POINT ( 'NONE',  ( -1.073529411764744900, 0.3499999999999999800, 1.250000000000091500 ) ) ;
#782 = CARTESIAN_POINT ( 'NONE',  ( -0.6721884947846372700, 0.5912823788297026900, 1.341523523086545400 ) ) ;
#783 = CARTESIAN_POINT ( 'NONE',  ( -0.6721261964330523800, 0.8577239607541791200, 1.341319569697728500 ) ) ;
#784 = CARTESIAN_POINT ( 'NONE',  ( -0.6848893325641853800, 0.9853635968179166300, 1.383746660693487800 ) ) ;
#785 = CARTESIAN_POINT ( 'NONE',  ( -0.7066042097742488700, 1.099564673370530700, 1.448067636902586700 ) ) ;
#786 = CARTESIAN_POINT ( 'NONE',  ( 0.5785907149515803200, 0.3501459083692623500, -1.499922137777207000 ) ) ;
#787 = CARTESIAN_POINT ( 'NONE',  ( -1.167428787808995500, 0.3499999999999998700, 1.233447435810630000 ) ) ;
#788 = CARTESIAN_POINT ( 'NONE',  ( -1.233287389463530600, 0.3499999999999998700, 1.167720441328146800 ) ) ;
#789 = CARTESIAN_POINT ( 'NONE',  ( -1.250000000000055500, 0.3499999999999999800, 1.120527677342477700 ) ) ;
#790 = CARTESIAN_POINT ( 'NONE',  ( -1.250000000000053100, 0.3499999999999999800, 1.073529411764808400 ) ) ;
#791 = CARTESIAN_POINT ( 'NONE',  ( -0.5721572875254106200, 1.100000000000000100, 1.500000000000107200 ) ) ;
#792 = CARTESIAN_POINT ( 'NONE',  ( -0.5753719291223068400, 1.100000000000000100, 1.500000000000107200 ) ) ;
#793 = CARTESIAN_POINT ( 'NONE',  ( -0.5721572875254397100, 0.0000000000000000000, -1.300000000000002900 ) ) ;
#794 = DIRECTION ( 'NONE',  ( 0.0000000000000000000, -1.000000000000000000, 0.0000000000000000000 ) ) ;
#795 = DIRECTION ( 'NONE',  ( 0.0000000000000000000, 0.0000000000000000000, -1.000000000000000000 ) ) ;
#796 = CARTESIAN_POINT ( 'NONE',  ( 0.7135786437626057100, 0.3499999999999999800, 1.441421356237308800 ) ) ;
#797 = CARTESIAN_POINT ( 'NONE',  ( -0.5785907149473887800, 1.099854091611718100, 1.499922137767464300 ) ) ;
#798 = CARTESIAN_POINT ( 'NONE',  ( -0.5817885872190639000, 1.099564673370541100, 1.499767960559880400 ) ) ;
#799 = CARTESIAN_POINT ( 'NONE',  ( 0.4999999999999928400, -0.05000000000000000300, 1.500000000000017100 ) ) ;
#800 = DIRECTION ( 'NONE',  ( -0.0000000000000000000, 1.000000000000000000, -0.0000000000000000000 ) ) ;
#801 = CARTESIAN_POINT ( 'NONE',  ( -0.9050000000000292300, 1.100000000000000100, -1.249999999999892100 ) ) ;
#802 = CARTESIAN_POINT ( 'NONE',  ( 0.5817885872247029500, 0.3504353266114148000, -1.499767960569249100 ) ) ;
#803 = DIRECTION ( 'NONE',  ( -0.7071067811865490200, -0.0000000000000000000, 0.7071067811865460200 ) ) ;
#804 = DIRECTION ( 'NONE',  ( 0.0000000000000000000, -1.000000000000000000, 0.0000000000000000000 ) ) ;
#805 = CARTESIAN_POINT ( 'NONE',  ( -0.8773857625084708900, 0.4749999999999999800, -1.183333333333173500 ) ) ;
#806 = CARTESIAN_POINT ( 'NONE',  ( -0.9050000000000435500, 0.3499999999999999800, -1.249999999999948000 ) ) ;
#807 = CARTESIAN_POINT ( 'NONE',  ( 0.5753719291237913100, 0.3499999999999992000, -1.499999999999865400 ) ) ;
#808 = CARTESIAN_POINT ( 'NONE',  ( 0.5721572875253273500, 0.3499999999999999800, -1.499999999999992000 ) ) ;
#809 = CARTESIAN_POINT ( 'NONE',  ( 0.6723236086054086300, 0.3546211307948683400, -1.479194771882431200 ) ) ;
#810 = CARTESIAN_POINT ( 'NONE',  ( 0.7066042097753526500, 0.3504353266294187900, -1.448067636901167100 ) ) ;
#811 = CARTESIAN_POINT ( 'NONE',  ( -0.8497715250169127800, 0.7249999999999999800, -1.116666666666454900 ) ) ;
#812 = CARTESIAN_POINT ( 'NONE',  ( -0.8773857625084710000, 0.9750000000000000900, -1.183333333333173500 ) ) ;
#813 = CARTESIAN_POINT ( 'NONE',  ( -0.9050000000000292300, 1.100000000000000100, -1.249999999999892100 ) ) ;
#814 = CARTESIAN_POINT ( 'NONE',  ( -0.5516853143250992600, 0.4645462288819947000, -1.438979462311900500 ) ) ;
#815 = CARTESIAN_POINT ( 'NONE',  ( -0.5000000000000063300, -0.05000000000000000300, -1.499999999999992000 ) ) ;
#816 = CARTESIAN_POINT ( 'NONE',  ( -0.9050000000000624200, -0.05000000000000000300, -1.249999999999990000 ) ) ;
#817 = CARTESIAN_POINT ( 'NONE',  ( 0.6280375138686540300, 0.3546210106854358300, -1.497538187217216200 ) ) ;
#818 = CARTESIAN_POINT ( 'NONE',  ( 0.5817885872247029500, 0.3504353266114148000, -1.499767960569249100 ) ) ;
#819 = DIRECTION ( 'NONE',  ( -0.0000000000000000000, 1.000000000000000000, -0.0000000000000000000 ) ) ;
#820 = CARTESIAN_POINT ( 'NONE',  ( -0.5817885872200061500, 0.3504353266293085400, -1.499767960559742000 ) ) ;
#821 = DIRECTION ( 'NONE',  ( 0.7071067811865926500, 0.0000000000000000000, -0.7071067811865025000 ) ) ;
#822 = CARTESIAN_POINT ( 'NONE',  ( 0.6550000000000016900, 1.450000000000000200, -1.499999999999863000 ) ) ;
#823 = CARTESIAN_POINT ( 'NONE',  ( -0.5307861072952232400, 0.5912823788294510100, -1.400094309736261700 ) ) ;
#824 = CARTESIAN_POINT ( 'NONE',  ( -0.5306859420577712000, 0.8577239607540713100, -1.399906041325053300 ) ) ;
#825 = CARTESIAN_POINT ( 'NONE',  ( -0.5516615256994218400, 0.9853635968178884300, -1.438931425181768900 ) ) ;
#826 = CARTESIAN_POINT ( 'NONE',  ( -0.5817885872216203000, 1.099564673370528700, -1.499767960559713200 ) ) ;
#827 = CARTESIAN_POINT ( 'NONE',  ( -0.9050000000000624200, 0.0000000000000000000, -1.249999999999990000 ) ) ;
#828 = DIRECTION ( 'NONE',  ( 0.7071067811865926500, 0.0000000000000000000, -0.7071067811865025000 ) ) ;
#829 = CARTESIAN_POINT ( 'NONE',  ( -1.248778674118007100, 1.097702978896564400, -1.072068953665809500 ) ) ;
#830 = CARTESIAN_POINT ( 'NONE',  ( -1.220453419162018400, 1.044265802328004900, -1.038186414396628600 ) ) ;
#831 = CARTESIAN_POINT ( 'NONE',  ( -0.5721572875254156100, -0.05000000000000000300, 1.299999999999997400 ) ) ;
#832 = DIRECTION ( 'NONE',  ( 0.0000000000000000000, -1.000000000000000000, 0.0000000000000000000 ) ) ;
#833 = DIRECTION ( 'NONE',  ( 0.0000000000000000000, 0.0000000000000000000, -1.000000000000000000 ) ) ;
#834 = DIRECTION ( 'NONE',  ( -0.7071067811865482400, -0.0000000000000000000, -0.7071067811865469100 ) ) ;
#835 = CARTESIAN_POINT ( 'NONE',  ( -1.196140561231428000, 0.9873931084469357300, -1.008253392545849200 ) ) ;
#836 = CARTESIAN_POINT ( 'NONE',  ( -1.160421702770503900, 0.8614569479718241500, -0.9634878053557719400 ) ) ;
#837 = CARTESIAN_POINT ( 'NONE',  ( -1.149907016564555100, 0.7939375410299840400, -0.9498805680141407800 ) ) ;
#838 = CARTESIAN_POINT ( 'NONE',  ( -1.150187859691723000, 0.5842990839794903700, -0.9502412951935430600 ) ) ;
#839 = CARTESIAN_POINT ( 'NONE',  ( -1.193691838032408200, 0.4555778036892896800, -1.006221408717001600 ) ) ;
#840 = CARTESIAN_POINT ( 'NONE',  ( -1.250000000000053100, 0.3499999999999999800, -1.073529411764609300 ) ) ;
#841 = CARTESIAN_POINT ( 'NONE',  ( -1.250000000000053100, 1.450000000000000200, -1.049999999999891900 ) ) ;
#842 = DIRECTION ( 'NONE',  ( 0.0000000000000000000, -1.000000000000000000, 0.0000000000000000000 ) ) ;
#843 = CARTESIAN_POINT ( 'NONE',  ( -0.7135786437627080800, -0.05000000000000000300, -1.441421356237320200 ) ) ;
#844 = DIRECTION ( 'NONE',  ( -0.0000000000000000000, 1.000000000000000000, -0.0000000000000000000 ) ) ;
#845 = CARTESIAN_POINT ( 'NONE',  ( 0.5721572875253854200, 1.450000000000000200, -1.499999999999864800 ) ) ;
#846 = DIRECTION ( 'NONE',  ( 0.0000000000000000000, -1.000000000000000000, 0.0000000000000000000 ) ) ;
#847 = CARTESIAN_POINT ( 'NONE',  ( 0.7135786437627023000, -0.05000000000000000300, 1.441421356237343900 ) ) ;
#848 = DIRECTION ( 'NONE',  ( -0.0000000000000000000, 1.000000000000000000, -0.0000000000000000000 ) ) ;
#849 = CARTESIAN_POINT ( 'NONE',  ( -0.5721572875254112800, -0.05000000000000000300, 1.500000000000008000 ) ) ;
#850 = DIRECTION ( 'NONE',  ( -0.0000000000000000000, 1.000000000000000000, -0.0000000000000000000 ) ) ;
#851 = CARTESIAN_POINT ( 'NONE',  ( -0.5000000000000027800, 0.0000000000000000000, 1.500000000000008000 ) ) ;
#852 = DIRECTION ( 'NONE',  ( -1.000000000000000000, 0.0000000000000000000, 0.0000000000000000000 ) ) ;
#853 = CARTESIAN_POINT ( 'NONE',  ( 0.6549999999999732700, 1.100000000000000100, 1.500000000000107200 ) ) ;
#854 = DIRECTION ( 'NONE',  ( 1.000000000000000000, -0.0000000000000000000, -0.0000000000000000000 ) ) ;
#855 = CARTESIAN_POINT ( 'NONE',  ( 0.6849064788460727000, 0.4645462288821045100, -1.383797449172136300 ) ) ;
#856 = CARTESIAN_POINT ( 'NONE',  ( -1.250000000000053100, 1.450000000000000200, -1.249999999999892100 ) ) ;
#857 = CARTESIAN_POINT ( 'NONE',  ( 1.050000000000027100, 1.450000000000000200, -1.049999999999897900 ) ) ;
#858 = DIRECTION ( 'NONE',  ( -0.0000000000000000000, 1.000000000000000000, -0.0000000000000000000 ) ) ;
#859 = DIRECTION ( 'NONE',  ( 0.0000000000000000000, 0.0000000000000000000, -1.000000000000000000 ) ) ;
#860 = CARTESIAN_POINT ( 'NONE',  ( 0.7135786437627023000, 0.0000000000000000000, 1.441421356237343900 ) ) ;
#861 = DIRECTION ( 'NONE',  ( -0.7071067811865908700, -0.0000000000000000000, 0.7071067811865042700 ) ) ;
#862 = CARTESIAN_POINT ( 'NONE',  ( 0.4999999999999928400, 0.0000000000000000000, 1.500000000000017100 ) ) ;
#863 = DIRECTION ( 'NONE',  ( -1.000000000000000000, -0.0000000000000000000, -0.0000000000000000000 ) ) ;
#864 = CARTESIAN_POINT ( 'NONE',  ( -0.9050000000000624200, -0.05000000000000000300, -1.249999999999990000 ) ) ;
#865 = DIRECTION ( 'NONE',  ( -0.0000000000000000000, 1.000000000000000000, -0.0000000000000000000 ) ) ;
#866 = CARTESIAN_POINT ( 'NONE',  ( -0.5000000000000027800, -0.05000000000000000300, 1.500000000000008000 ) ) ;
#867 = DIRECTION ( 'NONE',  ( -1.000000000000000000, 0.0000000000000000000, 0.0000000000000000000 ) ) ;
#868 = CARTESIAN_POINT ( 'NONE',  ( -0.5721572875254112800, -0.05000000000000000300, -1.500000000000003100 ) ) ;
#869 = DIRECTION ( 'NONE',  ( 1.000000000000000000, 0.0000000000000000000, 1.532605026963987300E-013 ) ) ;
#870 = CARTESIAN_POINT ( 'NONE',  ( -0.6550000000000292300, 1.100000000000000100, 1.500000000000107200 ) ) ;
#871 = DIRECTION ( 'NONE',  ( 0.7071067811865474600, -0.0000000000000000000, 0.7071067811865474600 ) ) ;
#872 = CARTESIAN_POINT ( 'NONE',  ( 1.250000000000027100, 1.450000000000000200, 1.050000000000106800 ) ) ;
#873 = DIRECTION ( 'NONE',  ( 0.0000000000000000000, -1.000000000000000000, 0.0000000000000000000 ) ) ;
#874 = CARTESIAN_POINT ( 'NONE',  ( -0.9050000000000292300, 1.100000000000000100, 1.250000000000107200 ) ) ;
#875 = CARTESIAN_POINT ( 'NONE',  ( 0.7066042097753526500, 0.3504353266294187900, -1.448067636901167100 ) ) ;
#876 = DIRECTION ( 'NONE',  ( 1.000000000000000000, -0.0000000000000000000, 9.302140378425712300E-014 ) ) ;
#877 = DIRECTION ( 'NONE',  ( -1.000000000000000000, -0.0000000000000000000, -0.0000000000000000000 ) ) ;
#878 = CARTESIAN_POINT ( 'NONE',  ( -0.7135786437627215100, 1.450000000000000200, -1.441421356237199100 ) ) ;
#879 = DIRECTION ( 'NONE',  ( 0.0000000000000000000, -1.000000000000000000, 0.0000000000000000000 ) ) ;
#880 = CARTESIAN_POINT ( 'NONE',  ( -1.250000000000053100, 1.100000000000000100, -1.249999999999892100 ) ) ;
#881 = DIRECTION ( 'NONE',  ( -1.000000000000000000, -0.0000000000000000000, -0.0000000000000000000 ) ) ;
#882 = CARTESIAN_POINT ( 'NONE',  ( -1.064839912882683300, 1.099217105898081700, -1.249581262055828600 ) ) ;
#883 = CARTESIAN_POINT ( 'NONE',  ( -1.072068953676412100, 1.097702978894379300, -1.248778674116686900 ) ) ;
#884 = CARTESIAN_POINT ( 'NONE',  ( 0.6721884947846734600, 0.5912823788295291600, -1.341523523086170600 ) ) ;
#885 = CARTESIAN_POINT ( 'NONE',  ( 0.6721261964330722500, 0.8577239607541126100, -1.341319569697304800 ) ) ;
#886 = CARTESIAN_POINT ( 'NONE',  ( 0.6848893325641830500, 0.9853635968179029800, -1.383746660693148600 ) ) ;
#887 = CARTESIAN_POINT ( 'NONE',  ( 0.7066042097742130100, 1.099564673370529800, -1.448067636902350000 ) ) ;
#888 = CARTESIAN_POINT ( 'NONE',  ( 0.4999999999999928400, -0.05000000000000000300, 1.500000000000017100 ) ) ;
#889 = DIRECTION ( 'NONE',  ( -0.7071067811865922000, 0.0000000000000000000, -0.7071067811865028300 ) ) ;
#890 = CARTESIAN_POINT ( 'NONE',  ( -1.057486701706229300, 1.100000000000000300, -1.249999999999892300 ) ) ;
#891 = CARTESIAN_POINT ( 'NONE',  ( -1.050000000000053100, 1.100000000000000100, -1.249999999999892100 ) ) ;
#892 = CARTESIAN_POINT ( 'NONE',  ( -0.9050000000000292300, 1.450000000000000200, -1.249999999999892100 ) ) ;
#893 = DIRECTION ( 'NONE',  ( -0.0000000000000000000, -1.000000000000000000, -0.0000000000000000000 ) ) ;
#894 = CARTESIAN_POINT ( 'NONE',  ( -0.7135786437627120700, -0.05000000000000000300, 1.441421356237335000 ) ) ;
#895 = CARTESIAN_POINT ( 'NONE',  ( -0.7135786437627120700, -0.05000000000000000300, 1.441421356237335000 ) ) ;
#896 = DIRECTION ( 'NONE',  ( -0.0000000000000000000, 1.000000000000000000, -0.0000000000000000000 ) ) ;
#897 = DIRECTION ( 'NONE',  ( -1.000000000000000000, -0.0000000000000000000, -0.0000000000000000000 ) ) ;
#898 = CARTESIAN_POINT ( 'NONE',  ( 0.5721572875254016300, 0.0000000000000000000, -1.499999999999994000 ) ) ;
#899 = DIRECTION ( 'NONE',  ( 1.000000000000000000, -0.0000000000000000000, -1.382349632163594300E-013 ) ) ;
#900 = CARTESIAN_POINT ( 'NONE',  ( 1.248778674116876300, 1.097702978894479700, -1.072068953675759500 ) ) ;
#901 = CARTESIAN_POINT ( 'NONE',  ( 1.243838394905296700, 1.088382866050448900, -1.116566856318541100 ) ) ;
#902 = CARTESIAN_POINT ( 'NONE',  ( -1.349999999999999000, 0.0000000000000000000, -1.099999999999985000 ) ) ;
#903 = DIRECTION ( 'NONE',  ( 0.0000000000000000000, -1.000000000000000000, 0.0000000000000000000 ) ) ;
#904 = DIRECTION ( 'NONE',  ( 0.0000000000000000000, 0.0000000000000000000, -1.000000000000000000 ) ) ;
#905 = CARTESIAN_POINT ( 'NONE',  ( 0.9049999999999730500, 1.450000000000000200, -1.249999999999892100 ) ) ;
#906 = DIRECTION ( 'NONE',  ( -0.0000000000000000000, -1.000000000000000000, -0.0000000000000000000 ) ) ;
#907 = CARTESIAN_POINT ( 'NONE',  ( -0.7135786437627120700, 0.0000000000000000000, 1.441421356237335000 ) ) ;
#908 = DIRECTION ( 'NONE',  ( -0.7071067811865922000, 0.0000000000000000000, -0.7071067811865028300 ) ) ;
#909 = CARTESIAN_POINT ( 'NONE',  ( 0.8773857625084522400, 0.4749999999999999800, 1.183333333333491200 ) ) ;
#910 = CARTESIAN_POINT ( 'NONE',  ( -0.9050000000000292300, 1.450000000000000200, -1.249999999999892100 ) ) ;
#911 = CARTESIAN_POINT ( 'NONE',  ( -0.5000000000000063300, 0.0000000000000000000, -1.499999999999992000 ) ) ;
#912 = CARTESIAN_POINT ( 'NONE',  ( 1.223696076599199100, 1.083035447846959900, -1.159131172275333200 ) ) ;
#913 = CARTESIAN_POINT ( 'NONE',  ( 1.159214405495586200, 1.083028129109123100, -1.223643754337355500 ) ) ;
#914 = CARTESIAN_POINT ( 'NONE',  ( 1.116572454991700000, 1.088381693402986000, -1.243837773324102800 ) ) ;
#915 = CARTESIAN_POINT ( 'NONE',  ( 1.072068953665955600, 1.097702978896561100, -1.248778674117850200 ) ) ;
#916 = DIRECTION ( 'NONE',  ( -0.7071067811865490200, -0.0000000000000000000, 0.7071067811865460200 ) ) ;
#917 = CARTESIAN_POINT ( 'NONE',  ( -1.349999999999993000, 0.0000000000000000000, -1.249999999999990000 ) ) ;
#918 = DIRECTION ( 'NONE',  ( 1.000000000000000000, 0.0000000000000000000, 0.0000000000000000000 ) ) ;
#919 = CARTESIAN_POINT ( 'NONE',  ( 1.400000000000001900, -0.05000000000000000300, -1.241421356237294000 ) ) ;
#920 = CARTESIAN_POINT ( 'NONE',  ( 0.9049999999999588400, 0.3499999999999999800, 1.250000000000048600 ) ) ;
#921 = DIRECTION ( 'NONE',  ( -0.0000000000000000000, 1.000000000000000000, -0.0000000000000000000 ) ) ;
#922 = DIRECTION ( 'NONE',  ( 1.192622389734054900E-015, 0.0000000000000000000, 1.000000000000000000 ) ) ;
#923 = CARTESIAN_POINT ( 'NONE',  ( 0.6280388409943960000, 0.3546211307952259500, 1.497538123233457500 ) ) ;
#924 = CARTESIAN_POINT ( 'NONE',  ( 0.5817885872198155200, 0.3504353266297344800, 1.499767960559733600 ) ) ;
#925 = CARTESIAN_POINT ( 'NONE',  ( 0.8497715250169314300, 0.7249999999999999800, 1.116666666666875000 ) ) ;
#926 = CARTESIAN_POINT ( 'NONE',  ( 0.8773857625084522400, 0.9750000000000000900, 1.183333333333491200 ) ) ;
#927 = CARTESIAN_POINT ( 'NONE',  ( 0.9049999999999730500, 1.100000000000000100, 1.250000000000107200 ) ) ;
#928 = CARTESIAN_POINT ( 'NONE',  ( -0.5000000000000063300, -0.05000000000000000300, -1.499999999999992000 ) ) ;
#929 = DIRECTION ( 'NONE',  ( 1.192622389734054900E-015, 0.0000000000000000000, 1.000000000000000000 ) ) ;
#930 = CARTESIAN_POINT ( 'NONE',  ( -0.9050000000000292300, 1.450000000000000200, 1.250000000000107200 ) ) ;
#931 = CARTESIAN_POINT ( 'NONE',  ( 0.6723245922683917000, 0.3546210106858288000, 1.479193878706143600 ) ) ;
#932 = CARTESIAN_POINT ( 'NONE',  ( 0.7066042097788058900, 0.3504353266111880400, 1.448067636911665600 ) ) ;
#933 = DIRECTION ( 'NONE',  ( 1.000000000000000000, -0.0000000000000000000, 9.302140378425712300E-014 ) ) ;
#934 = CARTESIAN_POINT ( 'NONE',  ( 1.399999999999993000, 0.0000000000000000000, 1.241421356237294000 ) ) ;
#935 = DIRECTION ( 'NONE',  ( -3.580757560562601300E-015, -0.0000000000000000000, 1.000000000000000000 ) ) ;
#936 = CARTESIAN_POINT ( 'NONE',  ( -1.350000000000020700, -0.05000000000000000300, -1.099999999999987900 ) ) ;
#937 = DIRECTION ( 'NONE',  ( 0.0000000000000000000, -1.000000000000000000, 0.0000000000000000000 ) ) ;
#938 = DIRECTION ( 'NONE',  ( 0.0000000000000000000, 0.0000000000000000000, -1.000000000000000000 ) ) ;
#939 = CARTESIAN_POINT ( 'NONE',  ( -1.050000000000071800, 1.450000000000000200, 1.250000000000093700 ) ) ;
#940 = DIRECTION ( 'NONE',  ( 0.0000000000000000000, -1.000000000000000000, 0.0000000000000000000 ) ) ;
#941 = CARTESIAN_POINT ( 'NONE',  ( -0.5721572875254104000, 1.450000000000000200, 1.300000000000107100 ) ) ;
#942 = DIRECTION ( 'NONE',  ( -0.0000000000000000000, 1.000000000000000000, -0.0000000000000000000 ) ) ;
#943 = DIRECTION ( 'NONE',  ( 0.0000000000000000000, 0.0000000000000000000, -1.000000000000000000 ) ) ;
#944 = CARTESIAN_POINT ( 'NONE',  ( -0.7066042097742488700, 1.099564673370530700, 1.448067636902586700 ) ) ;
#945 = CARTESIAN_POINT ( 'NONE',  ( -0.6723272046815773600, 1.095379308301215100, 1.479191506609074600 ) ) ;
#946 = CARTESIAN_POINT ( 'NONE',  ( -1.349999999999994100, 0.0000000000000000000, 1.099999999999971900 ) ) ;
#947 = DIRECTION ( 'NONE',  ( 0.0000000000000000000, -1.000000000000000000, 0.0000000000000000000 ) ) ;
#948 = DIRECTION ( 'NONE',  ( 0.0000000000000000000, 0.0000000000000000000, -1.000000000000000000 ) ) ;
#949 = CARTESIAN_POINT ( 'NONE',  ( -0.5721572875254377100, 0.3499999999999999800, -1.500000000000003100 ) ) ;
#950 = CARTESIAN_POINT ( 'NONE',  ( 1.399999999999993000, -0.05000000000000000300, 1.241421356237294000 ) ) ;
#951 = CARTESIAN_POINT ( 'NONE',  ( -0.5753719291225825000, 0.3500000000000000300, -1.500000000000003100 ) ) ;
#952 = CARTESIAN_POINT ( 'NONE',  ( -0.6280339857022111400, 1.095379308625323600, 1.497538357319024200 ) ) ;
#953 = CARTESIAN_POINT ( 'NONE',  ( -0.5817885872190639000, 1.099564673370541100, 1.499767960559880400 ) ) ;
#954 = DIRECTION ( 'NONE',  ( -0.0000000000000000000, 1.000000000000000000, -0.0000000000000000000 ) ) ;
#955 = CARTESIAN_POINT ( 'NONE',  ( 1.250000000000027100, 1.450000000000000200, -1.249999999999906100 ) ) ;
#956 = DIRECTION ( 'NONE',  ( -0.0000000000000000000, -0.0000000000000000000, -1.000000000000000000 ) ) ;
#957 = CARTESIAN_POINT ( 'NONE',  ( -0.9050000000000640900, 0.0000000000000000000, 1.250000000000007100 ) ) ;
#958 = DIRECTION ( 'NONE',  ( -1.000000000000000000, 0.0000000000000000000, -6.529577128677789400E-014 ) ) ;
#959 = CARTESIAN_POINT ( 'NONE',  ( -0.7135786437627198400, 0.3499999999999999800, 1.441421356237301100 ) ) ;
#960 = CARTESIAN_POINT ( 'NONE',  ( -0.9050000000000292300, 0.0000000000000000000, 1.249999999999990000 ) ) ;
#961 = CARTESIAN_POINT ( 'NONE',  ( -0.5785907149478912700, 0.3501459083885781800, -1.499922137766934100 ) ) ;
#962 = CARTESIAN_POINT ( 'NONE',  ( -0.5817885872200061500, 0.3504353266293085400, -1.499767960559742000 ) ) ;
#963 = CARTESIAN_POINT ( 'NONE',  ( -0.9050000000000292300, 0.3499999999999999800, 1.250000000000107200 ) ) ;
#964 = DIRECTION ( 'NONE',  ( 1.000000000000000000, -0.0000000000000000000, 9.302140378425712300E-014 ) ) ;
#965 = CARTESIAN_POINT ( 'NONE',  ( -1.400000000000003000, 0.0000000000000000000, 1.241421356237284900 ) ) ;
#966 = DIRECTION ( 'NONE',  ( -3.231415359532103300E-015, 0.0000000000000000000, -1.000000000000000000 ) ) ;
#967 = CARTESIAN_POINT ( 'NONE',  ( -0.6550000000000292300, 0.3499999999999999800, 1.499999999999992000 ) ) ;
#968 = DIRECTION ( 'NONE',  ( 0.7071067811865446900, -0.0000000000000000000, 0.7071067811865503500 ) ) ;
#969 = CARTESIAN_POINT ( 'NONE',  ( 0.5721572875253035900, 0.3499999999999999800, 1.499999999999992000 ) ) ;
#970 = CARTESIAN_POINT ( 'NONE',  ( 0.6549999999999164300, 0.3499999999999999800, 1.499999999999992000 ) ) ;
#971 = DIRECTION ( 'NONE',  ( -0.0000000000000000000, 1.000000000000000000, -0.0000000000000000000 ) ) ;
#972 = DIRECTION ( 'NONE',  ( -0.0000000000000000000, 1.000000000000000000, -0.0000000000000000000 ) ) ;
#973 = CARTESIAN_POINT ( 'NONE',  ( -1.499999999999998900, 0.3499999999999999800, 1.099999999999990100 ) ) ;
#974 = DIRECTION ( 'NONE',  ( 1.000000000000000000, -0.0000000000000000000, -0.0000000000000000000 ) ) ;
#975 = DIRECTION ( 'NONE',  ( 1.000000000000000000, -0.0000000000000000000, 0.0000000000000000000 ) ) ;
#976 = CARTESIAN_POINT ( 'NONE',  ( -1.400000000000003000, -0.05000000000000000300, 1.241421356237284900 ) ) ;
#977 = DIRECTION ( 'NONE',  ( -3.231415359532103300E-015, 0.0000000000000000000, -1.000000000000000000 ) ) ;
#978 = CARTESIAN_POINT ( 'NONE',  ( 0.9049999999999445200, 0.3499999999999999800, 1.249999999999990000 ) ) ;
#979 = DIRECTION ( 'NONE',  ( 0.7071067811865845400, -0.0000000000000000000, -0.7071067811865106000 ) ) ;
#980 = CARTESIAN_POINT ( 'NONE',  ( -0.9050000000000576500, 0.3499999999999999800, -1.250000000000004000 ) ) ;
#981 = DIRECTION ( 'NONE',  ( -0.7071067811865474600, -0.0000000000000000000, 0.7071067811865474600 ) ) ;
#982 = CARTESIAN_POINT ( 'NONE',  ( 1.250000000000027100, 0.3499999999999999800, -1.249999999999906100 ) ) ;
#983 = DIRECTION ( 'NONE',  ( -0.0000000000000000000, -0.0000000000000000000, -1.000000000000000000 ) ) ;
#984 = CARTESIAN_POINT ( 'NONE',  ( 0.9049999999999726000, 0.3499999999999999800, -1.249999999999963600 ) ) ;
#985 = CARTESIAN_POINT ( 'NONE',  ( 1.250000000000021800, 0.3499999999999998700, 1.120481054919180200 ) ) ;
#986 = DIRECTION ( 'NONE',  ( -1.000000000000000000, -0.0000000000000000000, -0.0000000000000000000 ) ) ;
#987 = DIRECTION ( 'NONE',  ( -0.0000000000000000000, 1.000000000000000000, -0.0000000000000000000 ) ) ;
#988 = CARTESIAN_POINT ( 'NONE',  ( 1.250000000000027100, 0.3499999999999999800, 1.073529411764803300 ) ) ;
#989 = DIRECTION ( 'NONE',  ( 0.0000000000000000000, -1.000000000000000000, 0.0000000000000000000 ) ) ;
#990 = CARTESIAN_POINT ( 'NONE',  ( 1.233447435810507600, 0.3499999999999999200, 1.167428787809135400 ) ) ;
#991 = UNCERTAINTY_MEASURE_WITH_UNIT (LENGTH_MEASURE( 1.000000000000000100E-005 ), #4224, 'distance_accuracy_value', 'NONE');
#992 = UNCERTAINTY_MEASURE_WITH_UNIT (LENGTH_MEASURE( 1.000000000000000100E-005 ), #4814, 'distance_accuracy_value', 'NONE');
#993 = UNCERTAINTY_MEASURE_WITH_UNIT (LENGTH_MEASURE( 1.000000000000000100E-005 ), #4223, 'distance_accuracy_value', 'NONE');
#994 = UNCERTAINTY_MEASURE_WITH_UNIT (LENGTH_MEASURE( 1.000000000000000100E-005 ), #2427, 'distance_accuracy_value', 'NONE');
#995 = UNCERTAINTY_MEASURE_WITH_UNIT (LENGTH_MEASURE( 1.000000000000000100E-005 ), #4378, 'distance_accuracy_value', 'NONE');
#996 = PRESENTATION_STYLE_ASSIGNMENT (( #4447 ) ) ;
#997 = SURFACE_STYLE_FILL_AREA ( #4445 ) ;
#998 = ORIENTED_EDGE ( 'NONE', *, *, #3414, .F. ) ;
#999 = ORIENTED_EDGE ( 'NONE', *, *, #3412, .F. ) ;
#1000 = ORIENTED_EDGE ( 'NONE', *, *, #3376, .F. ) ;
#1001 = ORIENTED_EDGE ( 'NONE', *, *, #3458, .F. ) ;
#1002 = ORIENTED_EDGE ( 'NONE', *, *, #4116, .F. ) ;
#1003 = ORIENTED_EDGE ( 'NONE', *, *, #3380, .F. ) ;
#1004 = ORIENTED_EDGE ( 'NONE', *, *, #3511, .T. ) ;
#1005 = ORIENTED_EDGE ( 'NONE', *, *, #3461, .T. ) ;
#1006 = ORIENTED_EDGE ( 'NONE', *, *, #3449, .F. ) ;
#1007 = ORIENTED_EDGE ( 'NONE', *, *, #3360, .F. ) ;
#1008 = ORIENTED_EDGE ( 'NONE', *, *, #3513, .T. ) ;
#1009 = ORIENTED_EDGE ( 'NONE', *, *, #3318, .F. ) ;
#1010 = ORIENTED_EDGE ( 'NONE', *, *, #3409, .F. ) ;
#1011 = ORIENTED_EDGE ( 'NONE', *, *, #3439, .F. ) ;
#1012 = ORIENTED_EDGE ( 'NONE', *, *, #3438, .F. ) ;
#1013 = ORIENTED_EDGE ( 'NONE', *, *, #3408, .F. ) ;
#1014 = ORIENTED_EDGE ( 'NONE', *, *, #3343, .F. ) ;
#1015 = ORIENTED_EDGE ( 'NONE', *, *, #3387, .F. ) ;
#1016 = ORIENTED_EDGE ( 'NONE', *, *, #3334, .F. ) ;
#1017 = ORIENTED_EDGE ( 'NONE', *, *, #3428, .F. ) ;
#1018 = ORIENTED_EDGE ( 'NONE', *, *, #3475, .F. ) ;
#1019 = CLOSED_SHELL ( 'NONE', ( #4131, #4132, #4133, #4134, #4135, #4136, #4137, #4138, #4139, #4140, #4141, #4142, #4143, #4144 ) ) ;
#1020 = ORIENTED_EDGE ( 'NONE', *, *, #3419, .F. ) ;
#1021 = ORIENTED_EDGE ( 'NONE', *, *, #3516, .F. ) ;
#1022 = ORIENTED_EDGE ( 'NONE', *, *, #3503, .F. ) ;
#1023 = ORIENTED_EDGE ( 'NONE', *, *, #3517, .F. ) ;
#1024 = ORIENTED_EDGE ( 'NONE', *, *, #3514, .F. ) ;
#1025 = ORIENTED_EDGE ( 'NONE', *, *, #3352, .F. ) ;
#1026 = ORIENTED_EDGE ( 'NONE', *, *, #3466, .T. ) ;
#1027 = ORIENTED_EDGE ( 'NONE', *, *, #4110, .F. ) ;
#1028 = ORIENTED_EDGE ( 'NONE', *, *, #3388, .F. ) ;
#1029 = ORIENTED_EDGE ( 'NONE', *, *, #3415, .F. ) ;
#1030 = ORIENTED_EDGE ( 'NONE', *, *, #3403, .F. ) ;
#1031 = ORIENTED_EDGE ( 'NONE', *, *, #3430, .T. ) ;
#1032 = ORIENTED_EDGE ( 'NONE', *, *, #3368, .F. ) ;
#1033 = ORIENTED_EDGE ( 'NONE', *, *, #3378, .F. ) ;
#1034 = ORIENTED_EDGE ( 'NONE', *, *, #3520, .F. ) ;
#1035 = ORIENTED_EDGE ( 'NONE', *, *, #3365, .F. ) ;
#1036 = ORIENTED_EDGE ( 'NONE', *, *, #4015, .F. ) ;
#1037 = ORIENTED_EDGE ( 'NONE', *, *, #3363, .F. ) ;
#1038 = ORIENTED_EDGE ( 'NONE', *, *, #3505, .F. ) ;
#1039 = ORIENTED_EDGE ( 'NONE', *, *, #3399, .F. ) ;
#1040 = ORIENTED_EDGE ( 'NONE', *, *, #3317, .F. ) ;
#1041 = ORIENTED_EDGE ( 'NONE', *, *, #3457, .F. ) ;
#1042 = ORIENTED_EDGE ( 'NONE', *, *, #3485, .T. ) ;
#1043 = ORIENTED_EDGE ( 'NONE', *, *, #3432, .T. ) ;
#1044 = ORIENTED_EDGE ( 'NONE', *, *, #3493, .F. ) ;
#1045 = ORIENTED_EDGE ( 'NONE', *, *, #3333, .T. ) ;
#1046 = ORIENTED_EDGE ( 'NONE', *, *, #3521, .F. ) ;
#1047 = ORIENTED_EDGE ( 'NONE', *, *, #3471, .T. ) ;
#1048 = ORIENTED_EDGE ( 'NONE', *, *, #3322, .F. ) ;
#1049 = ORIENTED_EDGE ( 'NONE', *, *, #3422, .F. ) ;
#1050 = ORIENTED_EDGE ( 'NONE', *, *, #3405, .F. ) ;
#1051 = ORIENTED_EDGE ( 'NONE', *, *, #3389, .F. ) ;
#1052 = ORIENTED_EDGE ( 'NONE', *, *, #3429, .F. ) ;
#1053 = ORIENTED_EDGE ( 'NONE', *, *, #3323, .F. ) ;
#1054 = ORIENTED_EDGE ( 'NONE', *, *, #3321, .F. ) ;
#1055 = ORIENTED_EDGE ( 'NONE', *, *, #3428, .T. ) ;
#1056 = ORIENTED_EDGE ( 'NONE', *, *, #3433, .F. ) ;
#1057 = ORIENTED_EDGE ( 'NONE', *, *, #3351, .F. ) ;
#1058 = ORIENTED_EDGE ( 'NONE', *, *, #3460, .F. ) ;
#1059 = ORIENTED_EDGE ( 'NONE', *, *, #3362, .F. ) ;
#1060 = EDGE_LOOP ( 'NONE', ( #1186, #1052, #1012, #1143 ) ) ;
#1061 = ORIENTED_EDGE ( 'NONE', *, *, #3469, .F. ) ;
#1062 = ORIENTED_EDGE ( 'NONE', *, *, #3320, .F. ) ;
#1063 = ORIENTED_EDGE ( 'NONE', *, *, #3515, .F. ) ;
#1064 = ORIENTED_EDGE ( 'NONE', *, *, #3464, .F. ) ;
#1065 = ORIENTED_EDGE ( 'NONE', *, *, #3413, .F. ) ;
#1066 = ORIENTED_EDGE ( 'NONE', *, *, #3450, .T. ) ;
#1067 = ORIENTED_EDGE ( 'NONE', *, *, #3481, .T. ) ;
#1068 = ORIENTED_EDGE ( 'NONE', *, *, #3393, .F. ) ;
#1069 = ORIENTED_EDGE ( 'NONE', *, *, #4061, .T. ) ;
#1070 = ORIENTED_EDGE ( 'NONE', *, *, #3365, .T. ) ;
#1071 = ORIENTED_EDGE ( 'NONE', *, *, #3331, .F. ) ;
#1072 = ORIENTED_EDGE ( 'NONE', *, *, #3326, .F. ) ;
#1073 = ORIENTED_EDGE ( 'NONE', *, *, #3480, .F. ) ;
#1074 = ORIENTED_EDGE ( 'NONE', *, *, #3426, .T. ) ;
#1075 = EDGE_LOOP ( 'NONE', ( #2647, #2918, #2699, #2661 ) ) ;
#1076 = ORIENTED_EDGE ( 'NONE', *, *, #4090, .F. ) ;
#1077 = ORIENTED_EDGE ( 'NONE', *, *, #3361, .T. ) ;
#1078 = ORIENTED_EDGE ( 'NONE', *, *, #3423, .F. ) ;
#1079 = ORIENTED_EDGE ( 'NONE', *, *, #3502, .F. ) ;
#1080 = ORIENTED_EDGE ( 'NONE', *, *, #3385, .F. ) ;
#1081 = ORIENTED_EDGE ( 'NONE', *, *, #3449, .T. ) ;
#1082 = EDGE_LOOP ( 'NONE', ( #2916, #2884, #2678, #2723, #2860 ) ) ;
#1083 = ORIENTED_EDGE ( 'NONE', *, *, #3382, .F. ) ;
#1084 = ORIENTED_EDGE ( 'NONE', *, *, #3488, .F. ) ;
#1085 = ORIENTED_EDGE ( 'NONE', *, *, #3407, .F. ) ;
#1086 = ORIENTED_EDGE ( 'NONE', *, *, #3426, .F. ) ;
#1087 = ORIENTED_EDGE ( 'NONE', *, *, #3341, .T. ) ;
#1088 = ORIENTED_EDGE ( 'NONE', *, *, #3359, .F. ) ;
#1089 = ORIENTED_EDGE ( 'NONE', *, *, #3466, .F. ) ;
#1090 = ORIENTED_EDGE ( 'NONE', *, *, #3370, .F. ) ;
#1091 = ORIENTED_EDGE ( 'NONE', *, *, #3384, .F. ) ;
#1092 = ORIENTED_EDGE ( 'NONE', *, *, #3431, .T. ) ;
#1093 = ORIENTED_EDGE ( 'NONE', *, *, #3438, .T. ) ;
#1094 = ORIENTED_EDGE ( 'NONE', *, *, #3388, .T. ) ;
#1095 = ORIENTED_EDGE ( 'NONE', *, *, #3333, .F. ) ;
#1096 = ORIENTED_EDGE ( 'NONE', *, *, #3351, .T. ) ;
#1097 = EDGE_LOOP ( 'NONE', ( #2738, #2732, #2788, #2901 ) ) ;
#1098 = ORIENTED_EDGE ( 'NONE', *, *, #3430, .F. ) ;
#1099 = EDGE_LOOP ( 'NONE', ( #1048, #1055, #1062, #1230, #1111, #1033 ) ) ;
#1100 = ORIENTED_EDGE ( 'NONE', *, *, #3473, .F. ) ;
#1101 = ORIENTED_EDGE ( 'NONE', *, *, #3443, .F. ) ;
#1102 = EDGE_LOOP ( 'NONE', ( #1080, #1081, #1083, #1084, #1078, #1068 ) ) ;
#1103 = ORIENTED_EDGE ( 'NONE', *, *, #3490, .T. ) ;
#1104 = EDGE_LOOP ( 'NONE', ( #3085, #3219, #3053, #3061, #3043 ) ) ;
#1105 = ORIENTED_EDGE ( 'NONE', *, *, #3335, .F. ) ;
#1106 = EDGE_LOOP ( 'NONE', ( #2910, #2720, #2727, #2922 ) ) ;
#1107 = EDGE_LOOP ( 'NONE', ( #1044, #1026, #1101, #1035 ) ) ;
#1108 = ORIENTED_EDGE ( 'NONE', *, *, #3329, .F. ) ;
#1109 = ORIENTED_EDGE ( 'NONE', *, *, #3478, .F. ) ;
#1110 = ORIENTED_EDGE ( 'NONE', *, *, #3517, .T. ) ;
#1111 = ORIENTED_EDGE ( 'NONE', *, *, #3338, .F. ) ;
#1112 = ORIENTED_EDGE ( 'NONE', *, *, #3480, .T. ) ;
#1113 = ORIENTED_EDGE ( 'NONE', *, *, #3345, .F. ) ;
#1114 = ORIENTED_EDGE ( 'NONE', *, *, #3509, .F. ) ;
#1115 = ORIENTED_EDGE ( 'NONE', *, *, #3342, .F. ) ;
#1116 = ORIENTED_EDGE ( 'NONE', *, *, #3454, .F. ) ;
#1117 = EDGE_LOOP ( 'NONE', ( #2899, #2888, #2900, #2763 ) ) ;
#1118 = ORIENTED_EDGE ( 'NONE', *, *, #3328, .F. ) ;
#1119 = ORIENTED_EDGE ( 'NONE', *, *, #3432, .F. ) ;
#1120 = ORIENTED_EDGE ( 'NONE', *, *, #3332, .F. ) ;
#1121 = EDGE_LOOP ( 'NONE', ( #3206, #3048, #3131, #2915 ) ) ;
#1122 = ORIENTED_EDGE ( 'NONE', *, *, #3496, .F. ) ;
#1123 = EDGE_LOOP ( 'NONE', ( #3205, #3172, #3051, #3101, #3088, #3076 ) ) ;
#1124 = ORIENTED_EDGE ( 'NONE', *, *, #3491, .F. ) ;
#1125 = ORIENTED_EDGE ( 'NONE', *, *, #3397, .T. ) ;
#1126 = ORIENTED_EDGE ( 'NONE', *, *, #3341, .F. ) ;
#1127 = ORIENTED_EDGE ( 'NONE', *, *, #3442, .F. ) ;
#1128 = EDGE_LOOP ( 'NONE', ( #2925, #2701, #2913, #2713 ) ) ;
#1129 = ORIENTED_EDGE ( 'NONE', *, *, #3498, .T. ) ;
#1130 = ORIENTED_EDGE ( 'NONE', *, *, #3373, .F. ) ;
#1131 = ORIENTED_EDGE ( 'NONE', *, *, #3416, .F. ) ;
#1132 = ORIENTED_EDGE ( 'NONE', *, *, #3440, .F. ) ;
#1133 = ORIENTED_EDGE ( 'NONE', *, *, #4015, .T. ) ;
#1134 = ORIENTED_EDGE ( 'NONE', *, *, #3447, .T. ) ;
#1135 = ORIENTED_EDGE ( 'NONE', *, *, #3500, .F. ) ;
#1136 = ORIENTED_EDGE ( 'NONE', *, *, #3417, .F. ) ;
#1137 = ORIENTED_EDGE ( 'NONE', *, *, #3346, .T. ) ;
#1138 = ORIENTED_EDGE ( 'NONE', *, *, #4089, .F. ) ;
#1139 = ORIENTED_EDGE ( 'NONE', *, *, #3348, .F. ) ;
#1140 = ORIENTED_EDGE ( 'NONE', *, *, #3361, .F. ) ;
#1141 = ORIENTED_EDGE ( 'NONE', *, *, #3504, .T. ) ;
#1142 = EDGE_LOOP ( 'NONE', ( #2655, #2697, #2657, #2656 ) ) ;
#1143 = ORIENTED_EDGE ( 'NONE', *, *, #3474, .T. ) ;
#1144 = ORIENTED_EDGE ( 'NONE', *, *, #3347, .T. ) ;
#1145 = ORIENTED_EDGE ( 'NONE', *, *, #3470, .T. ) ;
#1146 = ORIENTED_EDGE ( 'NONE', *, *, #3418, .T. ) ;
#1147 = ORIENTED_EDGE ( 'NONE', *, *, #3346, .F. ) ;
#1148 = ORIENTED_EDGE ( 'NONE', *, *, #3330, .F. ) ;
#1149 = ORIENTED_EDGE ( 'NONE', *, *, #3513, .F. ) ;
#1150 = ORIENTED_EDGE ( 'NONE', *, *, #3470, .F. ) ;
#1151 = ORIENTED_EDGE ( 'NONE', *, *, #3435, .F. ) ;
#1152 = ORIENTED_EDGE ( 'NONE', *, *, #3411, .F. ) ;
#1153 = ORIENTED_EDGE ( 'NONE', *, *, #3519, .T. ) ;
#1154 = ORIENTED_EDGE ( 'NONE', *, *, #3389, .T. ) ;
#1155 = ORIENTED_EDGE ( 'NONE', *, *, #3474, .F. ) ;
#1156 = ORIENTED_EDGE ( 'NONE', *, *, #3420, .T. ) ;
#1157 = ORIENTED_EDGE ( 'NONE', *, *, #3505, .T. ) ;
#1158 = ORIENTED_EDGE ( 'NONE', *, *, #3429, .T. ) ;
#1159 = ORIENTED_EDGE ( 'NONE', *, *, #3486, .F. ) ;
#1160 = ORIENTED_EDGE ( 'NONE', *, *, #3502, .T. ) ;
#1161 = ORIENTED_EDGE ( 'NONE', *, *, #3456, .F. ) ;
#1162 = ORIENTED_EDGE ( 'NONE', *, *, #3450, .F. ) ;
#1163 = ORIENTED_EDGE ( 'NONE', *, *, #3520, .T. ) ;
#1164 = ORIENTED_EDGE ( 'NONE', *, *, #3484, .T. ) ;
#1165 = ORIENTED_EDGE ( 'NONE', *, *, #3360, .T. ) ;
#1166 = ORIENTED_EDGE ( 'NONE', *, *, #3468, .F. ) ;
#1167 = ORIENTED_EDGE ( 'NONE', *, *, #4034, .F. ) ;
#1168 = ORIENTED_EDGE ( 'NONE', *, *, #3410, .T. ) ;
#1169 = ORIENTED_EDGE ( 'NONE', *, *, #3445, .F. ) ;
#1170 = ORIENTED_EDGE ( 'NONE', *, *, #3445, .T. ) ;
#1171 = ORIENTED_EDGE ( 'NONE', *, *, #3510, .T. ) ;
#1172 = ORIENTED_EDGE ( 'NONE', *, *, #3485, .F. ) ;
#1173 = ORIENTED_EDGE ( 'NONE', *, *, #3477, .F. ) ;
#1174 = ORIENTED_EDGE ( 'NONE', *, *, #3468, .T. ) ;
#1175 = ORIENTED_EDGE ( 'NONE', *, *, #3387, .T. ) ;
#1176 = EDGE_LOOP ( 'NONE', ( #2712, #2698, #2696, #2694 ) ) ;
#1177 = ORIENTED_EDGE ( 'NONE', *, *, #3509, .T. ) ;
#1178 = ORIENTED_EDGE ( 'NONE', *, *, #3507, .F. ) ;
#1179 = ORIENTED_EDGE ( 'NONE', *, *, #3467, .F. ) ;
#1180 = ORIENTED_EDGE ( 'NONE', *, *, #3500, .T. ) ;
#1181 = ORIENTED_EDGE ( 'NONE', *, *, #3421, .T. ) ;
#1182 = ORIENTED_EDGE ( 'NONE', *, *, #3321, .T. ) ;
#1183 = ORIENTED_EDGE ( 'NONE', *, *, #3478, .T. ) ;
#1184 = ORIENTED_EDGE ( 'NONE', *, *, #3334, .T. ) ;
#1185 = ORIENTED_EDGE ( 'NONE', *, *, #3435, .T. ) ;
#1186 = ORIENTED_EDGE ( 'NONE', *, *, #3422, .T. ) ;
#1187 = ORIENTED_EDGE ( 'NONE', *, *, #3423, .T. ) ;
#1188 = ORIENTED_EDGE ( 'NONE', *, *, #4061, .F. ) ;
#1189 = ORIENTED_EDGE ( 'NONE', *, *, #3424, .F. ) ;
#1190 = ORIENTED_EDGE ( 'NONE', *, *, #3475, .T. ) ;
#1191 = CLOSED_SHELL ( 'NONE', ( #2995, #2996, #2998, #2997, #2986, #2999, #3000, #3001, #2987, #2994, #2989, #2985, #2992, #2993, #2991, #2988, #2984, #2990, #3002, #3003, #3004, #3005, #3006, #3007, #3008, #3009, #3010, #3011, #3012, #3013, #3014, #2983, #3015, #3016, #3017, #3018, #3019, #3020, #3021, #3022, #3023, #3024, #3025, #3026, #3027, #3028, #3029, #3030, #3031, #3032, #4117, #4118, #4119, #4120, #4121, #4122, #4123, #4124, #4125, #4126, #4127, #4128, #4129, #4130 ) ) ;
#1192 = ORIENTED_EDGE ( 'NONE', *, *, #3507, .T. ) ;
#1193 = ORIENTED_EDGE ( 'NONE', *, *, #3336, .F. ) ;
#1194 = ORIENTED_EDGE ( 'NONE', *, *, #3477, .T. ) ;
#1195 = ORIENTED_EDGE ( 'NONE', *, *, #3515, .T. ) ;
#1196 = ORIENTED_EDGE ( 'NONE', *, *, #3471, .F. ) ;
#1197 = ORIENTED_EDGE ( 'NONE', *, *, #3499, .F. ) ;
#1198 = ORIENTED_EDGE ( 'NONE', *, *, #3467, .T. ) ;
#1199 = ORIENTED_EDGE ( 'NONE', *, *, #3484, .F. ) ;
#1200 = ORIENTED_EDGE ( 'NONE', *, *, #3463, .F. ) ;
#1201 = EDGE_LOOP ( 'NONE', ( #2649, #2715, #1095, #1190 ) ) ;
#1202 = ORIENTED_EDGE ( 'NONE', *, *, #4096, .F. ) ;
#1203 = ORIENTED_EDGE ( 'NONE', *, *, #3459, .F. ) ;
#1204 = ORIENTED_EDGE ( 'NONE', *, *, #3343, .T. ) ;
#1205 = ORIENTED_EDGE ( 'NONE', *, *, #3434, .F. ) ;
#1206 = ORIENTED_EDGE ( 'NONE', *, *, #3316, .F. ) ;
#1207 = ORIENTED_EDGE ( 'NONE', *, *, #4112, .F. ) ;
#1208 = ORIENTED_EDGE ( 'NONE', *, *, #4095, .F. ) ;
#1209 = ORIENTED_EDGE ( 'NONE', *, *, #3401, .F. ) ;
#1210 = ORIENTED_EDGE ( 'NONE', *, *, #3315, .F. ) ;
#1211 = ORIENTED_EDGE ( 'NONE', *, *, #4094, .F. ) ;
#1212 = ORIENTED_EDGE ( 'NONE', *, *, #3395, .F. ) ;
#1213 = ORIENTED_EDGE ( 'NONE', *, *, #3354, .F. ) ;
#1214 = ORIENTED_EDGE ( 'NONE', *, *, #3324, .F. ) ;
#1215 = ORIENTED_EDGE ( 'NONE', *, *, #4035, .F. ) ;
#1216 = ORIENTED_EDGE ( 'NONE', *, *, #4109, .F. ) ;
#1217 = ORIENTED_EDGE ( 'NONE', *, *, #3391, .F. ) ;
#1218 = ORIENTED_EDGE ( 'NONE', *, *, #3431, .F. ) ;
#1219 = ORIENTED_EDGE ( 'NONE', *, *, #3421, .F. ) ;
#1220 = ORIENTED_EDGE ( 'NONE', *, *, #3496, .T. ) ;
#1221 = ORIENTED_EDGE ( 'NONE', *, *, #3355, .F. ) ;
#1222 = ORIENTED_EDGE ( 'NONE', *, *, #3510, .F. ) ;
#1223 = ORIENTED_EDGE ( 'NONE', *, *, #3347, .F. ) ;
#1224 = ORIENTED_EDGE ( 'NONE', *, *, #3514, .T. ) ;
#1225 = ORIENTED_EDGE ( 'NONE', *, *, #3383, .T. ) ;
#1226 = ORIENTED_EDGE ( 'NONE', *, *, #3390, .T. ) ;
#1227 = ORIENTED_EDGE ( 'NONE', *, *, #4106, .F. ) ;
#1228 = ORIENTED_EDGE ( 'NONE', *, *, #3394, .F. ) ;
#1229 = ORIENTED_EDGE ( 'NONE', *, *, #3494, .F. ) ;
#1230 = ORIENTED_EDGE ( 'NONE', *, *, #3366, .F. ) ;
#1231 = ORIENTED_EDGE ( 'NONE', *, *, #3486, .T. ) ;
#1232 = ORIENTED_EDGE ( 'NONE', *, *, #3337, .F. ) ;
#1233 = ORIENTED_EDGE ( 'NONE', *, *, #3338, .T. ) ;
#1234 = ORIENTED_EDGE ( 'NONE', *, *, #3332, .T. ) ;
#1235 = ORIENTED_EDGE ( 'NONE', *, *, #3409, .T. ) ;
#1236 = ORIENTED_EDGE ( 'NONE', *, *, #3472, .F. ) ;
#1237 = ORIENTED_EDGE ( 'NONE', *, *, #3503, .T. ) ;
#1238 = UNCERTAINTY_MEASURE_WITH_UNIT (LENGTH_MEASURE( 1.000000000000000100E-005 ), #4289, 'distance_accuracy_value', 'NONE');
#1239 = SHAPE_REPRESENTATION ( 'L_XND3030QK', ( #3949, #3951 ), #3952 ) ;
#1240 = SHAPE_REPRESENTATION ( 'L_XND3030QK', ( #3944 ), #3942 ) ;
#1241 = PRODUCT ( 'L_XND3030QK', 'L_XND3030QK', '', ( #2181 ) ) ;
#1242 = PRODUCT ( 'L_XND3030QK', 'L_XND3030QK', '', ( #2185 ) ) ;
#1243 = CARTESIAN_POINT ( 'NONE',  ( 1.167720441328047300, 0.3499999999999998700, 1.233287389463579000 ) ) ;
#1244 = CARTESIAN_POINT ( 'NONE',  ( 1.120527677342366900, 0.3499999999999999800, 1.250000000000103900 ) ) ;
#1245 = CARTESIAN_POINT ( 'NONE',  ( 1.073529411764690300, 0.3499999999999999800, 1.249999999999990000 ) ) ;
#1246 = CARTESIAN_POINT ( 'NONE',  ( -1.499999999999998900, 0.0000000000000000000, 1.249999999999990000 ) ) ;
#1247 = DIRECTION ( 'NONE',  ( -0.0000000000000000000, -0.0000000000000000000, 1.000000000000000000 ) ) ;
#1248 = CARTESIAN_POINT ( 'NONE',  ( -0.9050000000000292300, 0.3499999999999999800, 1.249999999999990000 ) ) ;
#1249 = DIRECTION ( 'NONE',  ( 1.000000000000000000, -0.0000000000000000000, -0.0000000000000000000 ) ) ;
#1250 = CARTESIAN_POINT ( 'NONE',  ( -1.499999999999998900, 0.3499999999999999800, 1.249999999999990000 ) ) ;
#1251 = DIRECTION ( 'NONE',  ( -0.0000000000000000000, -0.0000000000000000000, 1.000000000000000000 ) ) ;
#1252 = CARTESIAN_POINT ( 'NONE',  ( -1.349999999999999000, 0.3499999999999999800, 1.249999999999990000 ) ) ;
#1253 = DIRECTION ( 'NONE',  ( 0.0000000000000000000, -1.000000000000000000, 0.0000000000000000000 ) ) ;
#1254 = CARTESIAN_POINT ( 'NONE',  ( -0.9050000000000576500, 0.3499999999999999800, -1.250000000000004000 ) ) ;
#1255 = DIRECTION ( 'NONE',  ( -0.0000000000000000000, -1.000000000000000000, -0.0000000000000000000 ) ) ;
#1256 = CARTESIAN_POINT ( 'NONE',  ( 1.349999999999971000, 0.3499999999999999800, -1.099999999999963700 ) ) ;
#1257 = DIRECTION ( 'NONE',  ( -0.0000000000000000000, 1.000000000000000000, -0.0000000000000000000 ) ) ;
#1258 = DIRECTION ( 'NONE',  ( 0.0000000000000000000, 0.0000000000000000000, -1.000000000000000000 ) ) ;
#1259 = CARTESIAN_POINT ( 'NONE',  ( -0.9050000000000576500, 0.0000000000000000000, -1.250000000000004000 ) ) ;
#1260 = CARTESIAN_POINT ( 'NONE',  ( 1.499999999999970900, 0.3499999999999999800, -1.249999999999963600 ) ) ;
#1261 = CARTESIAN_POINT ( 'NONE',  ( 1.349999999999971000, 0.3499999999999999800, 1.099999999999990100 ) ) ;
#1262 = DIRECTION ( 'NONE',  ( -0.0000000000000000000, 1.000000000000000000, -0.0000000000000000000 ) ) ;
#1263 = DIRECTION ( 'NONE',  ( 1.445602896647339500E-015, 0.0000000000000000000, -1.000000000000000000 ) ) ;
#1264 = DIRECTION ( 'NONE',  ( -0.0000000000000000000, -0.0000000000000000000, -1.000000000000000000 ) ) ;
#1265 = CARTESIAN_POINT ( 'NONE',  ( -1.499999999999998900, 0.3499999999999999800, -1.249999999999978000 ) ) ;
#1266 = DIRECTION ( 'NONE',  ( -1.000000000000000000, -0.0000000000000000000, 4.336808689942445600E-014 ) ) ;
#1267 = CARTESIAN_POINT ( 'NONE',  ( -1.499999999999998900, 0.0000000000000000000, -1.249999999999978000 ) ) ;
#1268 = DIRECTION ( 'NONE',  ( -1.000000000000000000, -0.0000000000000000000, 4.336808689942445600E-014 ) ) ;
#1269 = CARTESIAN_POINT ( 'NONE',  ( -1.350000000000005400, 0.3499999999999999800, -1.249999999999984700 ) ) ;
#1270 = DIRECTION ( 'NONE',  ( -0.0000000000000000000, 1.000000000000000000, -0.0000000000000000000 ) ) ;
#1271 = CARTESIAN_POINT ( 'NONE',  ( 0.6549999999999164300, 0.0000000000000000000, 1.499999999999992000 ) ) ;
#1272 = DIRECTION ( 'NONE',  ( 1.000000000000000000, -0.0000000000000000000, -0.0000000000000000000 ) ) ;
#1273 = CARTESIAN_POINT ( 'NONE',  ( -1.499999999999998900, 0.3499999999999999800, -1.249999999999978000 ) ) ;
#1274 = DIRECTION ( 'NONE',  ( -1.000000000000000000, -0.0000000000000000000, 4.336808689942445600E-014 ) ) ;
#1275 = CARTESIAN_POINT ( 'NONE',  ( -0.5721572875254098400, 0.3499999999999999800, 1.499999999999992000 ) ) ;
#1276 = DIRECTION ( 'NONE',  ( 0.0000000000000000000, -1.000000000000000000, 0.0000000000000000000 ) ) ;
#1277 = CARTESIAN_POINT ( 'NONE',  ( -0.7135786437627491500, 0.3499999999999999800, -1.441421356237312400 ) ) ;
#1278 = CARTESIAN_POINT ( 'NONE',  ( 1.073529411764755600, 0.3499999999999999800, -1.249999999999899000 ) ) ;
#1279 = DIRECTION ( 'NONE',  ( 0.0000000000000000000, -1.000000000000000000, 0.0000000000000000000 ) ) ;
#1280 = DIRECTION ( 'NONE',  ( -0.7071067811865474600, -0.0000000000000000000, 0.7071067811865474600 ) ) ;
#1281 = CARTESIAN_POINT ( 'NONE',  ( -1.499999999999998900, 0.3499999999999999800, -1.099999999999985000 ) ) ;
#1282 = DIRECTION ( 'NONE',  ( 0.0000000000000000000, -1.000000000000000000, 0.0000000000000000000 ) ) ;
#1283 = CARTESIAN_POINT ( 'NONE',  ( 1.499999999999970900, 0.3499999999999999800, 1.249999999999990000 ) ) ;
#1284 = DIRECTION ( 'NONE',  ( 1.000000000000000000, -0.0000000000000000000, -0.0000000000000000000 ) ) ;
#1285 = CARTESIAN_POINT ( 'NONE',  ( -0.6550000000000292300, 0.0000000000000000000, 1.499999999999992000 ) ) ;
#1286 = DIRECTION ( 'NONE',  ( 0.7071067811865446900, -0.0000000000000000000, 0.7071067811865503500 ) ) ;
#1287 = CARTESIAN_POINT ( 'NONE',  ( -0.9050000000000292300, 0.3499999999999999800, 1.249999999999990000 ) ) ;
#1288 = DIRECTION ( 'NONE',  ( -0.0000000000000000000, -1.000000000000000000, -0.0000000000000000000 ) ) ;
#1289 = CARTESIAN_POINT ( 'NONE',  ( -0.7083547981095813500, 0.3424506357638419400, -1.452339288978380200 ) ) ;
#1290 = CARTESIAN_POINT ( 'NONE',  ( 1.120481054919114400, 0.3499999999999999200, -1.249999999999955100 ) ) ;
#1291 = CARTESIAN_POINT ( 'NONE',  ( 1.167428787809037900, 0.3499999999999998700, -1.233447435810398400 ) ) ;
#1292 = CARTESIAN_POINT ( 'NONE',  ( 1.233287389463465300, 0.3499999999999998700, -1.167720441327996900 ) ) ;
#1293 = CARTESIAN_POINT ( 'NONE',  ( 1.250000000000005600, 0.3499999999999999800, -1.120527677342313000 ) ) ;
#1294 = CARTESIAN_POINT ( 'NONE',  ( 1.250000000000027100, 0.3499999999999999800, -1.073529411764681600 ) ) ;
#1295 = FILL_AREA_STYLE_COLOUR ( '', #488 ) ;
#1296 = FILL_AREA_STYLE_COLOUR ( '', #494 ) ;
#1297 = FILL_AREA_STYLE ('',( #1295 ) ) ;
#1298 = SURFACE_SIDE_STYLE ('',( #490 ) ) ;
#1299 = SURFACE_STYLE_USAGE ( .BOTH. , #1298 ) ;
#1300 =( LENGTH_UNIT ( ) NAMED_UNIT ( * ) SI_UNIT ( .MILLI., .METRE. ) );
#1301 =( NAMED_UNIT ( * ) PLANE_ANGLE_UNIT ( ) SI_UNIT ( $, .RADIAN. ) );
#1302 =( NAMED_UNIT ( * ) SI_UNIT ( $, .STERADIAN. ) SOLID_ANGLE_UNIT ( ) );
#1303 = CARTESIAN_POINT ( 'NONE',  ( -0.6539920929462051900, 0.3545624428980370700, -1.497566697120935600 ) ) ;
#1304 = CARTESIAN_POINT ( 'NONE',  ( -0.5835712484884434400, 0.3424506357638439900, -1.504026327592508800 ) ) ;
#1305 = CARTESIAN_POINT ( 'NONE',  ( -0.7011142226839142100, 0.3752261896238934800, -1.434858993586335600 ) ) ;
#1306 = CARTESIAN_POINT ( 'NONE',  ( -0.6468499496253579100, 0.3868924290286188100, -1.480324037851309600 ) ) ;
#1307 = CARTESIAN_POINT ( 'NONE',  ( -0.5763306730628043900, 0.3752261896239076400, -1.486546032200460900 ) ) ;
#1308 = CARTESIAN_POINT ( 'NONE',  ( -0.6968299271949163200, 0.4047687525793474700, -1.418891042555004300 ) ) ;
#1309 = CARTESIAN_POINT ( 'NONE',  ( -0.6413246538693472300, 0.4163454612599458700, -1.466984793901049400 ) ) ;
#1310 = CARTESIAN_POINT ( 'NONE',  ( -0.5680690809997426300, 0.4047687525793419200, -1.472225531351683400 ) ) ;
#1311 = CARTESIAN_POINT ( 'NONE',  ( -0.6878657700475289100, 0.4674073464683904400, -1.391456156782622900 ) ) ;
#1312 = CARTESIAN_POINT ( 'NONE',  ( -0.6312763893142894200, 0.4777443950042004100, -1.442726137333906400 ) ) ;
#1313 = CARTESIAN_POINT ( 'NONE',  ( -0.5550083035355458700, 0.4674073464683991000, -1.446487521274408200 ) ) ;
#1314 = CARTESIAN_POINT ( 'NONE',  ( -0.6840976312818688500, 0.4993327062831874300, -1.379676670808200400 ) ) ;
#1315 = CARTESIAN_POINT ( 'NONE',  ( -0.6270409752272575500, 0.5088159307439652500, -1.432500943202835300 ) ) ;
#1316 = CARTESIAN_POINT ( 'NONE',  ( -0.5493434255977126500, 0.4993327062831997000, -1.435493690389355800 ) ) ;
#1317 = CARTESIAN_POINT ( 'NONE',  ( -0.6751600959760065700, 0.5948027439329541800, -1.351392026714989000 ) ) ;
#1318 = CARTESIAN_POINT ( 'NONE',  ( -0.6169520276456945700, 0.6012969339210440000, -1.408144069121081400 ) ) ;
#1319 = CARTESIAN_POINT ( 'NONE',  ( -0.5356629537780417400, 0.5948027439329360800, -1.409173634925735300 ) ) ;
#1320 = CARTESIAN_POINT ( 'NONE',  ( -0.6721725485591217900, 0.6587301103079463700, -1.341471306167883100 ) ) ;
#1321 = CARTESIAN_POINT ( 'NONE',  ( -0.6135958764131062000, 0.6619649633150468400, -1.400041603298298700 ) ) ;
#1322 = CARTESIAN_POINT ( 'NONE',  ( -0.5307604600422948200, 0.6587301103079136200, -1.400046111115015800 ) ) ;
#1323 = CARTESIAN_POINT ( 'NONE',  ( -0.6721421399755978000, 0.7902877710356840400, -1.341371777832066200 ) ) ;
#1324 = CARTESIAN_POINT ( 'NONE',  ( -0.6135615389179635000, 0.7871022508305759400, -1.399958705251543900 ) ) ;
#1325 = CARTESIAN_POINT ( 'NONE',  ( -0.5307115849969246100, 0.7902877710357154600, -1.399954231838223400 ) ) ;
#1326 = CARTESIAN_POINT ( 'NONE',  ( -0.6751017902348708200, 0.8544668449544659000, -1.351205641981172700 ) ) ;
#1327 = CARTESIAN_POINT ( 'NONE',  ( -0.6168859968913807900, 0.8479968044836723200, -1.407984656778649600 ) ) ;
#1328 = CARTESIAN_POINT ( 'NONE',  ( -0.5355723882536516100, 0.8544668449544348100, -1.409000612631588400 ) ) ;
#1329 = CARTESIAN_POINT ( 'NONE',  ( -0.6840832439753671300, 0.9505670164699292500, -1.379632064618708600 ) ) ;
#1330 = CARTESIAN_POINT ( 'NONE',  ( -0.6270247385708055400, 0.9410850862488419100, -1.432461744446519700 ) ) ;
#1331 = CARTESIAN_POINT ( 'NONE',  ( -0.5493220576207137300, 0.9505670164699427900, -1.435451975688296600 ) ) ;
#1332 = CARTESIAN_POINT ( 'NONE',  ( -0.6878581503835640200, 0.9825258700894836700, -1.391432239877508700 ) ) ;
#1333 = CARTESIAN_POINT ( 'NONE',  ( -0.6312678469350758700, 0.9721908638371278300, -1.442705514206232200 ) ) ;
#1334 = CARTESIAN_POINT ( 'NONE',  ( -0.5549967796457565500, 0.9825258700894722300, -1.446465221552556200 ) ) ;
#1335 = CARTESIAN_POINT ( 'NONE',  ( -0.6968045267266853600, 1.045067247012005000, -1.418813898776975600 ) ) ;
#1336 = CARTESIAN_POINT ( 'NONE',  ( -0.6412962655722528300, 1.033493516630499900, -1.466916258489113600 ) ) ;
#1337 = CARTESIAN_POINT ( 'NONE',  ( -0.5680324929545616000, 1.045067247012012800, -1.472153021619782900 ) ) ;
#1338 = CARTESIAN_POINT ( 'NONE',  ( -0.7010849126160624300, 1.074641133944649800, -1.434788232822841800 ) ) ;
#1339 = CARTESIAN_POINT ( 'NONE',  ( -0.6468217016077918400, 1.062979702070395900, -1.480255841104042300 ) ) ;
#1340 = CARTESIAN_POINT ( 'NONE',  ( -0.5763013629948783300, 1.074641133944574100, -1.486475271436984700 ) ) ;
#1341 = CARTESIAN_POINT ( 'NONE',  ( -0.7083367377005581600, 1.107467611077893800, -1.452295687293972500 ) ) ;
#1342 = CARTESIAN_POINT ( 'NONE',  ( -0.6539740325371818900, 1.095355803943698400, -1.497523095436528000 ) ) ;
#1343 = CARTESIAN_POINT ( 'NONE',  ( -0.5835531880794200300, 1.107467611077891200, -1.503982725908101100 ) ) ;
#1344 = CARTESIAN_POINT ( 'NONE',  ( 0.5835712484884128000, 0.3424506357638678600, -1.504026327592471500 ) ) ;
#1345 = FILL_AREA_STYLE_COLOUR ( '', #1829 ) ;
#1346 = FILL_AREA_STYLE ('',( #1296 ) ) ;
#1347 = SURFACE_SIDE_STYLE ('',( #493 ) ) ;
#1348 = SURFACE_STYLE_USAGE ( .BOTH. , #1347 ) ;
#1349 =( LENGTH_UNIT ( ) NAMED_UNIT ( * ) SI_UNIT ( .MILLI., .METRE. ) );
#1350 =( NAMED_UNIT ( * ) PLANE_ANGLE_UNIT ( ) SI_UNIT ( $, .RADIAN. ) );
#1351 =( NAMED_UNIT ( * ) SI_UNIT ( $, .STERADIAN. ) SOLID_ANGLE_UNIT ( ) );
#1352 = CARTESIAN_POINT ( 'NONE',  ( 0.6539920929461771100, 0.3545624428980438900, -1.497566697120904300 ) ) ;
#1353 = CARTESIAN_POINT ( 'NONE',  ( 0.7083547981095541500, 0.3424506357638359400, -1.452339288978354200 ) ) ;
#1354 = CARTESIAN_POINT ( 'NONE',  ( 0.5763306730627569800, 0.3752261896239232300, -1.486546032200428200 ) ) ;
#1355 = CARTESIAN_POINT ( 'NONE',  ( 0.6468499496253289300, 0.3868924290286107600, -1.480324037851247000 ) ) ;
#1356 = CARTESIAN_POINT ( 'NONE',  ( 0.7011142226838802400, 0.3752261896239017000, -1.434858993586315400 ) ) ;
#1357 = CARTESIAN_POINT ( 'NONE',  ( 0.5680690809997212000, 0.4047687525793558500, -1.472225531351653000 ) ) ;
#1358 = CARTESIAN_POINT ( 'NONE',  ( 0.6413246538693212500, 0.4163454612599392600, -1.466984793901023200 ) ) ;
#1359 = CARTESIAN_POINT ( 'NONE',  ( 0.6968299271948882300, 0.4047687525793342000, -1.418891042554999400 ) ) ;
#1360 = CARTESIAN_POINT ( 'NONE',  ( 0.5550083035355566400, 0.4674073464684288000, -1.446487521274372900 ) ) ;
#1361 = CARTESIAN_POINT ( 'NONE',  ( 0.6312763893143048500, 0.4777443950042233900, -1.442726137333872400 ) ) ;
#1362 = CARTESIAN_POINT ( 'NONE',  ( 0.6878657700475437900, 0.4674073464684021500, -1.391456156782575200 ) ) ;
#1363 = CARTESIAN_POINT ( 'NONE',  ( 0.5493434255977216500, 0.4993327062832013100, -1.435493690389330700 ) ) ;
#1364 = CARTESIAN_POINT ( 'NONE',  ( 0.6270409752272649900, 0.5088159307439632500, -1.432500943202809300 ) ) ;
#1365 = CARTESIAN_POINT ( 'NONE',  ( 0.6840976312818853900, 0.4993327062831889300, -1.379676670808163400 ) ) ;
#1366 = CARTESIAN_POINT ( 'NONE',  ( 0.5356629537780678300, 0.5948027439329832700, -1.409173634925700200 ) ) ;
#1367 = CARTESIAN_POINT ( 'NONE',  ( 0.6169520276457182200, 0.6012969339210647600, -1.408144069121048300 ) ) ;
#1368 = CARTESIAN_POINT ( 'NONE',  ( 0.6751600959760051300, 0.5948027439329531800, -1.351392026714985900 ) ) ;
#1369 = CARTESIAN_POINT ( 'NONE',  ( 0.5307604600424011800, 0.6587301103079407100, -1.400046111114991600 ) ) ;
#1370 = CARTESIAN_POINT ( 'NONE',  ( 0.6135958764132251100, 0.6619649633150341800, -1.400041603298233900 ) ) ;
#1371 = CARTESIAN_POINT ( 'NONE',  ( 0.6721725485592275900, 0.6587301103079079600, -1.341471306167777000 ) ) ;
#1372 = CARTESIAN_POINT ( 'NONE',  ( 0.5307115849968844200, 0.7902877710356917000, -1.399954231838199400 ) ) ;
#1373 = CARTESIAN_POINT ( 'NONE',  ( 0.6135615389178992200, 0.7871022508305856000, -1.399958705251552500 ) ) ;
#1374 = CARTESIAN_POINT ( 'NONE',  ( 0.6721421399755389500, 0.7902877710357231200, -1.341371777832125500 ) ) ;
#1375 = CARTESIAN_POINT ( 'NONE',  ( 0.5355723882536876900, 0.8544668449544402500, -1.409000612631566800 ) ) ;
#1376 = CARTESIAN_POINT ( 'NONE',  ( 0.6168859968914007800, 0.8479968044836778700, -1.407984656778662000 ) ) ;
#1377 = CARTESIAN_POINT ( 'NONE',  ( 0.6751017902348669400, 0.8544668449544797800, -1.351205641981176400 ) ) ;
#1378 = CARTESIAN_POINT ( 'NONE',  ( 0.5493220576207219500, 0.9505670164699335800, -1.435451975688270000 ) ) ;
#1379 = CARTESIAN_POINT ( 'NONE',  ( 0.6270247385708178600, 0.9410850862488487900, -1.432461744446474900 ) ) ;
#1380 = CARTESIAN_POINT ( 'NONE',  ( 0.6840832439753872200, 0.9505670164699393500, -1.379632064618674200 ) ) ;
#1381 = CARTESIAN_POINT ( 'NONE',  ( 0.5549967796457759800, 0.9825258700894700100, -1.446465221552531300 ) ) ;
#1382 = CARTESIAN_POINT ( 'NONE',  ( 0.6312678469350862000, 0.9721908638371338200, -1.442705514206212400 ) ) ;
#1383 = CARTESIAN_POINT ( 'NONE',  ( 0.6878581503835610200, 0.9825258700894984300, -1.391432239877493200 ) ) ;
#1384 = CARTESIAN_POINT ( 'NONE',  ( 0.5680324929545350600, 1.045067247011997700, -1.472153021619752000 ) ) ;
#1385 = CARTESIAN_POINT ( 'NONE',  ( 0.6412962655722354000, 1.033493516630503700, -1.466916258489083800 ) ) ;
#1386 = CARTESIAN_POINT ( 'NONE',  ( 0.6968045267266799200, 1.045067247012017000, -1.418813898776948100 ) ) ;
#1387 = CARTESIAN_POINT ( 'NONE',  ( 0.5763013629948600100, 1.074641133944575600, -1.486475271436960900 ) ) ;
#1388 = CARTESIAN_POINT ( 'NONE',  ( 0.6468217016077486600, 1.062979702070388400, -1.480255841104061800 ) ) ;
#1389 = CARTESIAN_POINT ( 'NONE',  ( 0.7010849126159755000, 1.074641133944652000, -1.434788232822881600 ) ) ;
#1390 = CARTESIAN_POINT ( 'NONE',  ( 0.5835531880793909400, 1.107467611077880900, -1.503982725908070900 ) ) ;
#1391 = CARTESIAN_POINT ( 'NONE',  ( 0.6539740325371555800, 1.095355803943705500, -1.497523095436503700 ) ) ;
#1392 = CARTESIAN_POINT ( 'NONE',  ( 0.7083367377005329600, 1.107467611077913600, -1.452295687293953600 ) ) ;
#1393 = CARTESIAN_POINT ( 'NONE',  ( 1.090567972669020100, 0.3180526983044957800, -1.267038560904181400 ) ) ;
#1394 = FILL_AREA_STYLE_COLOUR ( '', #1835 ) ;
#1395 = FILL_AREA_STYLE ('',( #1345 ) ) ;
#1396 = SURFACE_SIDE_STYLE ('',( #1831 ) ) ;
#1397 = SURFACE_STYLE_USAGE ( .BOTH. , #1396 ) ;
#1398 =( LENGTH_UNIT ( ) NAMED_UNIT ( * ) SI_UNIT ( .MILLI., .METRE. ) );
#1399 =( NAMED_UNIT ( * ) PLANE_ANGLE_UNIT ( ) SI_UNIT ( $, .RADIAN. ) );
#1400 =( NAMED_UNIT ( * ) SI_UNIT ( $, .STERADIAN. ) SOLID_ANGLE_UNIT ( ) );
#1401 = CARTESIAN_POINT ( 'NONE',  ( 1.235043893348909400, 0.3780426999708524900, -1.235043893348772600 ) ) ;
#1402 = CARTESIAN_POINT ( 'NONE',  ( 1.267038560904331100, 0.3180526983044218400, -1.090567972668917000 ) ) ;
#1403 = CARTESIAN_POINT ( 'NONE',  ( 1.070614976059043500, 0.3554645667962209600, -1.247085564375245400 ) ) ;
#1404 = CARTESIAN_POINT ( 'NONE',  ( 1.214551310941055700, 0.4164662919520473700, -1.214551310976657000 ) ) ;
#1405 = CARTESIAN_POINT ( 'NONE',  ( 1.247085564367473000, 0.3554645668110402200, -1.070614976093526400 ) ) ;
#1406 = CARTESIAN_POINT ( 'NONE',  ( 1.052141941111649300, 0.3836989810930189800, -1.232137724414105900 ) ) ;
#1407 = CARTESIAN_POINT ( 'NONE',  ( 1.203096560558228000, 0.4437711056417640300, -1.203096560558062800 ) ) ;
#1408 = CARTESIAN_POINT ( 'NONE',  ( 1.232137724414289300, 0.3836989810929316000, -1.052141941111522500 ) ) ;
#1409 = CARTESIAN_POINT ( 'NONE',  ( 1.018519798670249000, 0.4463156098569555600, -1.204531398229163700 ) ) ;
#1410 = CARTESIAN_POINT ( 'NONE',  ( 1.182096376802088900, 0.5031406043672821400, -1.182096376801913700 ) ) ;
#1411 = CARTESIAN_POINT ( 'NONE',  ( 1.204531398229346200, 0.4463156098569277000, -1.018519798670083100 ) ) ;
#1412 = CARTESIAN_POINT ( 'NONE',  ( 1.003643371697124900, 0.4783147501821979300, -1.192502371309188900 ) ) ;
#1413 = CARTESIAN_POINT ( 'NONE',  ( 1.173820701258746700, 0.5322849217584673100, -1.173820701258528700 ) ) ;
#1414 = CARTESIAN_POINT ( 'NONE',  ( 1.192502371309390300, 0.4783147501821690700, -1.003643371696914600 ) ) ;
#1415 = CARTESIAN_POINT ( 'NONE',  ( 0.9661246857007875800, 0.5771169536761133800, -1.162466335355821600 ) ) ;
#1416 = CARTESIAN_POINT ( 'NONE',  ( 1.154630813692830700, 0.6183612570436818300, -1.154630813692642400 ) ) ;
#1417 = CARTESIAN_POINT ( 'NONE',  ( 1.162466335356059800, 0.5771169536760445400, -0.9661246857006208200 ) ) ;
#1418 = CARTESIAN_POINT ( 'NONE',  ( 0.9510803011607398300, 0.6466302718523807600, -1.150841109037559000 ) ) ;
#1419 = CARTESIAN_POINT ( 'NONE',  ( 1.150362519454656300, 0.6689591202501361500, -1.150362519454440000 ) ) ;
#1420 = CARTESIAN_POINT ( 'NONE',  ( 1.150841109037792400, 0.6466302718523744300, -0.9510803011605234400 ) ) ;
#1421 = CARTESIAN_POINT ( 'NONE',  ( 0.9490351387977422600, 0.7874706738059230600, -1.149248768270150900 ) ) ;
#1422 = CARTESIAN_POINT ( 'NONE',  ( 1.149675466324215000, 0.7697768919908822800, -1.149675466323979200 ) ) ;
#1423 = CARTESIAN_POINT ( 'NONE',  ( 1.149248768270385600, 0.7874706738059259500, -0.9490351387975063400 ) ) ;
#1424 = CARTESIAN_POINT ( 'NONE',  ( 0.9619593477727167400, 0.8568520617057598900, -1.159206173455912900 ) ) ;
#1425 = CARTESIAN_POINT ( 'NONE',  ( 1.153059650302567600, 0.8190026143443816000, -1.153059650302350500 ) ) ;
#1426 = CARTESIAN_POINT ( 'NONE',  ( 1.159206173456144500, 0.8568520617057978600, -0.9619593477725015800 ) ) ;
#1427 = CARTESIAN_POINT ( 'NONE',  ( 0.9973215002785160700, 0.9567883698986631200, -1.187415930475879600 ) ) ;
#1428 = CARTESIAN_POINT ( 'NONE',  ( 1.170460299261005800, 0.9045035500209411800, -1.170460299260803500 ) ) ;
#1429 = CARTESIAN_POINT ( 'NONE',  ( 1.187415930476087800, 0.9567883698987058600, -0.9973215002783303300 ) ) ;
#1430 = CARTESIAN_POINT ( 'NONE',  ( 1.011519980861122800, 0.9889710290088892200, -1.198851033769488000 ) ) ;
#1431 = CARTESIAN_POINT ( 'NONE',  ( 1.178079795508489200, 0.9333671008513146900, -1.178079795508308000 ) ) ;
#1432 = CARTESIAN_POINT ( 'NONE',  ( 1.198851033769690000, 0.9889710290089425100, -1.011519980860957600 ) ) ;
#1433 = CARTESIAN_POINT ( 'NONE',  ( 1.035689089481016500, 1.036022706070439700, -1.218614498995081800 ) ) ;
#1434 = CARTESIAN_POINT ( 'NONE',  ( 1.192842051493793400, 0.9776876902906741500, -1.192842051493612200 ) ) ;
#1435 = CARTESIAN_POINT ( 'NONE',  ( 1.218614498995267000, 1.036022706070493800, -1.035689089480858600 ) ) ;
#1436 = CARTESIAN_POINT ( 'NONE',  ( 1.044227298663795000, 1.051499729573019500, -1.225639567021142400 ) ) ;
#1437 = CARTESIAN_POINT ( 'NONE',  ( 1.198248815713244900, 0.9924801190768499600, -1.198248815713079300 ) ) ;
#1438 = CARTESIAN_POINT ( 'NONE',  ( 1.225639567021322000, 1.051499729573076400, -1.044227298663649600 ) ) ;
#1439 = CARTESIAN_POINT ( 'NONE',  ( 1.062174119208554500, 1.082089419836495600, -1.240509455268557400 ) ) ;
#1440 = CARTESIAN_POINT ( 'NONE',  ( 1.210104495511291800, 1.022183330368566600, -1.210104495511130400 ) ) ;
#1441 = CARTESIAN_POINT ( 'NONE',  ( 1.240509455268725500, 1.082089419836556300, -1.062174119208423800 ) ) ;
#1442 = CARTESIAN_POINT ( 'NONE',  ( 1.071400875918534500, 1.096008995288377400, -1.247871464153699000 ) ) ;
#1443 = CARTESIAN_POINT ( 'NONE',  ( 1.215671137551362700, 1.035633382908756100, -1.215671137551226400 ) ) ;
#1444 = CARTESIAN_POINT ( 'NONE',  ( 1.247871464153944800, 1.096008995288594100, -1.071400875918504700 ) ) ;
#1445 = CARTESIAN_POINT ( 'NONE',  ( 1.081299265581591200, 1.114568475906569000, -1.257769853816742300 ) ) ;
#1446 = CARTESIAN_POINT ( 'NONE',  ( 1.225775186261479600, 1.054578474240212200, -1.225775186261333100 ) ) ;
#1447 = CARTESIAN_POINT ( 'NONE',  ( 1.257769853816901500, 1.114568475906642300, -1.081299265581477700 ) ) ;
#1448 = CARTESIAN_POINT ( 'NONE',  ( 1.267038560904351500, 0.3180526983043837100, 1.090567972669118900 ) ) ;
#1449 = FILL_AREA_STYLE_COLOUR ( '', #1839 ) ;
#1450 = FILL_AREA_STYLE ('',( #1394 ) ) ;
#1451 = SURFACE_SIDE_STYLE ('',( #1834 ) ) ;
#1452 = SURFACE_STYLE_USAGE ( .BOTH. , #1451 ) ;
#1453 =( LENGTH_UNIT ( ) NAMED_UNIT ( * ) SI_UNIT ( .MILLI., .METRE. ) );
#1454 =( NAMED_UNIT ( * ) PLANE_ANGLE_UNIT ( ) SI_UNIT ( $, .RADIAN. ) );
#1455 =( NAMED_UNIT ( * ) SI_UNIT ( $, .STERADIAN. ) SOLID_ANGLE_UNIT ( ) );
#1456 = CARTESIAN_POINT ( 'NONE',  ( 1.235043893348962900, 0.3780426999707521800, 1.235043893349050200 ) ) ;
#1457 = CARTESIAN_POINT ( 'NONE',  ( 1.090567972669047800, 0.3180526983043462900, 1.267038560904442800 ) ) ;
#1458 = CARTESIAN_POINT ( 'NONE',  ( 1.247085564367491900, 0.3554645668110051300, 1.070614976093775300 ) ) ;
#1459 = CARTESIAN_POINT ( 'NONE',  ( 1.214551310941135700, 0.4164662919519700500, 1.214551310976950800 ) ) ;
#1460 = CARTESIAN_POINT ( 'NONE',  ( 1.070614976059133900, 0.3554645667961251500, 1.247085564375509200 ) ) ;
#1461 = CARTESIAN_POINT ( 'NONE',  ( 1.232137724414292600, 0.3836989810929274900, 1.052141941111773600 ) ) ;
#1462 = CARTESIAN_POINT ( 'NONE',  ( 1.203096560558258400, 0.4437711056416987500, 1.203096560558366100 ) ) ;
#1463 = CARTESIAN_POINT ( 'NONE',  ( 1.052141941111675500, 0.3836989810929010700, 1.232137724414398900 ) ) ;
#1464 = CARTESIAN_POINT ( 'NONE',  ( 1.204531398229367300, 0.4463156098568778500, 1.018519798670375600 ) ) ;
#1465 = CARTESIAN_POINT ( 'NONE',  ( 1.182096376802126200, 0.5031406043671835500, 1.182096376802244800 ) ) ;
#1466 = CARTESIAN_POINT ( 'NONE',  ( 1.018519798670267400, 0.4463156098568505400, 1.204531398229484100 ) ) ;
#1467 = CARTESIAN_POINT ( 'NONE',  ( 1.192502371309408700, 0.4783147501821163300, 1.003643371697242800 ) ) ;
#1468 = CARTESIAN_POINT ( 'NONE',  ( 1.173820701258778700, 0.5322849217584025800, 1.173820701258899500 ) ) ;
#1469 = CARTESIAN_POINT ( 'NONE',  ( 1.003643371697119600, 0.4783147501821171100, 1.192502371309516200 ) ) ;
#1470 = CARTESIAN_POINT ( 'NONE',  ( 1.162466335356054700, 0.5771169536760543100, 0.9661246857009399000 ) ) ;
#1471 = CARTESIAN_POINT ( 'NONE',  ( 1.154630813692838300, 0.6183612570435538200, 1.154630813692943500 ) ) ;
#1472 = CARTESIAN_POINT ( 'NONE',  ( 0.9661246857008601900, 0.5771169536759863700, 1.162466335356195900 ) ) ;
#1473 = CARTESIAN_POINT ( 'NONE',  ( 1.150841109037799200, 0.6466302718523288000, 0.9510803011609048100 ) ) ;
#1474 = CARTESIAN_POINT ( 'NONE',  ( 1.150362519454657200, 0.6689591202500647600, 1.150362519454788600 ) ) ;
#1475 = CARTESIAN_POINT ( 'NONE',  ( 0.9510803011607734700, 0.6466302718522891600, 1.150841109037930700 ) ) ;
#1476 = CARTESIAN_POINT ( 'NONE',  ( 1.149248768270381100, 0.7874706738058507800, 0.9490351387978586100 ) ) ;
#1477 = CARTESIAN_POINT ( 'NONE',  ( 1.149675466324215900, 0.7697768919908654100, 1.149675466324347400 ) ) ;
#1478 = CARTESIAN_POINT ( 'NONE',  ( 0.9490351387977272700, 0.7874706738058895300, 1.149248768270512100 ) ) ;
#1479 = CARTESIAN_POINT ( 'NONE',  ( 1.159206173456146500, 0.8568520617057806500, 0.9619593477728272100 ) ) ;
#1480 = CARTESIAN_POINT ( 'NONE',  ( 1.153059650302570100, 0.8190026143444262300, 1.153059650302683300 ) ) ;
#1481 = CARTESIAN_POINT ( 'NONE',  ( 0.9619593477727093100, 0.8568520617057575600, 1.159206173456264400 ) ) ;
#1482 = CARTESIAN_POINT ( 'NONE',  ( 1.187415930476052300, 0.9567883698985959500, 0.9973215002786070000 ) ) ;
#1483 = CARTESIAN_POINT ( 'NONE',  ( 1.170460299261005600, 0.9045035500208993300, 1.170460299261133700 ) ) ;
#1484 = CARTESIAN_POINT ( 'NONE',  ( 0.9973215002784889800, 0.9567883698986375800, 1.187415930476177800 ) ) ;
#1485 = CARTESIAN_POINT ( 'NONE',  ( 1.198851033769661000, 0.9889710290088640200, 1.011519980861192800 ) ) ;
#1486 = CARTESIAN_POINT ( 'NONE',  ( 1.178079795508500300, 0.9333671008512930400, 1.178079795508609300 ) ) ;
#1487 = CARTESIAN_POINT ( 'NONE',  ( 1.011519980861098600, 0.9889710290088820100, 1.198851033769773100 ) ) ;
#1488 = CARTESIAN_POINT ( 'NONE',  ( 1.218614498995233900, 1.036022706070418100, 1.035689089481083100 ) ) ;
#1489 = CARTESIAN_POINT ( 'NONE',  ( 1.192842051493787900, 0.9776876902906612700, 1.192842051493896900 ) ) ;
#1490 = CARTESIAN_POINT ( 'NONE',  ( 1.035689089480981400, 1.036022706070450100, 1.218614498995343600 ) ) ;
#1491 = CARTESIAN_POINT ( 'NONE',  ( 1.225639567021284300, 1.051499729572994200, 1.044227298663843700 ) ) ;
#1492 = CARTESIAN_POINT ( 'NONE',  ( 1.198248815713244000, 0.9924801190768316500, 1.198248815713339500 ) ) ;
#1493 = CARTESIAN_POINT ( 'NONE',  ( 1.044227298663762600, 1.051499729573026000, 1.225639567021391300 ) ) ;
#1494 = CARTESIAN_POINT ( 'NONE',  ( 1.240509455268691500, 1.082089419836488500, 1.062174119208610300 ) ) ;
#1495 = CARTESIAN_POINT ( 'NONE',  ( 1.210104495511289000, 1.022183330368548600, 1.210104495511394000 ) ) ;
#1496 = CARTESIAN_POINT ( 'NONE',  ( 1.062174119208514800, 1.082089419836516700, 1.240509455268790500 ) ) ;
#1497 = CARTESIAN_POINT ( 'NONE',  ( 1.247871464153899700, 1.096008995288509500, 1.071400875918681500 ) ) ;
#1498 = CARTESIAN_POINT ( 'NONE',  ( 1.215671137551359600, 1.035633382908745400, 1.215671137551441300 ) ) ;
#1499 = CARTESIAN_POINT ( 'NONE',  ( 1.071400875918532900, 1.096008995288386700, 1.247871464153914800 ) ) ;
#1500 = CARTESIAN_POINT ( 'NONE',  ( 1.257769853816857400, 1.114568475906559900, 1.081299265581629400 ) ) ;
#1501 = CARTESIAN_POINT ( 'NONE',  ( 1.225775186261469000, 1.054578474240191600, 1.225775186261560900 ) ) ;
#1502 = CARTESIAN_POINT ( 'NONE',  ( 1.081299265581553600, 1.114568475906597700, 1.257769853816953100 ) ) ;
#1503 = CARTESIAN_POINT ( 'NONE',  ( 0.7083547981094456800, 0.3424506357642593800, 1.452339288978352200 ) ) ;
#1504 = FILL_AREA_STYLE_COLOUR ( '', #1843 ) ;
#1505 = FILL_AREA_STYLE ('',( #1449 ) ) ;
#1506 = SURFACE_SIDE_STYLE ('',( #1838 ) ) ;
#1507 = SURFACE_STYLE_USAGE ( .BOTH. , #1506 ) ;
#1508 =( LENGTH_UNIT ( ) NAMED_UNIT ( * ) SI_UNIT ( .MILLI., .METRE. ) );
#1509 =( NAMED_UNIT ( * ) PLANE_ANGLE_UNIT ( ) SI_UNIT ( $, .RADIAN. ) );
#1510 =( NAMED_UNIT ( * ) SI_UNIT ( $, .STERADIAN. ) SOLID_ANGLE_UNIT ( ) );
#1511 = CARTESIAN_POINT ( 'NONE',  ( 0.6539920929460590900, 0.3545624428984467900, 1.497566697120937200 ) ) ;
#1512 = CARTESIAN_POINT ( 'NONE',  ( 0.5835712484882696900, 0.3424506357642573800, 1.504026327592500100 ) ) ;
#1513 = CARTESIAN_POINT ( 'NONE',  ( 0.7011142226838227300, 0.3752261896241739800, 1.434858993586403600 ) ) ;
#1514 = CARTESIAN_POINT ( 'NONE',  ( 0.6468499496252506600, 0.3868924290288738900, 1.480324037851397500 ) ) ;
#1515 = CARTESIAN_POINT ( 'NONE',  ( 0.5763306730626479600, 0.3752261896241984600, 1.486546032200545000 ) ) ;
#1516 = CARTESIAN_POINT ( 'NONE',  ( 0.6968299271948508200, 0.4047687525796871400, 1.418891042555069100 ) ) ;
#1517 = CARTESIAN_POINT ( 'NONE',  ( 0.6413246538692692900, 0.4163454612602599500, 1.466984793901158400 ) ) ;
#1518 = CARTESIAN_POINT ( 'NONE',  ( 0.5680690809996200600, 0.4047687525796647100, 1.472225531351797600 ) ) ;
#1519 = CARTESIAN_POINT ( 'NONE',  ( 0.6878657700474487500, 0.4674073464687271100, 1.391456156782801200 ) ) ;
#1520 = CARTESIAN_POINT ( 'NONE',  ( 0.6312763893141988300, 0.4777443950045265900, 1.442726137334119800 ) ) ;
#1521 = CARTESIAN_POINT ( 'NONE',  ( 0.5550083035354304000, 0.4674073464687462100, 1.446487521274582500 ) ) ;
#1522 = CARTESIAN_POINT ( 'NONE',  ( 0.6840976312818706200, 0.4993327062834950200, 1.379676670808357000 ) ) ;
#1523 = CARTESIAN_POINT ( 'NONE',  ( 0.6270409752272573200, 0.5088159307442456900, 1.432500943203041100 ) ) ;
#1524 = CARTESIAN_POINT ( 'NONE',  ( 0.5493434255976773500, 0.4993327062834980700, 1.435493690389580500 ) ) ;
#1525 = CARTESIAN_POINT ( 'NONE',  ( 0.6751600959758892200, 0.5948027439331817800, 1.351392026715405800 ) ) ;
#1526 = CARTESIAN_POINT ( 'NONE',  ( 0.6169520276455660000, 0.6012969339212600500, 1.408144069121471500 ) ) ;
#1527 = CARTESIAN_POINT ( 'NONE',  ( 0.5356629537779240600, 0.5948027439331767800, 1.409173634926055100 ) ) ;
#1528 = CARTESIAN_POINT ( 'NONE',  ( 0.6721725485591044700, 0.6587301103081364400, 1.341471306168250600 ) ) ;
#1529 = CARTESIAN_POINT ( 'NONE',  ( 0.6135958764131010900, 0.6619649633152332500, 1.400041603298634000 ) ) ;
#1530 = CARTESIAN_POINT ( 'NONE',  ( 0.5307604600423053700, 0.6587301103081362200, 1.400046111115374800 ) ) ;
#1531 = CARTESIAN_POINT ( 'NONE',  ( 0.6721421399756105600, 0.7902877710358109400, 1.341371777832445400 ) ) ;
#1532 = CARTESIAN_POINT ( 'NONE',  ( 0.6135615389179676100, 0.7871022508306949600, 1.399958705251952400 ) ) ;
#1533 = CARTESIAN_POINT ( 'NONE',  ( 0.5307115849969169500, 0.7902877710358108300, 1.399954231838612000 ) ) ;
#1534 = CARTESIAN_POINT ( 'NONE',  ( 0.6751017902348817000, 0.8544668449545558300, 1.351205641981540600 ) ) ;
#1535 = CARTESIAN_POINT ( 'NONE',  ( 0.6168859968913946700, 0.8479968044837913300, 1.407984656779037100 ) ) ;
#1536 = CARTESIAN_POINT ( 'NONE',  ( 0.5355723882536699300, 0.8544668449545757000, 1.409000612631981200 ) ) ;
#1537 = CARTESIAN_POINT ( 'NONE',  ( 0.6840832439753555800, 0.9505670164699923100, 1.379632064619046100 ) ) ;
#1538 = CARTESIAN_POINT ( 'NONE',  ( 0.6270247385707911100, 0.9410850862489034100, 1.432461744446860100 ) ) ;
#1539 = CARTESIAN_POINT ( 'NONE',  ( 0.5493220576206876400, 0.9505670164699828700, 1.435451975688630400 ) ) ;
#1540 = CARTESIAN_POINT ( 'NONE',  ( 0.6878581503835827800, 0.9825258700895332900, 1.391432239877789600 ) ) ;
#1541 = CARTESIAN_POINT ( 'NONE',  ( 0.6312678469351060700, 0.9721908638371892200, 1.442705514206549500 ) ) ;
#1542 = CARTESIAN_POINT ( 'NONE',  ( 0.5549967796457655500, 0.9825258700895341800, 1.446465221552881000 ) ) ;
#1543 = CARTESIAN_POINT ( 'NONE',  ( 0.6968045267266306200, 1.045067247012020100, 1.418813898777260300 ) ) ;
#1544 = CARTESIAN_POINT ( 'NONE',  ( 0.6412962655721754500, 1.033493516630524100, 1.466916258489403800 ) ) ;
#1545 = CARTESIAN_POINT ( 'NONE',  ( 0.5680324929544697800, 1.045067247012023200, 1.472153021620049600 ) ) ;
#1546 = CARTESIAN_POINT ( 'NONE',  ( 0.7010849126159741700, 1.074641133944647800, 1.434788232823116700 ) ) ;
#1547 = CARTESIAN_POINT ( 'NONE',  ( 0.6468217016077085800, 1.062979702070406800, 1.480255841104348000 ) ) ;
#1548 = CARTESIAN_POINT ( 'NONE',  ( 0.5763013629947905100, 1.074641133944606900, 1.486475271437241300 ) ) ;
#1549 = CARTESIAN_POINT ( 'NONE',  ( 0.7083367377005136400, 1.107467611077889800, 1.452295687294164800 ) ) ;
#1550 = CARTESIAN_POINT ( 'NONE',  ( 0.6539740325371267100, 1.095355803943703000, 1.497523095436750700 ) ) ;
#1551 = CARTESIAN_POINT ( 'NONE',  ( 0.5835531880793377600, 1.107467611077891800, 1.503982725908313200 ) ) ;
#1552 = CARTESIAN_POINT ( 'NONE',  ( -0.5835712484883373000, 0.3424506357642217400, 1.504026327592518300 ) ) ;
#1553 = FILL_AREA_STYLE_COLOUR ( '', #1847 ) ;
#1554 = FILL_AREA_STYLE ('',( #1504 ) ) ;
#1555 = SURFACE_SIDE_STYLE ('',( #1842 ) ) ;
#1556 = SURFACE_STYLE_USAGE ( .BOTH. , #1555 ) ;
#1557 =( LENGTH_UNIT ( ) NAMED_UNIT ( * ) SI_UNIT ( .MILLI., .METRE. ) );
#1558 =( NAMED_UNIT ( * ) PLANE_ANGLE_UNIT ( ) SI_UNIT ( $, .RADIAN. ) );
#1559 =( NAMED_UNIT ( * ) SI_UNIT ( $, .STERADIAN. ) SOLID_ANGLE_UNIT ( ) );
#1560 = CARTESIAN_POINT ( 'NONE',  ( -0.6539920929461191500, 0.3545624428984270300, 1.497566697120947400 ) ) ;
#1561 = CARTESIAN_POINT ( 'NONE',  ( -0.7083547981095017500, 0.3424506357642542700, 1.452339288978358600 ) ) ;
#1562 = CARTESIAN_POINT ( 'NONE',  ( -0.5763306730626324100, 0.3752261896241564900, 1.486546032200566800 ) ) ;
#1563 = CARTESIAN_POINT ( 'NONE',  ( -0.6468499496252423400, 0.3868924290288696700, 1.480324037851437100 ) ) ;
#1564 = CARTESIAN_POINT ( 'NONE',  ( -0.7011142226838188400, 0.3752261896241895800, 1.434858993586444200 ) ) ;
#1565 = CARTESIAN_POINT ( 'NONE',  ( -0.5680690809996593600, 0.4047687525796454000, 1.472225531351806400 ) ) ;
#1566 = CARTESIAN_POINT ( 'NONE',  ( -0.6413246538693077000, 0.4163454612602414100, 1.466984793901170000 ) ) ;
#1567 = CARTESIAN_POINT ( 'NONE',  ( -0.6968299271948890100, 0.4047687525796667700, 1.418891042555083100 ) ) ;
#1568 = CARTESIAN_POINT ( 'NONE',  ( -0.5550083035354689300, 0.4674073464687078500, 1.446487521274596700 ) ) ;
#1569 = CARTESIAN_POINT ( 'NONE',  ( -0.6312763893142273600, 0.4777443950045113200, 1.442726137334120500 ) ) ;
#1570 = CARTESIAN_POINT ( 'NONE',  ( -0.6878657700474725100, 0.4674073464687322200, 1.391456156782799700 ) ) ;
#1571 = CARTESIAN_POINT ( 'NONE',  ( -0.5493434255976779000, 0.4993327062834835300, 1.435493690389584500 ) ) ;
#1572 = CARTESIAN_POINT ( 'NONE',  ( -0.6270409752272414500, 0.5088159307442380300, 1.432500943203062400 ) ) ;
#1573 = CARTESIAN_POINT ( 'NONE',  ( -0.6840976312818604100, 0.4993327062834895800, 1.379676670808389400 ) ) ;
#1574 = CARTESIAN_POINT ( 'NONE',  ( -0.5356629537779779000, 0.5948027439331363700, 1.409173634926063300 ) ) ;
#1575 = CARTESIAN_POINT ( 'NONE',  ( -0.6169520276456446100, 0.6012969339212384000, 1.408144069121436600 ) ) ;
#1576 = CARTESIAN_POINT ( 'NONE',  ( -0.6751600959759533900, 0.5948027439331721200, 1.351392026715349000 ) ) ;
#1577 = CARTESIAN_POINT ( 'NONE',  ( -0.5307604600423424500, 0.6587301103081167900, 1.400046111115375000 ) ) ;
#1578 = CARTESIAN_POINT ( 'NONE',  ( -0.6135958764131423900, 0.6619649633152086000, 1.400041603298633100 ) ) ;
#1579 = CARTESIAN_POINT ( 'NONE',  ( -0.6721725485591439900, 0.6587301103081031300, 1.341471306168211300 ) ) ;
#1580 = CARTESIAN_POINT ( 'NONE',  ( -0.5307115849968806500, 0.7902877710358168200, 1.399954231838610900 ) ) ;
#1581 = CARTESIAN_POINT ( 'NONE',  ( -0.6135615389179267500, 0.7871022508307045100, 1.399958705251952000 ) ) ;
#1582 = CARTESIAN_POINT ( 'NONE',  ( -0.6721421399755713700, 0.7902877710358304800, 1.341371777832483400 ) ) ;
#1583 = CARTESIAN_POINT ( 'NONE',  ( -0.5355723882537115600, 0.8544668449545523800, 1.409000612631974100 ) ) ;
#1584 = CARTESIAN_POINT ( 'NONE',  ( -0.6168859968914618400, 0.8479968044837672400, 1.407984656779024400 ) ) ;
#1585 = CARTESIAN_POINT ( 'NONE',  ( -0.6751017902349252300, 0.8544668449545398400, 1.351205641981496400 ) ) ;
#1586 = CARTESIAN_POINT ( 'NONE',  ( -0.5493220576206888600, 0.9505670164699998600, 1.435451975688634400 ) ) ;
#1587 = CARTESIAN_POINT ( 'NONE',  ( -0.6270247385707767900, 0.9410850862489055200, 1.432461744446862800 ) ) ;
#1588 = CARTESIAN_POINT ( 'NONE',  ( -0.6840832439753512500, 0.9505670164699804300, 1.379632064619064500 ) ) ;
#1589 = CARTESIAN_POINT ( 'NONE',  ( -0.5549967796457854200, 0.9825258700895231900, 1.446465221552876800 ) ) ;
#1590 = CARTESIAN_POINT ( 'NONE',  ( -0.6312678469351126200, 0.9721908638371681300, 1.442705514206537900 ) ) ;
#1591 = CARTESIAN_POINT ( 'NONE',  ( -0.6878581503835936600, 0.9825258700894999900, 1.391432239877786500 ) ) ;
#1592 = CARTESIAN_POINT ( 'NONE',  ( -0.5680324929545176300, 1.045067247012044800, 1.472153021620059300 ) ) ;
#1593 = CARTESIAN_POINT ( 'NONE',  ( -0.6412962655722279600, 1.033493516630533000, 1.466916258489411800 ) ) ;
#1594 = CARTESIAN_POINT ( 'NONE',  ( -0.6968045267266735900, 1.045067247012023200, 1.418813898777258300 ) ) ;
#1595 = CARTESIAN_POINT ( 'NONE',  ( -0.5763013629948338100, 1.074641133944603400, 1.486475271437239100 ) ) ;
#1596 = CARTESIAN_POINT ( 'NONE',  ( -0.6468217016077152400, 1.062979702070401500, 1.480255841104330300 ) ) ;
#1597 = CARTESIAN_POINT ( 'NONE',  ( -0.7010849126159965900, 1.074641133944618500, 1.434788232823120500 ) ) ;
#1598 = CARTESIAN_POINT ( 'NONE',  ( -0.5835531880793981600, 1.107467611077901400, 1.503982725908318100 ) ) ;
#1599 = CARTESIAN_POINT ( 'NONE',  ( -0.6539740325371805600, 1.095355803943696400, 1.497523095436746900 ) ) ;
#1600 = CARTESIAN_POINT ( 'NONE',  ( -0.7083367377005633800, 1.107467611077869800, 1.452295687294158600 ) ) ;
#1601 = CARTESIAN_POINT ( 'NONE',  ( 0.5721572875253253500, 0.3499999999999999800, -1.299999999999991800 ) ) ;
#1602 = DIRECTION ( 'NONE',  ( 0.0000000000000000000, -1.000000000000000000, 0.0000000000000000000 ) ) ;
#1603 = FILL_AREA_STYLE_COLOUR ( '', #1849 ) ;
#1604 = FILL_AREA_STYLE ('',( #1553 ) ) ;
#1605 = SURFACE_SIDE_STYLE ('',( #1846 ) ) ;
#1606 = SURFACE_STYLE_USAGE ( .BOTH. , #1605 ) ;
#1607 =( LENGTH_UNIT ( ) NAMED_UNIT ( * ) SI_UNIT ( .MILLI., .METRE. ) );
#1608 =( NAMED_UNIT ( * ) PLANE_ANGLE_UNIT ( ) SI_UNIT ( $, .RADIAN. ) );
#1609 =( NAMED_UNIT ( * ) SI_UNIT ( $, .STERADIAN. ) SOLID_ANGLE_UNIT ( ) );
#1610 = DIRECTION ( 'NONE',  ( 0.0000000000000000000, 0.0000000000000000000, -1.000000000000000000 ) ) ;
#1611 = CARTESIAN_POINT ( 'NONE',  ( -0.5721572875254397100, 0.3499999999999999800, -1.300000000000002900 ) ) ;
#1612 = DIRECTION ( 'NONE',  ( 0.0000000000000000000, -1.000000000000000000, 0.0000000000000000000 ) ) ;
#1613 = FILL_AREA_STYLE_COLOUR ( '', #1854 ) ;
#1614 = FILL_AREA_STYLE ('',( #1603 ) ) ;
#1615 = SURFACE_SIDE_STYLE ('',( #1852 ) ) ;
#1616 = SURFACE_STYLE_USAGE ( .BOTH. , #1615 ) ;
#1617 =( LENGTH_UNIT ( ) NAMED_UNIT ( * ) SI_UNIT ( .MILLI., .METRE. ) );
#1618 =( NAMED_UNIT ( * ) PLANE_ANGLE_UNIT ( ) SI_UNIT ( $, .RADIAN. ) );
#1619 =( NAMED_UNIT ( * ) SI_UNIT ( $, .STERADIAN. ) SOLID_ANGLE_UNIT ( ) );
#1620 = DIRECTION ( 'NONE',  ( 0.0000000000000000000, 0.0000000000000000000, -1.000000000000000000 ) ) ;
#1621 = CARTESIAN_POINT ( 'NONE',  ( 0.5721572875253035900, 0.3499999999999999800, 1.299999999999991800 ) ) ;
#1622 = DIRECTION ( 'NONE',  ( 0.0000000000000000000, -1.000000000000000000, 0.0000000000000000000 ) ) ;
#1623 = FILL_AREA_STYLE_COLOUR ( '', #1859 ) ;
#1624 = FILL_AREA_STYLE ('',( #1613 ) ) ;
#1625 = SURFACE_SIDE_STYLE ('',( #1857 ) ) ;
#1626 = SURFACE_STYLE_USAGE ( .BOTH. , #1625 ) ;
#1627 =( LENGTH_UNIT ( ) NAMED_UNIT ( * ) SI_UNIT ( .MILLI., .METRE. ) );
#1628 =( NAMED_UNIT ( * ) PLANE_ANGLE_UNIT ( ) SI_UNIT ( $, .RADIAN. ) );
#1629 =( NAMED_UNIT ( * ) SI_UNIT ( $, .STERADIAN. ) SOLID_ANGLE_UNIT ( ) );
#1630 = DIRECTION ( 'NONE',  ( 0.0000000000000000000, 0.0000000000000000000, -1.000000000000000000 ) ) ;
#1631 = CARTESIAN_POINT ( 'NONE',  ( -0.5721572875254098400, 0.3499999999999999800, 1.299999999999991800 ) ) ;
#1632 = DIRECTION ( 'NONE',  ( 0.0000000000000000000, -1.000000000000000000, 0.0000000000000000000 ) ) ;
#1633 = FILL_AREA_STYLE_COLOUR ( '', #1864 ) ;
#1634 = FILL_AREA_STYLE ('',( #1623 ) ) ;
#1635 = SURFACE_SIDE_STYLE ('',( #1862 ) ) ;
#1636 = SURFACE_STYLE_USAGE ( .BOTH. , #1635 ) ;
#1637 =( LENGTH_UNIT ( ) NAMED_UNIT ( * ) SI_UNIT ( .MILLI., .METRE. ) );
#1638 =( NAMED_UNIT ( * ) PLANE_ANGLE_UNIT ( ) SI_UNIT ( $, .RADIAN. ) );
#1639 =( NAMED_UNIT ( * ) SI_UNIT ( $, .STERADIAN. ) SOLID_ANGLE_UNIT ( ) );
#1640 = DIRECTION ( 'NONE',  ( 0.0000000000000000000, 0.0000000000000000000, -1.000000000000000000 ) ) ;
#1641 = CARTESIAN_POINT ( 'NONE',  ( -1.349999999999999000, 0.3499999999999999800, 1.099999999999990100 ) ) ;
#1642 = DIRECTION ( 'NONE',  ( 0.0000000000000000000, -1.000000000000000000, 0.0000000000000000000 ) ) ;
#1643 = FILL_AREA_STYLE_COLOUR ( '', #1869 ) ;
#1644 = FILL_AREA_STYLE ('',( #1633 ) ) ;
#1645 = SURFACE_SIDE_STYLE ('',( #1867 ) ) ;
#1646 = SURFACE_STYLE_USAGE ( .BOTH. , #1645 ) ;
#1647 =( LENGTH_UNIT ( ) NAMED_UNIT ( * ) SI_UNIT ( .MILLI., .METRE. ) );
#1648 =( NAMED_UNIT ( * ) PLANE_ANGLE_UNIT ( ) SI_UNIT ( $, .RADIAN. ) );
#1649 =( NAMED_UNIT ( * ) SI_UNIT ( $, .STERADIAN. ) SOLID_ANGLE_UNIT ( ) );
#1650 = DIRECTION ( 'NONE',  ( 0.0000000000000000000, 0.0000000000000000000, -1.000000000000000000 ) ) ;
#1651 = CARTESIAN_POINT ( 'NONE',  ( -1.349999999999999000, 0.3499999999999999800, -1.099999999999985000 ) ) ;
#1652 = DIRECTION ( 'NONE',  ( 0.0000000000000000000, -1.000000000000000000, 0.0000000000000000000 ) ) ;
#1653 = FILL_AREA_STYLE_COLOUR ( '', #1874 ) ;
#1654 = FILL_AREA_STYLE ('',( #1643 ) ) ;
#1655 = SURFACE_SIDE_STYLE ('',( #1872 ) ) ;
#1656 = SURFACE_STYLE_USAGE ( .BOTH. , #1655 ) ;
#1657 =( LENGTH_UNIT ( ) NAMED_UNIT ( * ) SI_UNIT ( .MILLI., .METRE. ) );
#1658 =( NAMED_UNIT ( * ) PLANE_ANGLE_UNIT ( ) SI_UNIT ( $, .RADIAN. ) );
#1659 =( NAMED_UNIT ( * ) SI_UNIT ( $, .STERADIAN. ) SOLID_ANGLE_UNIT ( ) );
#1660 = DIRECTION ( 'NONE',  ( 0.0000000000000000000, 0.0000000000000000000, -1.000000000000000000 ) ) ;
#1661 = CARTESIAN_POINT ( 'NONE',  ( 1.349999999999971000, 0.3499999999999999800, 1.099999999999990100 ) ) ;
#1662 = DIRECTION ( 'NONE',  ( 0.0000000000000000000, -1.000000000000000000, 0.0000000000000000000 ) ) ;
#1663 = FILL_AREA_STYLE_COLOUR ( '', #1879 ) ;
#1664 = FILL_AREA_STYLE ('',( #1653 ) ) ;
#1665 = SURFACE_SIDE_STYLE ('',( #1877 ) ) ;
#1666 = SURFACE_STYLE_USAGE ( .BOTH. , #1665 ) ;
#1667 =( LENGTH_UNIT ( ) NAMED_UNIT ( * ) SI_UNIT ( .MILLI., .METRE. ) );
#1668 =( NAMED_UNIT ( * ) PLANE_ANGLE_UNIT ( ) SI_UNIT ( $, .RADIAN. ) );
#1669 =( NAMED_UNIT ( * ) SI_UNIT ( $, .STERADIAN. ) SOLID_ANGLE_UNIT ( ) );
#1670 = DIRECTION ( 'NONE',  ( 0.0000000000000000000, 0.0000000000000000000, -1.000000000000000000 ) ) ;
#1671 = CARTESIAN_POINT ( 'NONE',  ( 1.349999999999971000, 0.3499999999999999800, -1.099999999999963700 ) ) ;
#1672 = DIRECTION ( 'NONE',  ( 0.0000000000000000000, -1.000000000000000000, 0.0000000000000000000 ) ) ;
#1673 = FILL_AREA_STYLE_COLOUR ( '', #1884 ) ;
#1674 = FILL_AREA_STYLE ('',( #1663 ) ) ;
#1675 = SURFACE_SIDE_STYLE ('',( #1882 ) ) ;
#1676 = SURFACE_STYLE_USAGE ( .BOTH. , #1675 ) ;
#1677 =( LENGTH_UNIT ( ) NAMED_UNIT ( * ) SI_UNIT ( .MILLI., .METRE. ) );
#1678 =( NAMED_UNIT ( * ) PLANE_ANGLE_UNIT ( ) SI_UNIT ( $, .RADIAN. ) );
#1679 =( NAMED_UNIT ( * ) SI_UNIT ( $, .STERADIAN. ) SOLID_ANGLE_UNIT ( ) );
#1680 = DIRECTION ( 'NONE',  ( 0.0000000000000000000, 0.0000000000000000000, -1.000000000000000000 ) ) ;
#1681 = PLANE ( 'NONE',  #3813 ) ;
#1682 = PLANE ( 'NONE',  #3808 ) ;
#1683 = FILL_AREA_STYLE_COLOUR ( '', #1892 ) ;
#1684 = FILL_AREA_STYLE ('',( #1673 ) ) ;
#1685 = SURFACE_SIDE_STYLE ('',( #1887 ) ) ;
#1686 = SURFACE_STYLE_USAGE ( .BOTH. , #1685 ) ;
#1687 =( LENGTH_UNIT ( ) NAMED_UNIT ( * ) SI_UNIT ( .MILLI., .METRE. ) );
#1688 =( NAMED_UNIT ( * ) PLANE_ANGLE_UNIT ( ) SI_UNIT ( $, .RADIAN. ) );
#1689 =( NAMED_UNIT ( * ) SI_UNIT ( $, .STERADIAN. ) SOLID_ANGLE_UNIT ( ) );
#1690 = CARTESIAN_POINT ( 'NONE',  ( -0.5000000000000063300, -0.05000000000000000300, -1.499999999999992000 ) ) ;
#1691 = DIRECTION ( 'NONE',  ( -1.000000000000000000, 0.0000000000000000000, 1.192622389734054900E-015 ) ) ;
#1692 = DIRECTION ( 'NONE',  ( 1.192622389734054900E-015, 0.0000000000000000000, 1.000000000000000000 ) ) ;
#1693 = DIRECTION ( 'NONE',  ( -0.0000000000000000000, 1.000000000000000000, -0.0000000000000000000 ) ) ;
#1694 = FILL_AREA_STYLE_COLOUR ( '', #1896 ) ;
#1695 = FILL_AREA_STYLE ('',( #1683 ) ) ;
#1696 = SURFACE_SIDE_STYLE ('',( #1891 ) ) ;
#1697 = SURFACE_STYLE_USAGE ( .BOTH. , #1696 ) ;
#1698 =( LENGTH_UNIT ( ) NAMED_UNIT ( * ) SI_UNIT ( .MILLI., .METRE. ) );
#1699 =( NAMED_UNIT ( * ) PLANE_ANGLE_UNIT ( ) SI_UNIT ( $, .RADIAN. ) );
#1700 =( NAMED_UNIT ( * ) SI_UNIT ( $, .STERADIAN. ) SOLID_ANGLE_UNIT ( ) );
#1701 = CARTESIAN_POINT ( 'NONE',  ( -0.5000000000000027800, -0.05000000000000000300, 1.500000000000008000 ) ) ;
#1702 = DIRECTION ( 'NONE',  ( -0.0000000000000000000, 0.0000000000000000000, -1.000000000000000000 ) ) ;
#1703 = DIRECTION ( 'NONE',  ( -1.000000000000000000, 0.0000000000000000000, 0.0000000000000000000 ) ) ;
#1704 = CARTESIAN_POINT ( 'NONE',  ( -0.5721572875254156100, -0.05000000000000000300, 1.299999999999997400 ) ) ;
#1705 = FILL_AREA_STYLE_COLOUR ( '', #1897 ) ;
#1706 = FILL_AREA_STYLE ('',( #1694 ) ) ;
#1707 = SURFACE_SIDE_STYLE ('',( #1895 ) ) ;
#1708 = SURFACE_STYLE_USAGE ( .BOTH. , #1707 ) ;
#1709 =( LENGTH_UNIT ( ) NAMED_UNIT ( * ) SI_UNIT ( .MILLI., .METRE. ) );
#1710 =( NAMED_UNIT ( * ) PLANE_ANGLE_UNIT ( ) SI_UNIT ( $, .RADIAN. ) );
#1711 =( NAMED_UNIT ( * ) SI_UNIT ( $, .STERADIAN. ) SOLID_ANGLE_UNIT ( ) );
#1712 = DIRECTION ( 'NONE',  ( 0.0000000000000000000, 0.0000000000000000000, 1.000000000000000000 ) ) ;
#1713 = PLANE ( 'NONE',  #3828 ) ;
#1714 = PLANE ( 'NONE',  #3823 ) ;
#1715 = FILL_AREA_STYLE_COLOUR ( '', #1905 ) ;
#1716 = FILL_AREA_STYLE ('',( #1705 ) ) ;
#1717 = SURFACE_SIDE_STYLE ('',( #1900 ) ) ;
#1718 = SURFACE_STYLE_USAGE ( .BOTH. , #1717 ) ;
#1719 =( LENGTH_UNIT ( ) NAMED_UNIT ( * ) SI_UNIT ( .MILLI., .METRE. ) );
#1720 =( NAMED_UNIT ( * ) PLANE_ANGLE_UNIT ( ) SI_UNIT ( $, .RADIAN. ) );
#1721 =( NAMED_UNIT ( * ) SI_UNIT ( $, .STERADIAN. ) SOLID_ANGLE_UNIT ( ) );
#1722 = CARTESIAN_POINT ( 'NONE',  ( -0.7135786437627120700, -0.05000000000000000300, 1.441421356237335000 ) ) ;
#1723 = DIRECTION ( 'NONE',  ( 0.7071067811865028300, 0.0000000000000000000, -0.7071067811865923100 ) ) ;
#1724 = DIRECTION ( 'NONE',  ( -0.7071067811865923100, 0.0000000000000000000, -0.7071067811865028300 ) ) ;
#1725 = DIRECTION ( 'NONE',  ( -0.0000000000000000000, 1.000000000000000000, -0.0000000000000000000 ) ) ;
#1726 = FILL_AREA_STYLE_COLOUR ( '', #1909 ) ;
#1727 = FILL_AREA_STYLE ('',( #1715 ) ) ;
#1728 = SURFACE_SIDE_STYLE ('',( #1904 ) ) ;
#1729 = SURFACE_STYLE_USAGE ( .BOTH. , #1728 ) ;
#1730 =( LENGTH_UNIT ( ) NAMED_UNIT ( * ) SI_UNIT ( .MILLI., .METRE. ) );
#1731 =( NAMED_UNIT ( * ) PLANE_ANGLE_UNIT ( ) SI_UNIT ( $, .RADIAN. ) );
#1732 =( NAMED_UNIT ( * ) SI_UNIT ( $, .STERADIAN. ) SOLID_ANGLE_UNIT ( ) );
#1733 = CARTESIAN_POINT ( 'NONE',  ( -0.9050000000000640900, -0.05000000000000000300, 1.250000000000007100 ) ) ;
#1734 = DIRECTION ( 'NONE',  ( 6.529577128677789400E-014, 0.0000000000000000000, -1.000000000000000000 ) ) ;
#1735 = DIRECTION ( 'NONE',  ( -1.000000000000000000, 0.0000000000000000000, -6.529577128677789400E-014 ) ) ;
#1736 = CARTESIAN_POINT ( 'NONE',  ( -1.349999999999994100, -0.05000000000000000300, 1.099999999999971900 ) ) ;
#1737 = FILL_AREA_STYLE_COLOUR ( '', #1910 ) ;
#1738 = FILL_AREA_STYLE ('',( #1726 ) ) ;
#1739 = SURFACE_SIDE_STYLE ('',( #1908 ) ) ;
#1740 = SURFACE_STYLE_USAGE ( .BOTH. , #1739 ) ;
#1741 =( LENGTH_UNIT ( ) NAMED_UNIT ( * ) SI_UNIT ( .MILLI., .METRE. ) );
#1742 =( NAMED_UNIT ( * ) PLANE_ANGLE_UNIT ( ) SI_UNIT ( $, .RADIAN. ) );
#1743 =( NAMED_UNIT ( * ) SI_UNIT ( $, .STERADIAN. ) SOLID_ANGLE_UNIT ( ) );
#1744 = DIRECTION ( 'NONE',  ( 0.0000000000000000000, 0.0000000000000000000, 1.000000000000000000 ) ) ;
#1745 = DIRECTION ( 'NONE',  ( -0.0000000000000000000, 1.000000000000000000, -0.0000000000000000000 ) ) ;
#1746 = PLANE ( 'NONE',  #3838 ) ;
#1747 = FILL_AREA_STYLE_COLOUR ( '', #1918 ) ;
#1748 = FILL_AREA_STYLE ('',( #1737 ) ) ;
#1749 = SURFACE_SIDE_STYLE ('',( #1913 ) ) ;
#1750 = SURFACE_STYLE_USAGE ( .BOTH. , #1749 ) ;
#1751 =( LENGTH_UNIT ( ) NAMED_UNIT ( * ) SI_UNIT ( .MILLI., .METRE. ) );
#1752 =( NAMED_UNIT ( * ) PLANE_ANGLE_UNIT ( ) SI_UNIT ( $, .RADIAN. ) );
#1753 =( NAMED_UNIT ( * ) SI_UNIT ( $, .STERADIAN. ) SOLID_ANGLE_UNIT ( ) );
#1754 = CARTESIAN_POINT ( 'NONE',  ( -1.400000000000003000, -0.05000000000000000300, 1.241421356237284900 ) ) ;
#1755 = DIRECTION ( 'NONE',  ( 1.000000000000000000, 0.0000000000000000000, -3.231415359532103700E-015 ) ) ;
#1756 = DIRECTION ( 'NONE',  ( -3.231415359532103700E-015, 0.0000000000000000000, -1.000000000000000000 ) ) ;
#1757 = CARTESIAN_POINT ( 'NONE',  ( -1.350000000000020700, -0.05000000000000000300, -1.099999999999987900 ) ) ;
#1758 = FILL_AREA_STYLE_COLOUR ( '', #1919 ) ;
#1759 = FILL_AREA_STYLE ('',( #1747 ) ) ;
#1760 = SURFACE_SIDE_STYLE ('',( #1917 ) ) ;
#1761 = SURFACE_STYLE_USAGE ( .BOTH. , #1760 ) ;
#1762 =( LENGTH_UNIT ( ) NAMED_UNIT ( * ) SI_UNIT ( .MILLI., .METRE. ) );
#1763 =( NAMED_UNIT ( * ) PLANE_ANGLE_UNIT ( ) SI_UNIT ( $, .RADIAN. ) );
#1764 =( NAMED_UNIT ( * ) SI_UNIT ( $, .STERADIAN. ) SOLID_ANGLE_UNIT ( ) );
#1765 = DIRECTION ( 'NONE',  ( 0.0000000000000000000, 0.0000000000000000000, 1.000000000000000000 ) ) ;
#1766 = PLANE ( 'NONE',  #3853 ) ;
#1767 = PLANE ( 'NONE',  #3848 ) ;
#1768 = FILL_AREA_STYLE_COLOUR ( '', #1927 ) ;
#1769 = FILL_AREA_STYLE ('',( #1758 ) ) ;
#1770 = SURFACE_SIDE_STYLE ('',( #1922 ) ) ;
#1771 = SURFACE_STYLE_USAGE ( .BOTH. , #1770 ) ;
#1772 =( LENGTH_UNIT ( ) NAMED_UNIT ( * ) SI_UNIT ( .MILLI., .METRE. ) );
#1773 =( NAMED_UNIT ( * ) PLANE_ANGLE_UNIT ( ) SI_UNIT ( $, .RADIAN. ) );
#1774 =( NAMED_UNIT ( * ) SI_UNIT ( $, .STERADIAN. ) SOLID_ANGLE_UNIT ( ) );
#1775 = CARTESIAN_POINT ( 'NONE',  ( -1.349999999999993000, -0.05000000000000000300, -1.249999999999990000 ) ) ;
#1776 = DIRECTION ( 'NONE',  ( -0.0000000000000000000, 0.0000000000000000000, 1.000000000000000000 ) ) ;
#1777 = DIRECTION ( 'NONE',  ( 1.000000000000000000, 0.0000000000000000000, 0.0000000000000000000 ) ) ;
#1778 = DIRECTION ( 'NONE',  ( -0.0000000000000000000, 1.000000000000000000, -0.0000000000000000000 ) ) ;
#1779 = FILL_AREA_STYLE_COLOUR ( '', #1931 ) ;
#1780 = FILL_AREA_STYLE ('',( #1768 ) ) ;
#1781 = SURFACE_SIDE_STYLE ('',( #1926 ) ) ;
#1782 = SURFACE_STYLE_USAGE ( .BOTH. , #1781 ) ;
#1783 =( LENGTH_UNIT ( ) NAMED_UNIT ( * ) SI_UNIT ( .MILLI., .METRE. ) );
#1784 =( NAMED_UNIT ( * ) PLANE_ANGLE_UNIT ( ) SI_UNIT ( $, .RADIAN. ) );
#1785 =( NAMED_UNIT ( * ) SI_UNIT ( $, .STERADIAN. ) SOLID_ANGLE_UNIT ( ) );
#1786 = CARTESIAN_POINT ( 'NONE',  ( -0.9050000000000624200, -0.05000000000000000300, -1.249999999999990000 ) ) ;
#1787 = DIRECTION ( 'NONE',  ( 0.7071067811865025000, 0.0000000000000000000, 0.7071067811865926500 ) ) ;
#1788 = DIRECTION ( 'NONE',  ( 0.7071067811865926500, 0.0000000000000000000, -0.7071067811865025000 ) ) ;
#1789 = CARTESIAN_POINT ( 'NONE',  ( -0.5721572875254007400, -0.05000000000000000300, -1.299999999999990700 ) ) ;
#1790 = FILL_AREA_STYLE_COLOUR ( '', #1932 ) ;
#1791 = FILL_AREA_STYLE ('',( #1779 ) ) ;
#1792 = SURFACE_SIDE_STYLE ('',( #1930 ) ) ;
#1793 = SURFACE_STYLE_USAGE ( .BOTH. , #1792 ) ;
#1794 =( LENGTH_UNIT ( ) NAMED_UNIT ( * ) SI_UNIT ( .MILLI., .METRE. ) );
#1795 =( NAMED_UNIT ( * ) PLANE_ANGLE_UNIT ( ) SI_UNIT ( $, .RADIAN. ) );
#1796 =( NAMED_UNIT ( * ) SI_UNIT ( $, .STERADIAN. ) SOLID_ANGLE_UNIT ( ) );
#1797 = DIRECTION ( 'NONE',  ( 0.0000000000000000000, 0.0000000000000000000, 1.000000000000000000 ) ) ;
#1798 = PLANE ( 'NONE',  #3868 ) ;
#1799 = PLANE ( 'NONE',  #3863 ) ;
#1800 = FILL_AREA_STYLE_COLOUR ( '', #1940 ) ;
#1801 = FILL_AREA_STYLE ('',( #1790 ) ) ;
#1802 = SURFACE_SIDE_STYLE ('',( #1935 ) ) ;
#1803 = SURFACE_STYLE_USAGE ( .BOTH. , #1802 ) ;
#1804 =( LENGTH_UNIT ( ) NAMED_UNIT ( * ) SI_UNIT ( .MILLI., .METRE. ) );
#1805 =( NAMED_UNIT ( * ) PLANE_ANGLE_UNIT ( ) SI_UNIT ( $, .RADIAN. ) );
#1806 =( NAMED_UNIT ( * ) SI_UNIT ( $, .STERADIAN. ) SOLID_ANGLE_UNIT ( ) );
#1807 = CARTESIAN_POINT ( 'NONE',  ( -0.5721572875254112800, -0.05000000000000000300, -1.500000000000003100 ) ) ;
#1808 = DIRECTION ( 'NONE',  ( -1.532605026963987500E-013, 0.0000000000000000000, 1.000000000000000000 ) ) ;
#1809 = DIRECTION ( 'NONE',  ( 1.000000000000000000, 0.0000000000000000000, 1.532605026963987500E-013 ) ) ;
#1810 = PLANE ( 'NONE',  #3873 ) ;
#1811 = FILL_AREA_STYLE_COLOUR ( '', #1944 ) ;
#1812 = FILL_AREA_STYLE ('',( #1800 ) ) ;
#1813 = SURFACE_SIDE_STYLE ('',( #1939 ) ) ;
#1814 = SURFACE_STYLE_USAGE ( .BOTH. , #1813 ) ;
#1815 =( LENGTH_UNIT ( ) NAMED_UNIT ( * ) SI_UNIT ( .MILLI., .METRE. ) );
#1816 =( NAMED_UNIT ( * ) PLANE_ANGLE_UNIT ( ) SI_UNIT ( $, .RADIAN. ) );
#1817 =( NAMED_UNIT ( * ) SI_UNIT ( $, .STERADIAN. ) SOLID_ANGLE_UNIT ( ) );
#1818 = CARTESIAN_POINT ( 'NONE',  ( -0.5721572875254156100, -0.05000000000000000300, 1.299999999999997400 ) ) ;
#1819 = DIRECTION ( 'NONE',  ( 0.0000000000000000000, -1.000000000000000000, 0.0000000000000000000 ) ) ;
#1820 = DIRECTION ( 'NONE',  ( 0.0000000000000000000, -0.0000000000000000000, -1.000000000000000000 ) ) ;
#1821 = FILL_AREA_STYLE_COLOUR ( '', #1948 ) ;
#1822 = FILL_AREA_STYLE ('',( #1811 ) ) ;
#1823 = SURFACE_SIDE_STYLE ('',( #1943 ) ) ;
#1824 = SURFACE_STYLE_USAGE ( .BOTH. , #1823 ) ;
#1825 =( LENGTH_UNIT ( ) NAMED_UNIT ( * ) SI_UNIT ( .MILLI., .METRE. ) );
#1826 =( NAMED_UNIT ( * ) PLANE_ANGLE_UNIT ( ) SI_UNIT ( $, .RADIAN. ) );
#1827 =( NAMED_UNIT ( * ) SI_UNIT ( $, .STERADIAN. ) SOLID_ANGLE_UNIT ( ) );
#1828 = CARTESIAN_POINT ( 'NONE',  ( -0.5721572875254156100, 0.0000000000000000000, 1.299999999999997400 ) ) ;
#1829 = COLOUR_RGB ( '',0.0000000000000000000, 0.0000000000000000000, 0.0000000000000000000 ) ;
#1830 = FACE_OUTER_BOUND ( 'NONE', #3236, .T. ) ;
#1831 = SURFACE_STYLE_FILL_AREA ( #1395 ) ;
#1832 = PRESENTATION_STYLE_ASSIGNMENT (( #1397 ) ) ;
#1833 = PRESENTATION_STYLE_ASSIGNMENT (( #1452 ) ) ;
#1834 = SURFACE_STYLE_FILL_AREA ( #1450 ) ;
#1835 = COLOUR_RGB ( '',0.0000000000000000000, 0.0000000000000000000, 0.0000000000000000000 ) ;
#1836 = FACE_OUTER_BOUND ( 'NONE', #3223, .T. ) ;
#1837 = PRESENTATION_STYLE_ASSIGNMENT (( #1507 ) ) ;
#1838 = SURFACE_STYLE_FILL_AREA ( #1505 ) ;
#1839 = COLOUR_RGB ( '',0.0000000000000000000, 0.0000000000000000000, 0.0000000000000000000 ) ;
#1840 = FACE_OUTER_BOUND ( 'NONE', #3157, .T. ) ;
#1841 = PRESENTATION_STYLE_ASSIGNMENT (( #1556 ) ) ;
#1842 = SURFACE_STYLE_FILL_AREA ( #1554 ) ;
#1843 = COLOUR_RGB ( '',0.0000000000000000000, 0.0000000000000000000, 0.0000000000000000000 ) ;
#1844 = FACE_OUTER_BOUND ( 'NONE', #3108, .T. ) ;
#1845 = PRESENTATION_STYLE_ASSIGNMENT (( #1606 ) ) ;
#1846 = SURFACE_STYLE_FILL_AREA ( #1604 ) ;
#1847 = COLOUR_RGB ( '',0.5254901960784313900, 0.5254901960784313900, 0.5254901960784313900 ) ;
#1848 = FACE_OUTER_BOUND ( 'NONE', #3164, .T. ) ;
#1849 = COLOUR_RGB ( '',0.5254901960784313900, 0.5254901960784313900, 0.5254901960784313900 ) ;
#1850 = FACE_OUTER_BOUND ( 'NONE', #3137, .T. ) ;
#1851 = PRESENTATION_STYLE_ASSIGNMENT (( #1616 ) ) ;
#1852 = SURFACE_STYLE_FILL_AREA ( #1614 ) ;
#1853 = CYLINDRICAL_SURFACE ( 'NONE', #3769, 0.2000000000000000900 ) ;
#1854 = COLOUR_RGB ( '',0.5254901960784313900, 0.5254901960784313900, 0.5254901960784313900 ) ;
#1855 = FACE_OUTER_BOUND ( 'NONE', #3224, .T. ) ;
#1856 = PRESENTATION_STYLE_ASSIGNMENT (( #1626 ) ) ;
#1857 = SURFACE_STYLE_FILL_AREA ( #1624 ) ;
#1858 = CYLINDRICAL_SURFACE ( 'NONE', #3774, 0.2000000000000000900 ) ;
#1859 = COLOUR_RGB ( '',0.5254901960784313900, 0.5254901960784313900, 0.5254901960784313900 ) ;
#1860 = FACE_OUTER_BOUND ( 'NONE', #3145, .T. ) ;
#1861 = PRESENTATION_STYLE_ASSIGNMENT (( #1636 ) ) ;
#1862 = SURFACE_STYLE_FILL_AREA ( #1634 ) ;
#1863 = CYLINDRICAL_SURFACE ( 'NONE', #3779, 0.2000000000000000900 ) ;
#1864 = COLOUR_RGB ( '',0.5254901960784313900, 0.5254901960784313900, 0.5254901960784313900 ) ;
#1865 = FACE_OUTER_BOUND ( 'NONE', #3187, .T. ) ;
#1866 = PRESENTATION_STYLE_ASSIGNMENT (( #1646 ) ) ;
#1867 = SURFACE_STYLE_FILL_AREA ( #1644 ) ;
#1868 = CYLINDRICAL_SURFACE ( 'NONE', #3784, 0.2000000000000000900 ) ;
#1869 = COLOUR_RGB ( '',0.5254901960784313900, 0.5254901960784313900, 0.5254901960784313900 ) ;
#1870 = FACE_OUTER_BOUND ( 'NONE', #3169, .T. ) ;
#1871 = PRESENTATION_STYLE_ASSIGNMENT (( #1656 ) ) ;
#1872 = SURFACE_STYLE_FILL_AREA ( #1654 ) ;
#1873 = CYLINDRICAL_SURFACE ( 'NONE', #3789, 0.1499999999999999700 ) ;
#1874 = COLOUR_RGB ( '',0.5254901960784313900, 0.5254901960784313900, 0.5254901960784313900 ) ;
#1875 = FACE_OUTER_BOUND ( 'NONE', #3156, .T. ) ;
#1876 = PRESENTATION_STYLE_ASSIGNMENT (( #1666 ) ) ;
#1877 = SURFACE_STYLE_FILL_AREA ( #1664 ) ;
#1878 = CYLINDRICAL_SURFACE ( 'NONE', #3794, 0.1499999999999999700 ) ;
#1879 = COLOUR_RGB ( '',0.5254901960784313900, 0.5254901960784313900, 0.5254901960784313900 ) ;
#1880 = FACE_OUTER_BOUND ( 'NONE', #3166, .T. ) ;
#1881 = PRESENTATION_STYLE_ASSIGNMENT (( #1676 ) ) ;
#1882 = SURFACE_STYLE_FILL_AREA ( #1674 ) ;
#1883 = CYLINDRICAL_SURFACE ( 'NONE', #3799, 0.1499999999999999700 ) ;
#1884 = COLOUR_RGB ( '',1.000000000000000000, 1.000000000000000000, 1.000000000000000000 ) ;
#1885 = FACE_OUTER_BOUND ( 'NONE', #3144, .T. ) ;
#1886 = PRESENTATION_STYLE_ASSIGNMENT (( #1686 ) ) ;
#1887 = SURFACE_STYLE_FILL_AREA ( #1684 ) ;
#1888 = CYLINDRICAL_SURFACE ( 'NONE', #3804, 0.1499999999999999700 ) ;
#1889 = FACE_OUTER_BOUND ( 'NONE', #3050, .T. ) ;
#1890 = PRESENTATION_STYLE_ASSIGNMENT (( #1697 ) ) ;
#1891 = SURFACE_STYLE_FILL_AREA ( #1695 ) ;
#1892 = COLOUR_RGB ( '',1.000000000000000000, 1.000000000000000000, 1.000000000000000000 ) ;
#1893 = FACE_OUTER_BOUND ( 'NONE', #3138, .T. ) ;
#1894 = PRESENTATION_STYLE_ASSIGNMENT (( #1708 ) ) ;
#1895 = SURFACE_STYLE_FILL_AREA ( #1706 ) ;
#1896 = COLOUR_RGB ( '',1.000000000000000000, 1.000000000000000000, 1.000000000000000000 ) ;
#1897 = COLOUR_RGB ( '',1.000000000000000000, 1.000000000000000000, 1.000000000000000000 ) ;
#1898 = FACE_OUTER_BOUND ( 'NONE', #3190, .T. ) ;
#1899 = PRESENTATION_STYLE_ASSIGNMENT (( #1718 ) ) ;
#1900 = SURFACE_STYLE_FILL_AREA ( #1716 ) ;
#1901 = CYLINDRICAL_SURFACE ( 'NONE', #3819, 0.2000000000000107200 ) ;
#1902 = FACE_OUTER_BOUND ( 'NONE', #3110, .T. ) ;
#1903 = PRESENTATION_STYLE_ASSIGNMENT (( #1729 ) ) ;
#1904 = SURFACE_STYLE_FILL_AREA ( #1727 ) ;
#1905 = COLOUR_RGB ( '',1.000000000000000000, 1.000000000000000000, 1.000000000000000000 ) ;
#1906 = FACE_OUTER_BOUND ( 'NONE', #3087, .T. ) ;
#1907 = PRESENTATION_STYLE_ASSIGNMENT (( #1740 ) ) ;
#1908 = SURFACE_STYLE_FILL_AREA ( #1738 ) ;
#1909 = COLOUR_RGB ( '',1.000000000000000000, 1.000000000000000000, 1.000000000000000000 ) ;
#1910 = COLOUR_RGB ( '',1.000000000000000000, 1.000000000000000000, 1.000000000000000000 ) ;
#1911 = FACE_OUTER_BOUND ( 'NONE', #3147, .T. ) ;
#1912 = PRESENTATION_STYLE_ASSIGNMENT (( #1750 ) ) ;
#1913 = SURFACE_STYLE_FILL_AREA ( #1748 ) ;
#1914 = CYLINDRICAL_SURFACE ( 'NONE', #3834, 0.1500000000000062400 ) ;
#1915 = FACE_OUTER_BOUND ( 'NONE', #3171, .T. ) ;
#1916 = PRESENTATION_STYLE_ASSIGNMENT (( #1761 ) ) ;
#1917 = SURFACE_STYLE_FILL_AREA ( #1759 ) ;
#1918 = COLOUR_RGB ( '',1.000000000000000000, 1.000000000000000000, 1.000000000000000000 ) ;
#1919 = COLOUR_RGB ( '',1.000000000000000000, 1.000000000000000000, 1.000000000000000000 ) ;
#1920 = FACE_OUTER_BOUND ( 'NONE', #3104, .T. ) ;
#1921 = PRESENTATION_STYLE_ASSIGNMENT (( #1771 ) ) ;
#1922 = SURFACE_STYLE_FILL_AREA ( #1769 ) ;
#1923 = CYLINDRICAL_SURFACE ( 'NONE', #3844, 0.1500000000000021300 ) ;
#1924 = FACE_OUTER_BOUND ( 'NONE', #3098, .T. ) ;
#1925 = PRESENTATION_STYLE_ASSIGNMENT (( #1782 ) ) ;
#1926 = SURFACE_STYLE_FILL_AREA ( #1780 ) ;
#1927 = COLOUR_RGB ( '',1.000000000000000000, 1.000000000000000000, 1.000000000000000000 ) ;
#1928 = FACE_OUTER_BOUND ( 'NONE', #1060, .T. ) ;
#1929 = PRESENTATION_STYLE_ASSIGNMENT (( #1793 ) ) ;
#1930 = SURFACE_STYLE_FILL_AREA ( #1791 ) ;
#1931 = COLOUR_RGB ( '',1.000000000000000000, 1.000000000000000000, 1.000000000000000000 ) ;
#1932 = COLOUR_RGB ( '',1.000000000000000000, 1.000000000000000000, 1.000000000000000000 ) ;
#1933 = FACE_OUTER_BOUND ( 'NONE', #3103, .T. ) ;
#1934 = PRESENTATION_STYLE_ASSIGNMENT (( #1803 ) ) ;
#1935 = SURFACE_STYLE_FILL_AREA ( #1801 ) ;
#1936 = CYLINDRICAL_SURFACE ( 'NONE', #3859, 0.2000000000000124500 ) ;
#1937 = FACE_OUTER_BOUND ( 'NONE', #3232, .T. ) ;
#1938 = PRESENTATION_STYLE_ASSIGNMENT (( #1814 ) ) ;
#1939 = SURFACE_STYLE_FILL_AREA ( #1812 ) ;
#1940 = COLOUR_RGB ( '',1.000000000000000000, 1.000000000000000000, 1.000000000000000000 ) ;
#1941 = FACE_OUTER_BOUND ( 'NONE', #3082, .T. ) ;
#1942 = PRESENTATION_STYLE_ASSIGNMENT (( #1824 ) ) ;
#1943 = SURFACE_STYLE_FILL_AREA ( #1822 ) ;
#1944 = COLOUR_RGB ( '',1.000000000000000000, 1.000000000000000000, 1.000000000000000000 ) ;
#1945 = FACE_OUTER_BOUND ( 'NONE', #3091, .T. ) ;
#1946 = PRESENTATION_STYLE_ASSIGNMENT (( #2008 ) ) ;
#1947 = SURFACE_STYLE_FILL_AREA ( #2006 ) ;
#1948 = COLOUR_RGB ( '',1.000000000000000000, 1.000000000000000000, 1.000000000000000000 ) ;
#1949 = FACE_OUTER_BOUND ( 'NONE', #3244, .T. ) ;
#1950 = PRESENTATION_STYLE_ASSIGNMENT (( #2020 ) ) ;
#1951 = SURFACE_STYLE_FILL_AREA ( #2018 ) ;
#1952 = COLOUR_RGB ( '',1.000000000000000000, 1.000000000000000000, 1.000000000000000000 ) ;
#1953 = FACE_OUTER_BOUND ( 'NONE', #1075, .T. ) ;
#1954 = PRESENTATION_STYLE_ASSIGNMENT (( #2031 ) ) ;
#1955 = SURFACE_STYLE_FILL_AREA ( #2029 ) ;
#1956 = COLOUR_RGB ( '',1.000000000000000000, 1.000000000000000000, 1.000000000000000000 ) ;
#1957 = COLOUR_RGB ( '',1.000000000000000000, 1.000000000000000000, 1.000000000000000000 ) ;
#1958 = FACE_OUTER_BOUND ( 'NONE', #3159, .T. ) ;
#1959 = PRESENTATION_STYLE_ASSIGNMENT (( #2041 ) ) ;
#1960 = SURFACE_STYLE_FILL_AREA ( #2039 ) ;
#1961 = CYLINDRICAL_SURFACE ( 'NONE', #3889, 0.2000000000000124500 ) ;
#1962 = FACE_OUTER_BOUND ( 'NONE', #3136, .T. ) ;
#1963 = PRESENTATION_STYLE_ASSIGNMENT (( #2052 ) ) ;
#1964 = SURFACE_STYLE_FILL_AREA ( #2050 ) ;
#1965 = COLOUR_RGB ( '',1.000000000000000000, 1.000000000000000000, 1.000000000000000000 ) ;
#1966 = FACE_OUTER_BOUND ( 'NONE', #1128, .T. ) ;
#1967 = PRESENTATION_STYLE_ASSIGNMENT (( #2063 ) ) ;
#1968 = SURFACE_STYLE_FILL_AREA ( #2061 ) ;
#1969 = COLOUR_RGB ( '',1.000000000000000000, 1.000000000000000000, 1.000000000000000000 ) ;
#1970 = COLOUR_RGB ( '',1.000000000000000000, 1.000000000000000000, 1.000000000000000000 ) ;
#1971 = FACE_OUTER_BOUND ( 'NONE', #3151, .T. ) ;
#1972 = PRESENTATION_STYLE_ASSIGNMENT (( #2073 ) ) ;
#1973 = SURFACE_STYLE_FILL_AREA ( #2071 ) ;
#1974 = CYLINDRICAL_SURFACE ( 'NONE', #3904, 0.1500000000000047400 ) ;
#1975 = FACE_OUTER_BOUND ( 'NONE', #3060, .T. ) ;
#1976 = PRESENTATION_STYLE_ASSIGNMENT (( #2084 ) ) ;
#1977 = SURFACE_STYLE_FILL_AREA ( #2082 ) ;
#1978 = COLOUR_RGB ( '',1.000000000000000000, 1.000000000000000000, 1.000000000000000000 ) ;
#1979 = COLOUR_RGB ( '',1.000000000000000000, 1.000000000000000000, 1.000000000000000000 ) ;
#1980 = FACE_OUTER_BOUND ( 'NONE', #1142, .T. ) ;
#1981 = PRESENTATION_STYLE_ASSIGNMENT (( #2094 ) ) ;
#1982 = SURFACE_STYLE_FILL_AREA ( #2092 ) ;
#1983 = CYLINDRICAL_SURFACE ( 'NONE', #3914, 0.1500000000000062400 ) ;
#1984 = FACE_OUTER_BOUND ( 'NONE', #3210, .T. ) ;
#1985 = PRESENTATION_STYLE_ASSIGNMENT (( #2105 ) ) ;
#1986 = SURFACE_STYLE_FILL_AREA ( #2103 ) ;
#1987 = COLOUR_RGB ( '',1.000000000000000000, 1.000000000000000000, 1.000000000000000000 ) ;
#1988 = FACE_OUTER_BOUND ( 'NONE', #1176, .T. ) ;
#1989 = PRESENTATION_STYLE_ASSIGNMENT (( #2116 ) ) ;
#1990 = SURFACE_STYLE_FILL_AREA ( #2114 ) ;
#1991 = COLOUR_RGB ( '',1.000000000000000000, 1.000000000000000000, 1.000000000000000000 ) ;
#1992 = COLOUR_RGB ( '',1.000000000000000000, 1.000000000000000000, 1.000000000000000000 ) ;
#1993 = FACE_OUTER_BOUND ( 'NONE', #3094, .T. ) ;
#1994 = PRESENTATION_STYLE_ASSIGNMENT (( #2126 ) ) ;
#1995 = SURFACE_STYLE_FILL_AREA ( #2124 ) ;
#1996 = CYLINDRICAL_SURFACE ( 'NONE', #3929, 0.2000000000000105000 ) ;
#1997 = CARTESIAN_POINT ( 'NONE',  ( -1.020000000000037100, 1.100000000000000100, -1.249999999999892100 ) ) ;
#1998 = PRODUCT_DEFINITION_CONTEXT ( 'detailed design', #2186, 'design' ) ;
#1999 = PRODUCT_DEFINITION_SHAPE ( 'NONE', 'NONE',  #4987 ) ;
#2000 = PRODUCT_DEFINITION_CONTEXT ( 'detailed design', #2182, 'design' ) ;
#2001 = PRODUCT_DEFINITION_SHAPE ( 'NONE', 'NONE',  #3954 ) ;
#2002 = PRODUCT_DEFINITION_SHAPE ( 'NONE', 'NONE',  #3953 ) ;
#2003 = DIRECTION ( 'NONE',  ( 0.0000000000000000000, -0.0000000000000000000, -1.000000000000000000 ) ) ;
#2004 = PLANE ( 'NONE',  #3883 ) ;
#2005 = FILL_AREA_STYLE_COLOUR ( '', #1952 ) ;
#2006 = FILL_AREA_STYLE ('',( #1821 ) ) ;
#2007 = SURFACE_SIDE_STYLE ('',( #1947 ) ) ;
#2008 = SURFACE_STYLE_USAGE ( .BOTH. , #2007 ) ;
#2009 =( LENGTH_UNIT ( ) NAMED_UNIT ( * ) SI_UNIT ( .MILLI., .METRE. ) );
#2010 =( NAMED_UNIT ( * ) PLANE_ANGLE_UNIT ( ) SI_UNIT ( $, .RADIAN. ) );
#2011 =( NAMED_UNIT ( * ) SI_UNIT ( $, .STERADIAN. ) SOLID_ANGLE_UNIT ( ) );
#2012 = PLANE ( 'NONE',  #3878 ) ;
#2013 = CARTESIAN_POINT ( 'NONE',  ( 0.4999999999999965600, -0.05000000000000000300, -1.499999999999984000 ) ) ;
#2014 = DIRECTION ( 'NONE',  ( 1.000000000000000000, 0.0000000000000000000, 1.228762462150238000E-015 ) ) ;
#2015 = DIRECTION ( 'NONE',  ( 1.228762462150238000E-015, 0.0000000000000000000, -1.000000000000000000 ) ) ;
#2016 = DIRECTION ( 'NONE',  ( -0.0000000000000000000, 1.000000000000000000, -0.0000000000000000000 ) ) ;
#2017 = FILL_AREA_STYLE_COLOUR ( '', #1956 ) ;
#2018 = FILL_AREA_STYLE ('',( #2005 ) ) ;
#2019 = SURFACE_SIDE_STYLE ('',( #1951 ) ) ;
#2020 = SURFACE_STYLE_USAGE ( .BOTH. , #2019 ) ;
#2021 =( LENGTH_UNIT ( ) NAMED_UNIT ( * ) SI_UNIT ( .MILLI., .METRE. ) );
#2022 =( NAMED_UNIT ( * ) PLANE_ANGLE_UNIT ( ) SI_UNIT ( $, .RADIAN. ) );
#2023 =( NAMED_UNIT ( * ) SI_UNIT ( $, .STERADIAN. ) SOLID_ANGLE_UNIT ( ) );
#2024 = CARTESIAN_POINT ( 'NONE',  ( 0.5721572875254016300, -0.05000000000000000300, -1.499999999999994000 ) ) ;
#2025 = DIRECTION ( 'NONE',  ( 1.382349632163594300E-013, 0.0000000000000000000, 1.000000000000000000 ) ) ;
#2026 = DIRECTION ( 'NONE',  ( 1.000000000000000000, 0.0000000000000000000, -1.382349632163594300E-013 ) ) ;
#2027 = CARTESIAN_POINT ( 'NONE',  ( 0.5721572875253914100, -0.05000000000000000300, -1.299999999999981600 ) ) ;
#2028 = FILL_AREA_STYLE_COLOUR ( '', #1957 ) ;
#2029 = FILL_AREA_STYLE ('',( #2017 ) ) ;
#2030 = SURFACE_SIDE_STYLE ('',( #1955 ) ) ;
#2031 = SURFACE_STYLE_USAGE ( .BOTH. , #2030 ) ;
#2032 =( LENGTH_UNIT ( ) NAMED_UNIT ( * ) SI_UNIT ( .MILLI., .METRE. ) );
#2033 =( NAMED_UNIT ( * ) PLANE_ANGLE_UNIT ( ) SI_UNIT ( $, .RADIAN. ) );
#2034 =( NAMED_UNIT ( * ) SI_UNIT ( $, .STERADIAN. ) SOLID_ANGLE_UNIT ( ) );
#2035 = DIRECTION ( 'NONE',  ( 0.0000000000000000000, 0.0000000000000000000, 1.000000000000000000 ) ) ;
#2036 = PLANE ( 'NONE',  #3898 ) ;
#2037 = PLANE ( 'NONE',  #3893 ) ;
#2038 = FILL_AREA_STYLE_COLOUR ( '', #1965 ) ;
#2039 = FILL_AREA_STYLE ('',( #2028 ) ) ;
#2040 = SURFACE_SIDE_STYLE ('',( #1960 ) ) ;
#2041 = SURFACE_STYLE_USAGE ( .BOTH. , #2040 ) ;
#2042 =( LENGTH_UNIT ( ) NAMED_UNIT ( * ) SI_UNIT ( .MILLI., .METRE. ) );
#2043 =( NAMED_UNIT ( * ) PLANE_ANGLE_UNIT ( ) SI_UNIT ( $, .RADIAN. ) );
#2044 =( NAMED_UNIT ( * ) SI_UNIT ( $, .STERADIAN. ) SOLID_ANGLE_UNIT ( ) );
#2045 = CARTESIAN_POINT ( 'NONE',  ( 0.9050000000000526500, -0.05000000000000000300, -1.249999999999980900 ) ) ;
#2046 = DIRECTION ( 'NONE',  ( -0.7071067811865028300, 0.0000000000000000000, 0.7071067811865923100 ) ) ;
#2047 = DIRECTION ( 'NONE',  ( 0.7071067811865923100, 0.0000000000000000000, 0.7071067811865028300 ) ) ;
#2048 = DIRECTION ( 'NONE',  ( -0.0000000000000000000, 1.000000000000000000, -0.0000000000000000000 ) ) ;
#2049 = FILL_AREA_STYLE_COLOUR ( '', #1969 ) ;
#2050 = FILL_AREA_STYLE ('',( #2038 ) ) ;
#2051 = SURFACE_SIDE_STYLE ('',( #1964 ) ) ;
#2052 = SURFACE_STYLE_USAGE ( .BOTH. , #2051 ) ;
#2053 =( LENGTH_UNIT ( ) NAMED_UNIT ( * ) SI_UNIT ( .MILLI., .METRE. ) );
#2054 =( NAMED_UNIT ( * ) PLANE_ANGLE_UNIT ( ) SI_UNIT ( $, .RADIAN. ) );
#2055 =( NAMED_UNIT ( * ) SI_UNIT ( $, .STERADIAN. ) SOLID_ANGLE_UNIT ( ) );
#2056 = CARTESIAN_POINT ( 'NONE',  ( 1.349999999999983000, -0.05000000000000000300, -1.249999999999980900 ) ) ;
#2057 = DIRECTION ( 'NONE',  ( 0.0000000000000000000, 0.0000000000000000000, 1.000000000000000000 ) ) ;
#2058 = DIRECTION ( 'NONE',  ( 1.000000000000000000, 0.0000000000000000000, -0.0000000000000000000 ) ) ;
#2059 = CARTESIAN_POINT ( 'NONE',  ( 1.350000000000011200, -0.05000000000000000300, -1.099999999999976100 ) ) ;
#2060 = FILL_AREA_STYLE_COLOUR ( '', #1970 ) ;
#2061 = FILL_AREA_STYLE ('',( #2049 ) ) ;
#2062 = SURFACE_SIDE_STYLE ('',( #1968 ) ) ;
#2063 = SURFACE_STYLE_USAGE ( .BOTH. , #2062 ) ;
#2064 =( LENGTH_UNIT ( ) NAMED_UNIT ( * ) SI_UNIT ( .MILLI., .METRE. ) );
#2065 =( NAMED_UNIT ( * ) PLANE_ANGLE_UNIT ( ) SI_UNIT ( $, .RADIAN. ) );
#2066 =( NAMED_UNIT ( * ) SI_UNIT ( $, .STERADIAN. ) SOLID_ANGLE_UNIT ( ) );
#2067 = DIRECTION ( 'NONE',  ( 0.0000000000000000000, 0.0000000000000000000, 1.000000000000000000 ) ) ;
#2068 = DIRECTION ( 'NONE',  ( -0.0000000000000000000, 1.000000000000000000, -0.0000000000000000000 ) ) ;
#2069 = PLANE ( 'NONE',  #3908 ) ;
#2070 = FILL_AREA_STYLE_COLOUR ( '', #1978 ) ;
#2071 = FILL_AREA_STYLE ('',( #2060 ) ) ;
#2072 = SURFACE_SIDE_STYLE ('',( #1973 ) ) ;
#2073 = SURFACE_STYLE_USAGE ( .BOTH. , #2072 ) ;
#2074 =( LENGTH_UNIT ( ) NAMED_UNIT ( * ) SI_UNIT ( .MILLI., .METRE. ) );
#2075 =( NAMED_UNIT ( * ) PLANE_ANGLE_UNIT ( ) SI_UNIT ( $, .RADIAN. ) );
#2076 =( NAMED_UNIT ( * ) SI_UNIT ( $, .STERADIAN. ) SOLID_ANGLE_UNIT ( ) );
#2077 = CARTESIAN_POINT ( 'NONE',  ( 1.399999999999993000, -0.05000000000000000300, 1.241421356237294000 ) ) ;
#2078 = DIRECTION ( 'NONE',  ( -1.000000000000000000, 0.0000000000000000000, -3.580757560562601300E-015 ) ) ;
#2079 = DIRECTION ( 'NONE',  ( -3.580757560562601300E-015, 0.0000000000000000000, 1.000000000000000000 ) ) ;
#2080 = CARTESIAN_POINT ( 'NONE',  ( 1.349999999999984800, -0.05000000000000000300, 1.099999999999980800 ) ) ;
#2081 = FILL_AREA_STYLE_COLOUR ( '', #1979 ) ;
#2082 = FILL_AREA_STYLE ('',( #2070 ) ) ;
#2083 = SURFACE_SIDE_STYLE ('',( #1977 ) ) ;
#2084 = SURFACE_STYLE_USAGE ( .BOTH. , #2083 ) ;
#2085 =( LENGTH_UNIT ( ) NAMED_UNIT ( * ) SI_UNIT ( .MILLI., .METRE. ) );
#2086 =( NAMED_UNIT ( * ) PLANE_ANGLE_UNIT ( ) SI_UNIT ( $, .RADIAN. ) );
#2087 =( NAMED_UNIT ( * ) SI_UNIT ( $, .STERADIAN. ) SOLID_ANGLE_UNIT ( ) );
#2088 = DIRECTION ( 'NONE',  ( 0.0000000000000000000, 0.0000000000000000000, 1.000000000000000000 ) ) ;
#2089 = PLANE ( 'NONE',  #3923 ) ;
#2090 = PLANE ( 'NONE',  #3918 ) ;
#2091 = FILL_AREA_STYLE_COLOUR ( '', #1987 ) ;
#2092 = FILL_AREA_STYLE ('',( #2081 ) ) ;
#2093 = SURFACE_SIDE_STYLE ('',( #1982 ) ) ;
#2094 = SURFACE_STYLE_USAGE ( .BOTH. , #2093 ) ;
#2095 =( LENGTH_UNIT ( ) NAMED_UNIT ( * ) SI_UNIT ( .MILLI., .METRE. ) );
#2096 =( NAMED_UNIT ( * ) PLANE_ANGLE_UNIT ( ) SI_UNIT ( $, .RADIAN. ) );
#2097 =( NAMED_UNIT ( * ) SI_UNIT ( $, .STERADIAN. ) SOLID_ANGLE_UNIT ( ) );
#2098 = CARTESIAN_POINT ( 'NONE',  ( 0.9050000000000544300, -0.05000000000000000300, 1.250000000000015100 ) ) ;
#2099 = DIRECTION ( 'NONE',  ( -6.334664378568009900E-014, 0.0000000000000000000, -1.000000000000000000 ) ) ;
#2100 = DIRECTION ( 'NONE',  ( -1.000000000000000000, 0.0000000000000000000, 6.334664378568009900E-014 ) ) ;
#2101 = DIRECTION ( 'NONE',  ( -0.0000000000000000000, 1.000000000000000000, -0.0000000000000000000 ) ) ;
#2102 = FILL_AREA_STYLE_COLOUR ( '', #1991 ) ;
#2103 = FILL_AREA_STYLE ('',( #2091 ) ) ;
#2104 = SURFACE_SIDE_STYLE ('',( #1986 ) ) ;
#2105 = SURFACE_STYLE_USAGE ( .BOTH. , #2104 ) ;
#2106 =( LENGTH_UNIT ( ) NAMED_UNIT ( * ) SI_UNIT ( .MILLI., .METRE. ) );
#2107 =( NAMED_UNIT ( * ) PLANE_ANGLE_UNIT ( ) SI_UNIT ( $, .RADIAN. ) );
#2108 =( NAMED_UNIT ( * ) SI_UNIT ( $, .STERADIAN. ) SOLID_ANGLE_UNIT ( ) );
#2109 = CARTESIAN_POINT ( 'NONE',  ( 0.7135786437627023000, -0.05000000000000000300, 1.441421356237343900 ) ) ;
#2110 = DIRECTION ( 'NONE',  ( -0.7071067811865042700, 0.0000000000000000000, -0.7071067811865908700 ) ) ;
#2111 = DIRECTION ( 'NONE',  ( -0.7071067811865908700, 0.0000000000000000000, 0.7071067811865042700 ) ) ;
#2112 = CARTESIAN_POINT ( 'NONE',  ( 0.5721572875254056200, -0.05000000000000000300, 1.300000000000006700 ) ) ;
#2113 = FILL_AREA_STYLE_COLOUR ( '', #1992 ) ;
#2114 = FILL_AREA_STYLE ('',( #2102 ) ) ;
#2115 = SURFACE_SIDE_STYLE ('',( #1990 ) ) ;
#2116 = SURFACE_STYLE_USAGE ( .BOTH. , #2115 ) ;
#2117 =( LENGTH_UNIT ( ) NAMED_UNIT ( * ) SI_UNIT ( .MILLI., .METRE. ) );
#2118 =( NAMED_UNIT ( * ) PLANE_ANGLE_UNIT ( ) SI_UNIT ( $, .RADIAN. ) );
#2119 =( NAMED_UNIT ( * ) SI_UNIT ( $, .STERADIAN. ) SOLID_ANGLE_UNIT ( ) );
#2120 = DIRECTION ( 'NONE',  ( 0.0000000000000000000, 0.0000000000000000000, 1.000000000000000000 ) ) ;
#2121 = PLANE ( 'NONE',  #3938 ) ;
#2122 = PLANE ( 'NONE',  #3933 ) ;
#2123 = FILL_AREA_STYLE_COLOUR ( '', #2192 ) ;
#2124 = FILL_AREA_STYLE ('',( #2113 ) ) ;
#2125 = SURFACE_SIDE_STYLE ('',( #1995 ) ) ;
#2126 = SURFACE_STYLE_USAGE ( .BOTH. , #2125 ) ;
#2127 =( LENGTH_UNIT ( ) NAMED_UNIT ( * ) SI_UNIT ( .MILLI., .METRE. ) );
#2128 =( NAMED_UNIT ( * ) PLANE_ANGLE_UNIT ( ) SI_UNIT ( $, .RADIAN. ) );
#2129 =( NAMED_UNIT ( * ) SI_UNIT ( $, .STERADIAN. ) SOLID_ANGLE_UNIT ( ) );
#2130 = CARTESIAN_POINT ( 'NONE',  ( 0.4999999999999928400, -0.05000000000000000300, 1.500000000000017100 ) ) ;
#2131 = DIRECTION ( 'NONE',  ( 0.0000000000000000000, 0.0000000000000000000, -1.000000000000000000 ) ) ;
#2132 = DIRECTION ( 'NONE',  ( -1.000000000000000000, 0.0000000000000000000, -0.0000000000000000000 ) ) ;
#2133 = PLANE ( 'NONE',  #3943 ) ;
#2134 = FILL_AREA_STYLE_COLOUR ( '', #2196 ) ;
#2135 = FILL_AREA_STYLE ('',( #2123 ) ) ;
#2136 = SURFACE_SIDE_STYLE ('',( #2191 ) ) ;
#2137 = SURFACE_STYLE_USAGE ( .BOTH. , #2136 ) ;
#2138 =( LENGTH_UNIT ( ) NAMED_UNIT ( * ) SI_UNIT ( .MILLI., .METRE. ) );
#2139 =( NAMED_UNIT ( * ) PLANE_ANGLE_UNIT ( ) SI_UNIT ( $, .RADIAN. ) );
#2140 =( NAMED_UNIT ( * ) SI_UNIT ( $, .STERADIAN. ) SOLID_ANGLE_UNIT ( ) );
#2141 = CARTESIAN_POINT ( 'NONE',  ( 0.5721572875254056200, -0.05000000000000000300, 1.300000000000006700 ) ) ;
#2142 = DIRECTION ( 'NONE',  ( 0.0000000000000000000, -1.000000000000000000, 0.0000000000000000000 ) ) ;
#2143 = DIRECTION ( 'NONE',  ( 0.0000000000000000000, -0.0000000000000000000, -1.000000000000000000 ) ) ;
#2144 =( NAMED_UNIT ( * ) PLANE_ANGLE_UNIT ( ) SI_UNIT ( $, .RADIAN. ) );
#2145 = FILL_AREA_STYLE ('',( #2134 ) ) ;
#2146 = SURFACE_SIDE_STYLE ('',( #2195 ) ) ;
#2147 = SURFACE_STYLE_USAGE ( .BOTH. , #2146 ) ;
#2148 =( LENGTH_UNIT ( ) NAMED_UNIT ( * ) SI_UNIT ( .MILLI., .METRE. ) );
#2149 =( NAMED_UNIT ( * ) PLANE_ANGLE_UNIT ( ) SI_UNIT ( $, .RADIAN. ) );
#2150 =( NAMED_UNIT ( * ) SI_UNIT ( $, .STERADIAN. ) SOLID_ANGLE_UNIT ( ) );
#2151 = CARTESIAN_POINT ( 'NONE',  ( 0.5721572875254056200, 0.0000000000000000000, 1.300000000000006700 ) ) ;
#2152 = DIRECTION ( 'NONE',  ( 0.0000000000000000000, -1.000000000000000000, 0.0000000000000000000 ) ) ;
#2153 = DIRECTION ( 'NONE',  ( 0.0000000000000000000, -0.0000000000000000000, -1.000000000000000000 ) ) ;
#2154 =( LENGTH_UNIT ( ) NAMED_UNIT ( * ) SI_UNIT ( .MILLI., .METRE. ) );
#2155 = FILL_AREA_STYLE_COLOUR ( '', #2197 ) ;
#2156 =( NAMED_UNIT ( * ) SI_UNIT ( $, .STERADIAN. ) SOLID_ANGLE_UNIT ( ) );
#2157 = CARTESIAN_POINT ( 'NONE',  ( 0.0000000000000000000, 0.0000000000000000000, 0.0000000000000000000 ) ) ;
#2158 = DIRECTION ( 'NONE',  ( 0.0000000000000000000, 0.0000000000000000000, 1.000000000000000000 ) ) ;
#2159 = DIRECTION ( 'NONE',  ( 1.000000000000000000, 0.0000000000000000000, 0.0000000000000000000 ) ) ;
#2160 = FILL_AREA_STYLE ('',( #2155 ) ) ;
#2161 = SURFACE_SIDE_STYLE ('',( #2198 ) ) ;
#2162 = SURFACE_STYLE_USAGE ( .BOTH. , #2161 ) ;
#2163 =( LENGTH_UNIT ( ) NAMED_UNIT ( * ) SI_UNIT ( .MILLI., .METRE. ) );
#2164 =( NAMED_UNIT ( * ) PLANE_ANGLE_UNIT ( ) SI_UNIT ( $, .RADIAN. ) );
#2165 =( NAMED_UNIT ( * ) SI_UNIT ( $, .STERADIAN. ) SOLID_ANGLE_UNIT ( ) );
#2166 = CARTESIAN_POINT ( 'NONE',  ( 0.0000000000000000000, 0.0000000000000000000, 0.0000000000000000000 ) ) ;
#2167 = DIRECTION ( 'NONE',  ( 0.0000000000000000000, 0.0000000000000000000, 1.000000000000000000 ) ) ;
#2168 = DIRECTION ( 'NONE',  ( 1.000000000000000000, 0.0000000000000000000, 0.0000000000000000000 ) ) ;
#2169 = CARTESIAN_POINT ( 'NONE',  ( 0.0000000000000000000, 0.0000000000000000000, 0.05000000000000000300 ) ) ;
#2170 = DIRECTION ( 'NONE',  ( 0.0000000000000000000, -1.000000000000000000, -3.491481338843133400E-015 ) ) ;
#2171 = DIRECTION ( 'NONE',  ( 1.000000000000000000, 0.0000000000000000000, 0.0000000000000000000 ) ) ;
#2172 =( LENGTH_UNIT ( ) NAMED_UNIT ( * ) SI_UNIT ( .MILLI., .METRE. ) );
#2173 =( NAMED_UNIT ( * ) PLANE_ANGLE_UNIT ( ) SI_UNIT ( $, .RADIAN. ) );
#2174 =( NAMED_UNIT ( * ) SI_UNIT ( $, .STERADIAN. ) SOLID_ANGLE_UNIT ( ) );
#2175 = CARTESIAN_POINT ( 'NONE',  ( 0.0000000000000000000, 0.0000000000000000000, 0.0000000000000000000 ) ) ;
#2176 = DIRECTION ( 'NONE',  ( 0.0000000000000000000, 0.0000000000000000000, 1.000000000000000000 ) ) ;
#2177 = DIRECTION ( 'NONE',  ( 1.000000000000000000, 0.0000000000000000000, 0.0000000000000000000 ) ) ;
#2178 = APPLICATION_CONTEXT ( 'automotive_design' ) ;
#2179 = APPLICATION_CONTEXT ( 'automotive_design' ) ;
#2180 = APPLICATION_PROTOCOL_DEFINITION ( 'draft international standard', 'automotive_design', 1998, #2179 ) ;
#2181 = PRODUCT_CONTEXT ( 'NONE', #2179, 'mechanical' ) ;
#2182 = APPLICATION_CONTEXT ( 'automotive_design' ) ;
#2183 = APPLICATION_PROTOCOL_DEFINITION ( 'draft international standard', 'automotive_design', 1998, #2182 ) ;
#2184 = APPLICATION_PROTOCOL_DEFINITION ( 'draft international standard', 'automotive_design', 1998, #2178 ) ;
#2185 = PRODUCT_CONTEXT ( 'NONE', #2178, 'mechanical' ) ;
#2186 = APPLICATION_CONTEXT ( 'automotive_design' ) ;
#2187 = APPLICATION_PROTOCOL_DEFINITION ( 'draft international standard', 'automotive_design', 1998, #2186 ) ;
#2188 =( REPRESENTATION_RELATIONSHIP ('NONE','NONE', #1239, #1240 ) REPRESENTATION_RELATIONSHIP_WITH_TRANSFORMATION ( #2203 )SHAPE_REPRESENTATION_RELATIONSHIP( ) );
#2189 = FACE_OUTER_BOUND ( 'NONE', #3093, .T. ) ;
#2190 = PRESENTATION_STYLE_ASSIGNMENT (( #2137 ) ) ;
#2191 = SURFACE_STYLE_FILL_AREA ( #2135 ) ;
#2192 = COLOUR_RGB ( '',1.000000000000000000, 1.000000000000000000, 1.000000000000000000 ) ;
#2193 = FACE_OUTER_BOUND ( 'NONE', #3162, .T. ) ;
#2194 = PRESENTATION_STYLE_ASSIGNMENT (( #2147 ) ) ;
#2195 = SURFACE_STYLE_FILL_AREA ( #2145 ) ;
#2196 = COLOUR_RGB ( '',1.000000000000000000, 1.000000000000000000, 1.000000000000000000 ) ;
#2197 = COLOUR_RGB ( '',0.7921568627450980000, 0.8196078431372548800, 0.9333333333333333500 ) ;
#2198 = SURFACE_STYLE_FILL_AREA ( #2160 ) ;
#2199 = PRESENTATION_STYLE_ASSIGNMENT (( #2162 ) ) ;
#2200 = SHAPE_REPRESENTATION_RELATIONSHIP ( 'NONE' , 'NONE' ,  #1240, #89 ) ;
#2201 = SHAPE_DEFINITION_REPRESENTATION ( #2001, #1239 ) ;
#2202 = SHAPE_DEFINITION_REPRESENTATION ( #2002, #1240 ) ;
#2203 = ITEM_DEFINED_TRANSFORMATION ( 'NONE', 'NONE', #3951,  #3944 ) ;
#2204 = CARTESIAN_POINT ( 'NONE',  ( -0.7089744666938453400, 1.099854091611804300, -1.445915419480769500 ) ) ;
#2205 = CONTEXT_DEPENDENT_SHAPE_REPRESENTATION ( #2188, #1999 ) ;
#2206 = CARTESIAN_POINT ( 'NONE',  ( -0.9387365722335028200, 0.7249999999999999800, -1.116666666666454900 ) ) ;
#2207 = CARTESIAN_POINT ( 'NONE',  ( -0.9793682861167698500, 0.4749999999999999800, -1.183333333333173500 ) ) ;
#2208 = CARTESIAN_POINT ( 'NONE',  ( -1.499999999999998900, 0.3499999999999999800, -1.249999999999978000 ) ) ;
#2209 =( NAMED_UNIT ( * ) SI_UNIT ( $, .STERADIAN. ) SOLID_ANGLE_UNIT ( ) );
#2210 =( NAMED_UNIT ( * ) PLANE_ANGLE_UNIT ( ) SI_UNIT ( $, .RADIAN. ) );
#2211 =( LENGTH_UNIT ( ) NAMED_UNIT ( * ) SI_UNIT ( .MILLI., .METRE. ) );
#2212 = SURFACE_STYLE_USAGE ( .BOTH. , #2213 ) ;
#2213 = SURFACE_SIDE_STYLE ('',( #2969 ) ) ;
#2214 = FILL_AREA_STYLE ('',( #2229 ) ) ;
#2215 = FILL_AREA_STYLE_COLOUR ( '', #2947 ) ;
#2216 = PLANE ( 'NONE',  #3986 ) ;
#2217 = DIRECTION ( 'NONE',  ( 0.0000000000000000000, 0.0000000000000000000, -1.000000000000000000 ) ) ;
#2218 = DIRECTION ( 'NONE',  ( 1.000000000000000000, -0.0000000000000000000, 0.0000000000000000000 ) ) ;
#2219 = CARTESIAN_POINT ( 'NONE',  ( -1.499999999999998900, 0.3499999999999999800, 1.249999999999990000 ) ) ;
#2220 = CARTESIAN_POINT ( 'NONE',  ( -0.7135786437627198400, 0.0000000000000000000, 1.441421356237301100 ) ) ;
#2221 = CARTESIAN_POINT ( 'NONE',  ( -1.050000000000071800, 1.100000000000000100, 1.250000000000093900 ) ) ;
#2222 =( NAMED_UNIT ( * ) SI_UNIT ( $, .STERADIAN. ) SOLID_ANGLE_UNIT ( ) );
#2223 =( NAMED_UNIT ( * ) PLANE_ANGLE_UNIT ( ) SI_UNIT ( $, .RADIAN. ) );
#2224 =( LENGTH_UNIT ( ) NAMED_UNIT ( * ) SI_UNIT ( .MILLI., .METRE. ) );
#2225 = DIRECTION ( 'NONE',  ( 0.7071067811865503500, 0.0000000000000000000, -0.7071067811865446900 ) ) ;
#2226 = SURFACE_STYLE_USAGE ( .BOTH. , #2227 ) ;
#2227 = SURFACE_SIDE_STYLE ('',( #2962 ) ) ;
#2228 = FILL_AREA_STYLE ('',( #2262 ) ) ;
#2229 = FILL_AREA_STYLE_COLOUR ( '', #2970 ) ;
#2230 = DIRECTION ( 'NONE',  ( 0.0000000000000000000, 0.0000000000000000000, -1.000000000000000000 ) ) ;
#2231 = FILL_AREA_STYLE ('',( #2215 ) ) ;
#2232 = PLANE ( 'NONE',  #3973 ) ;
#2233 =( LENGTH_UNIT ( ) NAMED_UNIT ( * ) SI_UNIT ( .MILLI., .METRE. ) );
#2234 = SURFACE_STYLE_USAGE ( .BOTH. , #2236 ) ;
#2235 = FILL_AREA_STYLE_COLOUR ( '', #2966 ) ;
#2236 = SURFACE_SIDE_STYLE ('',( #2946 ) ) ;
#2237 =( NAMED_UNIT ( * ) PLANE_ANGLE_UNIT ( ) SI_UNIT ( $, .RADIAN. ) );
#2238 = PLANE ( 'NONE',  #3979 ) ;
#2239 = DIRECTION ( 'NONE',  ( 4.336808689942445600E-014, -0.0000000000000000000, 1.000000000000000000 ) ) ;
#2240 = PLANE ( 'NONE',  #3992 ) ;
#2241 = DIRECTION ( 'NONE',  ( 1.000000000000000000, 0.0000000000000000000, -4.336808689942445600E-014 ) ) ;
#2242 = DIRECTION ( 'NONE',  ( 0.7071067811865474600, 0.0000000000000000000, -0.7071067811865474600 ) ) ;
#2243 = DIRECTION ( 'NONE',  ( 0.7071067811865475700, -0.0000000000000000000, 0.7071067811865475700 ) ) ;
#2244 = UNCERTAINTY_MEASURE_WITH_UNIT (LENGTH_MEASURE( 1.000000000000000100E-005 ), #2468, 'distance_accuracy_value', 'NONE');
#2245 = CARTESIAN_POINT ( 'NONE',  ( -0.9050000000000576500, 0.3499999999999999800, -1.250000000000004000 ) ) ;
#2246 = MANIFOLD_SOLID_BREP ( 'Ã®⁄Øƒ4', #1191 ) ;
#2247 =( NAMED_UNIT ( * ) SI_UNIT ( $, .STERADIAN. ) SOLID_ANGLE_UNIT ( ) );
#2248 = UNCERTAINTY_MEASURE_WITH_UNIT (LENGTH_MEASURE( 1.000000000000000100E-005 ), #2430, 'distance_accuracy_value', 'NONE');
#2249 =( NAMED_UNIT ( * ) PLANE_ANGLE_UNIT ( ) SI_UNIT ( $, .RADIAN. ) );
#2250 = SURFACE_STYLE_USAGE ( .BOTH. , #2584 ) ;
#2251 = UNCERTAINTY_MEASURE_WITH_UNIT (LENGTH_MEASURE( 1.000000000000000100E-005 ), #2259, 'distance_accuracy_value', 'NONE');
#2252 =( LENGTH_UNIT ( ) NAMED_UNIT ( * ) SI_UNIT ( .MILLI., .METRE. ) );
#2253 = UNCERTAINTY_MEASURE_WITH_UNIT (LENGTH_MEASURE( 1.000000000000000100E-005 ), #2550, 'distance_accuracy_value', 'NONE');
#2254 = MANIFOLD_SOLID_BREP ( 'ŒﬁΩ - âüÇµèoÇµ6[2]', #2629 ) ;
#2255 = UNCERTAINTY_MEASURE_WITH_UNIT (LENGTH_MEASURE( 1.000000000000000100E-005 ), #2461, 'distance_accuracy_value', 'NONE');
#2256 = SURFACE_STYLE_USAGE ( .BOTH. , #2257 ) ;
#2257 = SURFACE_SIDE_STYLE ('',( #2957 ) ) ;
#2258 = CARTESIAN_POINT ( 'NONE',  ( -1.499999999999998900, 0.0000000000000000000, -1.099999999999985000 ) ) ;
#2259 =( LENGTH_UNIT ( ) NAMED_UNIT ( * ) SI_UNIT ( .MILLI., .METRE. ) );
#2260 = SURFACE_SIDE_STYLE ('',( #2816 ) ) ;
#2261 = FILL_AREA_STYLE ('',( #2274 ) ) ;
#2262 = FILL_AREA_STYLE_COLOUR ( '', #2963 ) ;
#2263 = PLANE ( 'NONE',  #3997 ) ;
#2264 = DIRECTION ( 'NONE',  ( 0.0000000000000000000, -0.0000000000000000000, -1.000000000000000000 ) ) ;
#2265 = DIRECTION ( 'NONE',  ( 0.0000000000000000000, -1.000000000000000000, 0.0000000000000000000 ) ) ;
#2266 = CARTESIAN_POINT ( 'NONE',  ( 0.0000000000000000000, 0.3499999999999999800, 0.0000000000000000000 ) ) ;
#2267 =( NAMED_UNIT ( * ) SI_UNIT ( $, .STERADIAN. ) SOLID_ANGLE_UNIT ( ) );
#2268 =( NAMED_UNIT ( * ) PLANE_ANGLE_UNIT ( ) SI_UNIT ( $, .RADIAN. ) );
#2269 =( LENGTH_UNIT ( ) NAMED_UNIT ( * ) SI_UNIT ( .MILLI., .METRE. ) );
#2270 = SURFACE_STYLE_USAGE ( .BOTH. , #2271 ) ;
#2271 = SURFACE_SIDE_STYLE ('',( #2949 ) ) ;
#2272 = MANIFOLD_SOLID_BREP ( 'ŒﬁΩ - âüÇµèoÇµ6[1]', #1019 ) ;
#2273 = FILL_AREA_STYLE ('',( #2285 ) ) ;
#2274 = FILL_AREA_STYLE_COLOUR ( '', #2958 ) ;
#2275 = PLANE ( 'NONE',  #4002 ) ;
#2276 = DIRECTION ( 'NONE',  ( 0.0000000000000000000, 0.0000000000000000000, 1.000000000000000000 ) ) ;
#2277 = DIRECTION ( 'NONE',  ( -1.000000000000000000, 0.0000000000000000000, 0.0000000000000000000 ) ) ;
#2278 = CARTESIAN_POINT ( 'NONE',  ( 1.499999999999970900, 0.3499999999999999800, -1.249999999999963600 ) ) ;
#2279 =( NAMED_UNIT ( * ) SI_UNIT ( $, .STERADIAN. ) SOLID_ANGLE_UNIT ( ) );
#2280 =( NAMED_UNIT ( * ) PLANE_ANGLE_UNIT ( ) SI_UNIT ( $, .RADIAN. ) );
#2281 =( LENGTH_UNIT ( ) NAMED_UNIT ( * ) SI_UNIT ( .MILLI., .METRE. ) );
#2282 = SURFACE_STYLE_USAGE ( .BOTH. , #2283 ) ;
#2283 = SURFACE_SIDE_STYLE ('',( #3614 ) ) ;
#2284 = FILL_AREA_STYLE ('',( #2296 ) ) ;
#2285 = FILL_AREA_STYLE_COLOUR ( '', #2950 ) ;
#2286 = PLANE ( 'NONE',  #4007 ) ;
#2287 = DIRECTION ( 'NONE',  ( 0.0000000000000000000, -0.0000000000000000000, -1.000000000000000000 ) ) ;
#2288 = DIRECTION ( 'NONE',  ( 0.0000000000000000000, -1.000000000000000000, 0.0000000000000000000 ) ) ;
#2289 = CARTESIAN_POINT ( 'NONE',  ( 0.0000000000000000000, 0.3499999999999999800, 0.0000000000000000000 ) ) ;
#2290 =( NAMED_UNIT ( * ) SI_UNIT ( $, .STERADIAN. ) SOLID_ANGLE_UNIT ( ) );
#2291 =( NAMED_UNIT ( * ) PLANE_ANGLE_UNIT ( ) SI_UNIT ( $, .RADIAN. ) );
#2292 =( LENGTH_UNIT ( ) NAMED_UNIT ( * ) SI_UNIT ( .MILLI., .METRE. ) );
#2293 = SURFACE_STYLE_USAGE ( .BOTH. , #2294 ) ;
#2294 = SURFACE_SIDE_STYLE ('',( #3619 ) ) ;
#2295 = FILL_AREA_STYLE ('',( #2308 ) ) ;
#2296 = FILL_AREA_STYLE_COLOUR ( '', #3608 ) ;
#2297 = PLANE ( 'NONE',  #4016 ) ;
#2298 = DIRECTION ( 'NONE',  ( 1.000000000000000000, 0.0000000000000000000, 9.766095904831244300E-015 ) ) ;
#2299 = DIRECTION ( 'NONE',  ( -9.766095904831244300E-015, 0.0000000000000000000, 1.000000000000000000 ) ) ;
#2300 = CARTESIAN_POINT ( 'NONE',  ( -0.6550000000000576500, 0.3499999999999999800, -1.500000000000004000 ) ) ;
#2301 =( NAMED_UNIT ( * ) SI_UNIT ( $, .STERADIAN. ) SOLID_ANGLE_UNIT ( ) );
#2302 =( NAMED_UNIT ( * ) PLANE_ANGLE_UNIT ( ) SI_UNIT ( $, .RADIAN. ) );
#2303 = CARTESIAN_POINT ( 'NONE',  ( -0.9050000000000640900, 0.0000000000000000000, 1.250000000000007100 ) ) ;
#2304 =( LENGTH_UNIT ( ) NAMED_UNIT ( * ) SI_UNIT ( .MILLI., .METRE. ) );
#2305 = SURFACE_STYLE_USAGE ( .BOTH. , #2306 ) ;
#2306 = SURFACE_SIDE_STYLE ('',( #3562 ) ) ;
#2307 = FILL_AREA_STYLE ('',( #2319 ) ) ;
#2308 = FILL_AREA_STYLE_COLOUR ( '', #3628 ) ;
#2309 = PLANE ( 'NONE',  #4022 ) ;
#2310 = DIRECTION ( 'NONE',  ( 0.0000000000000000000, -0.0000000000000000000, -1.000000000000000000 ) ) ;
#2311 = DIRECTION ( 'NONE',  ( 0.0000000000000000000, -1.000000000000000000, 0.0000000000000000000 ) ) ;
#2312 = CARTESIAN_POINT ( 'NONE',  ( 0.0000000000000000000, 0.0000000000000000000, 0.0000000000000000000 ) ) ;
#2313 =( NAMED_UNIT ( * ) SI_UNIT ( $, .STERADIAN. ) SOLID_ANGLE_UNIT ( ) );
#2314 =( NAMED_UNIT ( * ) PLANE_ANGLE_UNIT ( ) SI_UNIT ( $, .RADIAN. ) );
#2315 =( LENGTH_UNIT ( ) NAMED_UNIT ( * ) SI_UNIT ( .MILLI., .METRE. ) );
#2316 = SURFACE_STYLE_USAGE ( .BOTH. , #2317 ) ;
#2317 = SURFACE_SIDE_STYLE ('',( #3618 ) ) ;
#2318 = FILL_AREA_STYLE ('',( #2348 ) ) ;
#2319 = FILL_AREA_STYLE_COLOUR ( '', #3563 ) ;
#2320 = PLANE ( 'NONE',  #4040 ) ;
#2321 = PLANE ( 'NONE',  #4030 ) ;
#2322 = FILL_AREA_STYLE_COLOUR ( '', #2933 ) ;
#2323 = CARTESIAN_POINT ( 'NONE',  ( -1.250000000000053100, 1.100000000000000100, 1.250000000000075100 ) ) ;
#2324 = CARTESIAN_POINT ( 'NONE',  ( -1.183333333333367800, 0.9750000000000000900, 1.183333333333467700 ) ) ;
#2325 = CARTESIAN_POINT ( 'NONE',  ( -1.116666666666682200, 0.7249999999999999800, 1.116666666666860300 ) ) ;
#2326 = CARTESIAN_POINT ( 'NONE',  ( -1.183333333333367800, 0.4749999999999999800, 1.183333333333467700 ) ) ;
#2327 = CARTESIAN_POINT ( 'NONE',  ( -1.250000000000053100, 0.3499999999999999800, 1.250000000000075100 ) ) ;
#2328 = CARTESIAN_POINT ( 'NONE',  ( -1.250000000000053100, 1.100000000000000100, 0.4166666666667526700 ) ) ;
#2329 = CARTESIAN_POINT ( 'NONE',  ( -1.183333333333367800, 0.9750000000000000900, 0.3944444444445872600 ) ) ;
#2330 = CARTESIAN_POINT ( 'NONE',  ( -1.116666666666682200, 0.7249999999999999800, 0.3722222222224221800 ) ) ;
#2331 = CARTESIAN_POINT ( 'NONE',  ( -1.183333333333367800, 0.4749999999999999800, 0.3944444444445872600 ) ) ;
#2332 = CARTESIAN_POINT ( 'NONE',  ( -1.250000000000053100, 0.3499999999999999800, 0.4166666666667526700 ) ) ;
#2333 = CARTESIAN_POINT ( 'NONE',  ( -1.250000000000053100, 1.100000000000000100, -0.4166666666665696500 ) ) ;
#2334 = CARTESIAN_POINT ( 'NONE',  ( -1.183333333333367800, 0.9750000000000000900, -0.3944444444442930000 ) ) ;
#2335 = CARTESIAN_POINT ( 'NONE',  ( -1.116666666666682200, 0.7249999999999999800, -0.3722222222220164500 ) ) ;
#2336 = CARTESIAN_POINT ( 'NONE',  ( -1.183333333333367800, 0.4749999999999999800, -0.3944444444442930000 ) ) ;
#2337 = CARTESIAN_POINT ( 'NONE',  ( -1.250000000000053100, 0.3499999999999999800, -0.4166666666665696500 ) ) ;
#2338 = CARTESIAN_POINT ( 'NONE',  ( -1.250000000000053100, 1.100000000000000100, -1.249999999999892100 ) ) ;
#2339 = CARTESIAN_POINT ( 'NONE',  ( -1.183333333333367800, 0.9750000000000000900, -1.183333333333173500 ) ) ;
#2340 = CARTESIAN_POINT ( 'NONE',  ( -1.116666666666682200, 0.7249999999999999800, -1.116666666666454900 ) ) ;
#2341 = CARTESIAN_POINT ( 'NONE',  ( -1.183333333333367800, 0.4749999999999999800, -1.183333333333173500 ) ) ;
#2342 =( NAMED_UNIT ( * ) SI_UNIT ( $, .STERADIAN. ) SOLID_ANGLE_UNIT ( ) );
#2343 =( NAMED_UNIT ( * ) PLANE_ANGLE_UNIT ( ) SI_UNIT ( $, .RADIAN. ) );
#2344 =( LENGTH_UNIT ( ) NAMED_UNIT ( * ) SI_UNIT ( .MILLI., .METRE. ) );
#2345 = SURFACE_STYLE_USAGE ( .BOTH. , #2346 ) ;
#2346 = SURFACE_SIDE_STYLE ('',( #3536 ) ) ;
#2347 = FILL_AREA_STYLE ('',( #2359 ) ) ;
#2348 = FILL_AREA_STYLE_COLOUR ( '', #3616 ) ;
#2349 = DIRECTION ( 'NONE',  ( 1.000000000000000000, 0.0000000000000000000, -0.0000000000000000000 ) ) ;
#2350 = DIRECTION ( 'NONE',  ( 0.0000000000000000000, 0.0000000000000000000, 1.000000000000000000 ) ) ;
#2351 = CARTESIAN_POINT ( 'NONE',  ( 0.9049999999999726000, 0.3499999999999999800, -1.249999999999963600 ) ) ;
#2352 =( NAMED_UNIT ( * ) SI_UNIT ( $, .STERADIAN. ) SOLID_ANGLE_UNIT ( ) );
#2353 =( NAMED_UNIT ( * ) PLANE_ANGLE_UNIT ( ) SI_UNIT ( $, .RADIAN. ) );
#2354 =( LENGTH_UNIT ( ) NAMED_UNIT ( * ) SI_UNIT ( .MILLI., .METRE. ) );
#2355 =( NAMED_UNIT ( * ) PLANE_ANGLE_UNIT ( ) SI_UNIT ( $, .RADIAN. ) );
#2356 = SURFACE_STYLE_USAGE ( .BOTH. , #2357 ) ;
#2357 = SURFACE_SIDE_STYLE ('',( #3555 ) ) ;
#2358 = FILL_AREA_STYLE ('',( #2387 ) ) ;
#2359 = FILL_AREA_STYLE_COLOUR ( '', #3656 ) ;
#2360 = PLANE ( 'NONE',  #4098 ) ;
#2361 = CARTESIAN_POINT ( 'NONE',  ( -1.250000000000053100, 0.3499999999999999800, -1.249999999999892100 ) ) ;
#2362 = CARTESIAN_POINT ( 'NONE',  ( -0.9050000000000293400, 1.100000000000000100, 1.250000000000107200 ) ) ;
#2363 = CARTESIAN_POINT ( 'NONE',  ( -0.8773857625084681100, 0.9750000000000000900, 1.183333333333493900 ) ) ;
#2364 = CARTESIAN_POINT ( 'NONE',  ( -0.8497715250169070000, 0.7249999999999999800, 1.116666666666880300 ) ) ;
#2365 = CARTESIAN_POINT ( 'NONE',  ( -0.8773857625084682300, 0.4749999999999999800, 1.183333333333493900 ) ) ;
#2366 = CARTESIAN_POINT ( 'NONE',  ( -0.9050000000000293400, 0.3499999999999999800, 1.250000000000107200 ) ) ;
#2367 = CARTESIAN_POINT ( 'NONE',  ( -1.020000000000037100, 1.100000000000000100, 1.250000000000096600 ) ) ;
#2368 = CARTESIAN_POINT ( 'NONE',  ( -0.9793682861167678500, 0.9750000000000000900, 1.183333333333485200 ) ) ;
#2369 = CARTESIAN_POINT ( 'NONE',  ( -0.9387365722334990400, 0.7249999999999999800, 1.116666666666873600 ) ) ;
#2370 = CARTESIAN_POINT ( 'NONE',  ( -0.9793682861167680700, 0.4749999999999999800, 1.183333333333485200 ) ) ;
#2371 = CARTESIAN_POINT ( 'NONE',  ( -1.020000000000037100, 0.3499999999999999800, 1.250000000000096600 ) ) ;
#2372 = CARTESIAN_POINT ( 'NONE',  ( -1.135000000000045100, 1.100000000000000100, 1.250000000000085900 ) ) ;
#2373 = CARTESIAN_POINT ( 'NONE',  ( -1.081350809725067700, 0.9750000000000000900, 1.183333333333476600 ) ) ;
#2374 = CARTESIAN_POINT ( 'NONE',  ( -1.027701619450090800, 0.7249999999999999800, 1.116666666666867200 ) ) ;
#2375 = CARTESIAN_POINT ( 'NONE',  ( -1.081350809725067900, 0.4749999999999999800, 1.183333333333476600 ) ) ;
#2376 = CARTESIAN_POINT ( 'NONE',  ( -1.135000000000045100, 0.3499999999999999800, 1.250000000000085900 ) ) ;
#2377 = CARTESIAN_POINT ( 'NONE',  ( -1.250000000000053100, 1.100000000000000100, 1.250000000000075100 ) ) ;
#2378 = CARTESIAN_POINT ( 'NONE',  ( -1.183333333333367800, 0.9750000000000000900, 1.183333333333467700 ) ) ;
#2379 = CARTESIAN_POINT ( 'NONE',  ( -1.116666666666682200, 0.7249999999999999800, 1.116666666666860300 ) ) ;
#2380 = CARTESIAN_POINT ( 'NONE',  ( -1.183333333333367800, 0.4749999999999999800, 1.183333333333467700 ) ) ;
#2381 =( NAMED_UNIT ( * ) SI_UNIT ( $, .STERADIAN. ) SOLID_ANGLE_UNIT ( ) );
#2382 =( NAMED_UNIT ( * ) PLANE_ANGLE_UNIT ( ) SI_UNIT ( $, .RADIAN. ) );
#2383 =( LENGTH_UNIT ( ) NAMED_UNIT ( * ) SI_UNIT ( .MILLI., .METRE. ) );
#2384 = SURFACE_STYLE_USAGE ( .BOTH. , #2385 ) ;
#2385 = SURFACE_SIDE_STYLE ('',( #3635 ) ) ;
#2386 = FILL_AREA_STYLE ('',( #2397 ) ) ;
#2387 = FILL_AREA_STYLE_COLOUR ( '', #3553 ) ;
#2388 = DIRECTION ( 'NONE',  ( -1.000000000000000000, 0.0000000000000000000, -0.0000000000000000000 ) ) ;
#2389 = DIRECTION ( 'NONE',  ( 0.0000000000000000000, 0.0000000000000000000, -1.000000000000000000 ) ) ;
#2390 = CARTESIAN_POINT ( 'NONE',  ( 1.499999999999970900, 0.3499999999999999800, 1.249999999999990000 ) ) ;
#2391 =( NAMED_UNIT ( * ) SI_UNIT ( $, .STERADIAN. ) SOLID_ANGLE_UNIT ( ) );
#2392 =( NAMED_UNIT ( * ) PLANE_ANGLE_UNIT ( ) SI_UNIT ( $, .RADIAN. ) );
#2393 =( LENGTH_UNIT ( ) NAMED_UNIT ( * ) SI_UNIT ( .MILLI., .METRE. ) );
#2394 = SURFACE_STYLE_USAGE ( .BOTH. , #2395 ) ;
#2395 = SURFACE_SIDE_STYLE ('',( #3571 ) ) ;
#2396 = FILL_AREA_STYLE ('',( #2411 ) ) ;
#2397 = FILL_AREA_STYLE_COLOUR ( '', #3653 ) ;
#2398 = CARTESIAN_POINT ( 'NONE',  ( -1.250000000000053100, 0.3499999999999999800, 1.250000000000075100 ) ) ;
#2399 = CARTESIAN_POINT ( 'NONE',  ( 0.6549999999999164300, 0.3499999999999999800, 1.499999999999992000 ) ) ;
#2400 = DIRECTION ( 'NONE',  ( -1.000000000000000000, 0.0000000000000000000, -0.0000000000000000000 ) ) ;
#2401 = DIRECTION ( 'NONE',  ( 0.0000000000000000000, 0.0000000000000000000, -1.000000000000000000 ) ) ;
#2402 = CARTESIAN_POINT ( 'NONE',  ( -0.9050000000000292300, 0.3499999999999999800, 1.249999999999990000 ) ) ;
#2403 =( NAMED_UNIT ( * ) SI_UNIT ( $, .STERADIAN. ) SOLID_ANGLE_UNIT ( ) );
#2404 =( NAMED_UNIT ( * ) PLANE_ANGLE_UNIT ( ) SI_UNIT ( $, .RADIAN. ) );
#2405 =( LENGTH_UNIT ( ) NAMED_UNIT ( * ) SI_UNIT ( .MILLI., .METRE. ) );
#2406 =( NAMED_UNIT ( * ) PLANE_ANGLE_UNIT ( ) SI_UNIT ( $, .RADIAN. ) );
#2407 = SURFACE_STYLE_USAGE ( .BOTH. , #2408 ) ;
#2408 = SURFACE_SIDE_STYLE ('',( #3663 ) ) ;
#2409 = DIRECTION ( 'NONE',  ( -1.000000000000000000, 0.0000000000000000000, -0.0000000000000000000 ) ) ;
#2410 = FILL_AREA_STYLE ('',( #2465 ) ) ;
#2411 = FILL_AREA_STYLE_COLOUR ( '', #3610 ) ;
#2412 = PLANE ( 'NONE',  #4047 ) ;
#2413 = DIRECTION ( 'NONE',  ( 0.7071067811865477900, 0.0000000000000000000, 0.7071067811865473500 ) ) ;
#2414 = DIRECTION ( 'NONE',  ( -0.7071067811865473500, 0.0000000000000000000, 0.7071067811865477900 ) ) ;
#2415 = CARTESIAN_POINT ( 'NONE',  ( 0.6549999999999449600, 0.3499999999999999800, -1.499999999999991100 ) ) ;
#2416 = CARTESIAN_POINT ( 'NONE',  ( 0.5721572875253273500, 0.0000000000000000000, -1.499999999999992000 ) ) ;
#2417 =( NAMED_UNIT ( * ) SI_UNIT ( $, .STERADIAN. ) SOLID_ANGLE_UNIT ( ) );
#2418 =( NAMED_UNIT ( * ) PLANE_ANGLE_UNIT ( ) SI_UNIT ( $, .RADIAN. ) );
#2419 =( LENGTH_UNIT ( ) NAMED_UNIT ( * ) SI_UNIT ( .MILLI., .METRE. ) );
#2420 =( NAMED_UNIT ( * ) PLANE_ANGLE_UNIT ( ) SI_UNIT ( $, .RADIAN. ) );
#2421 = CARTESIAN_POINT ( 'NONE',  ( 0.9049999999999730500, 1.450000000000000200, 1.250000000000107200 ) ) ;
#2422 = CARTESIAN_POINT ( 'NONE',  ( 0.5721572875253035900, 0.3499999999999999800, 1.499999999999992000 ) ) ;
#2423 = CARTESIAN_POINT ( 'NONE',  ( -1.349999999999999000, 0.3499999999999999800, 1.249999999999990000 ) ) ;
#2424 = CARTESIAN_POINT ( 'NONE',  ( -0.5000000000000063300, -0.05000000000000000300, -1.499999999999992000 ) ) ;
#2425 = SURFACE_SIDE_STYLE ('',( #2971 ) ) ;
#2426 = CARTESIAN_POINT ( 'NONE',  ( -0.5721572875254098400, 0.0000000000000000000, 1.499999999999992000 ) ) ;
#2427 =( LENGTH_UNIT ( ) NAMED_UNIT ( * ) SI_UNIT ( .MILLI., .METRE. ) );
#2428 = CARTESIAN_POINT ( 'NONE',  ( -0.9050000000000292300, 1.100000000000000100, 1.250000000000107200 ) ) ;
#2429 = CARTESIAN_POINT ( 'NONE',  ( -0.7135786437627491500, 0.0000000000000000000, -1.441421356237312400 ) ) ;
#2430 =( LENGTH_UNIT ( ) NAMED_UNIT ( * ) SI_UNIT ( .MILLI., .METRE. ) );
#2431 = CARTESIAN_POINT ( 'NONE',  ( 0.5721572875254016300, -0.05000000000000000300, -1.499999999999994000 ) ) ;
#2432 = CARTESIAN_POINT ( 'NONE',  ( -0.7135786437627080800, 0.0000000000000000000, -1.441421356237320200 ) ) ;
#2433 = CARTESIAN_POINT ( 'NONE',  ( 0.4999999999999965600, 0.0000000000000000000, -1.499999999999984000 ) ) ;
#2434 = CARTESIAN_POINT ( 'NONE',  ( 0.4999999999999965600, -0.05000000000000000300, -1.499999999999984000 ) ) ;
#2435 = CARTESIAN_POINT ( 'NONE',  ( 1.400000000000001900, 0.0000000000000000000, -1.241421356237294000 ) ) ;
#2436 = CARTESIAN_POINT ( 'NONE',  ( 0.9050000000000526500, 0.0000000000000000000, -1.249999999999980900 ) ) ;
#2437 = CARTESIAN_POINT ( 'NONE',  ( 0.7135786437626983100, 0.0000000000000000000, -1.441421356237311000 ) ) ;
#2438 = CARTESIAN_POINT ( 'NONE',  ( 1.349999999999971000, 0.3499999999999999800, 1.249999999999990000 ) ) ;
#2439 = CARTESIAN_POINT ( 'NONE',  ( 1.349999999999983000, -0.05000000000000000300, -1.249999999999980900 ) ) ;
#2440 = CARTESIAN_POINT ( 'NONE',  ( -1.400000000000003000, 0.0000000000000000000, 1.241421356237284900 ) ) ;
#2441 = CARTESIAN_POINT ( 'NONE',  ( 0.7135786437626905300, 1.450000000000000200, -1.441421356237174300 ) ) ;
#2442 = CARTESIAN_POINT ( 'NONE',  ( 0.7135786437626983100, -0.05000000000000000300, -1.441421356237311000 ) ) ;
#2443 = CARTESIAN_POINT ( 'NONE',  ( 1.073529411764755600, 0.3499999999999999800, -1.249999999999899000 ) ) ;
#2444 = CARTESIAN_POINT ( 'NONE',  ( 0.7135786437627023000, 0.0000000000000000000, 1.441421356237343900 ) ) ;
#2445 = CARTESIAN_POINT ( 'NONE',  ( -1.349999999999993000, -0.05000000000000000300, -1.249999999999990000 ) ) ;
#2446 = CARTESIAN_POINT ( 'NONE',  ( 1.399999999999993000, 0.0000000000000000000, 1.241421356237294000 ) ) ;
#2447 = CARTESIAN_POINT ( 'NONE',  ( 0.4999999999999928400, 0.0000000000000000000, 1.500000000000017100 ) ) ;
#2448 = CARTESIAN_POINT ( 'NONE',  ( 1.499999999999970900, 0.3499999999999999800, -1.099999999999963700 ) ) ;
#2449 = CARTESIAN_POINT ( 'NONE',  ( 1.050000000000018700, 1.100000000000000100, -1.249999999999897900 ) ) ;
#2450 = CARTESIAN_POINT ( 'NONE',  ( -0.5721572875254112800, 0.0000000000000000000, -1.500000000000003100 ) ) ;
#2451 = CARTESIAN_POINT ( 'NONE',  ( -1.400000000000011000, 0.0000000000000000000, -1.241421356237303100 ) ) ;
#2452 = CARTESIAN_POINT ( 'NONE',  ( 0.4999999999999928400, -0.05000000000000000300, 1.500000000000017100 ) ) ;
#2453 = CARTESIAN_POINT ( 'NONE',  ( -0.7135786437627491500, 0.3499999999999999800, -1.441421356237312400 ) ) ;
#2454 = FILL_AREA_STYLE_COLOUR ( '', #2801 ) ;
#2455 = FILL_AREA_STYLE ('',( #2469 ) ) ;
#2456 = SURFACE_SIDE_STYLE ('',( #2810 ) ) ;
#2457 = CARTESIAN_POINT ( 'NONE',  ( 0.5721572875253035900, 0.0000000000000000000, 1.499999999999992000 ) ) ;
#2458 = SURFACE_STYLE_USAGE ( .BOTH. , #2463 ) ;
#2459 = CARTESIAN_POINT ( 'NONE',  ( -1.248778674116900500, 1.097702978894477000, 1.072068953675974400 ) ) ;
#2460 = FILL_AREA_STYLE ('',( #2454 ) ) ;
#2461 =( LENGTH_UNIT ( ) NAMED_UNIT ( * ) SI_UNIT ( .MILLI., .METRE. ) );
#2462 = FILL_AREA_STYLE ('',( #2604 ) ) ;
#2463 = SURFACE_SIDE_STYLE ('',( #3535 ) ) ;
#2464 = FILL_AREA_STYLE ('',( #2541 ) ) ;
#2465 = FILL_AREA_STYLE_COLOUR ( '', #3528 ) ;
#2466 = PLANE ( 'NONE',  #4049 ) ;
#2467 = PLANE ( 'NONE',  #4042 ) ;
#2468 =( LENGTH_UNIT ( ) NAMED_UNIT ( * ) SI_UNIT ( .MILLI., .METRE. ) );
#2469 = FILL_AREA_STYLE_COLOUR ( '', #2812 ) ;
#2470 = CARTESIAN_POINT ( 'NONE',  ( -1.050000000000071800, 1.450000000000000200, 1.250000000000093700 ) ) ;
#2471 = CARTESIAN_POINT ( 'NONE',  ( -0.6550000000000292300, 1.100000000000000100, 1.500000000000107200 ) ) ;
#2472 = CARTESIAN_POINT ( 'NONE',  ( -0.6273857625084705600, 0.9750000000000000900, 1.433333333333491700 ) ) ;
#2473 = CARTESIAN_POINT ( 'NONE',  ( -0.5997715250169118900, 0.7249999999999999800, 1.366666666666876100 ) ) ;
#2474 = CARTESIAN_POINT ( 'NONE',  ( -0.6273857625084704500, 0.4749999999999999800, 1.433333333333491900 ) ) ;
#2475 = CARTESIAN_POINT ( 'NONE',  ( -0.6550000000000292300, 0.3499999999999999800, 1.500000000000107200 ) ) ;
#2476 = CARTESIAN_POINT ( 'NONE',  ( -0.7383333333333624800, 1.100000000000000100, 1.416666666666773800 ) ) ;
#2477 = CARTESIAN_POINT ( 'NONE',  ( -0.5000000000000027800, 0.0000000000000000000, 1.500000000000008000 ) ) ;
#2478 = CARTESIAN_POINT ( 'NONE',  ( -0.7107190958418029300, 0.9750000000000000900, 1.350000000000158900 ) ) ;
#2479 = CARTESIAN_POINT ( 'NONE',  ( -0.6831048583502434800, 0.7249999999999999800, 1.283333333333545000 ) ) ;
#2480 = CARTESIAN_POINT ( 'NONE',  ( -0.7107190958418031500, 0.4749999999999999800, 1.350000000000158900 ) ) ;
#2481 = CARTESIAN_POINT ( 'NONE',  ( -0.7383333333333624800, 0.3499999999999999800, 1.416666666666773800 ) ) ;
#2482 = CARTESIAN_POINT ( 'NONE',  ( -0.8216666666666958600, 1.100000000000000100, 1.333333333333440500 ) ) ;
#2483 = CARTESIAN_POINT ( 'NONE',  ( -0.7940524291751356300, 0.9750000000000000900, 1.266666666666826500 ) ) ;
#2484 = CARTESIAN_POINT ( 'NONE',  ( -0.7664381916835755200, 0.7249999999999999800, 1.200000000000212700 ) ) ;
#2485 = CARTESIAN_POINT ( 'NONE',  ( -0.7940524291751355200, 0.4749999999999999800, 1.266666666666826500 ) ) ;
#2486 = CARTESIAN_POINT ( 'NONE',  ( -0.8216666666666958600, 0.3499999999999999800, 1.333333333333440500 ) ) ;
#2487 = CARTESIAN_POINT ( 'NONE',  ( -0.9050000000000293400, 1.100000000000000100, 1.250000000000107200 ) ) ;
#2488 = CARTESIAN_POINT ( 'NONE',  ( -0.8773857625084683400, 0.9750000000000000900, 1.183333333333493900 ) ) ;
#2489 =( LENGTH_UNIT ( ) NAMED_UNIT ( * ) SI_UNIT ( .MILLI., .METRE. ) );
#2490 = CARTESIAN_POINT ( 'NONE',  ( -0.8497715250169073400, 0.7249999999999999800, 1.116666666666880300 ) ) ;
#2491 = CARTESIAN_POINT ( 'NONE',  ( -0.8773857625084683400, 0.4749999999999999800, 1.183333333333493900 ) ) ;
#2492 =( NAMED_UNIT ( * ) SI_UNIT ( $, .STERADIAN. ) SOLID_ANGLE_UNIT ( ) );
#2493 = CARTESIAN_POINT ( 'NONE',  ( -0.5721572875254079500, 1.450000000000000200, -1.499999999999889200 ) ) ;
#2494 = FILL_AREA_STYLE_COLOUR ( '', #2973 ) ;
#2495 = CARTESIAN_POINT ( 'NONE',  ( -0.5721572875254098400, 0.3499999999999999800, 1.499999999999992000 ) ) ;
#2496 = CARTESIAN_POINT ( 'NONE',  ( 1.349999999999971000, 0.0000000000000000000, 1.249999999999990000 ) ) ;
#2497 =( NAMED_UNIT ( * ) PLANE_ANGLE_UNIT ( ) SI_UNIT ( $, .RADIAN. ) );
#2498 = CARTESIAN_POINT ( 'NONE',  ( -0.7135786437627198400, 0.3499999999999999800, 1.441421356237301100 ) ) ;
#2499 = CARTESIAN_POINT ( 'NONE',  ( -0.7135786437627080800, -0.05000000000000000300, -1.441421356237320200 ) ) ;
#2500 = CARTESIAN_POINT ( 'NONE',  ( -0.5721572875254377100, 0.3499999999999999800, -1.500000000000003100 ) ) ;
#2501 = CARTESIAN_POINT ( 'NONE',  ( 1.349999999999971000, 0.3499999999999999800, -1.249999999999963600 ) ) ;
#2502 = CARTESIAN_POINT ( 'NONE',  ( -0.5721572875254377100, 0.0000000000000000000, -1.500000000000003100 ) ) ;
#2503 = CARTESIAN_POINT ( 'NONE',  ( 0.7135786437626057100, 0.3499999999999999800, 1.441421356237308800 ) ) ;
#2504 = CARTESIAN_POINT ( 'NONE',  ( -1.072068953665950200, 1.097702978896569800, 1.248778674118049800 ) ) ;
#2505 = CARTESIAN_POINT ( 'NONE',  ( -1.400000000000003000, -0.05000000000000000300, 1.241421356237284900 ) ) ;
#2506 = CARTESIAN_POINT ( 'NONE',  ( -1.250000000000053100, 1.100000000000000100, -1.049999999999891900 ) ) ;
#2507 = CARTESIAN_POINT ( 'NONE',  ( 1.250000000000027100, 0.3499999999999999800, 1.073529411764803300 ) ) ;
#2508 = CARTESIAN_POINT ( 'NONE',  ( 0.7135786437626348000, 0.3499999999999999800, -1.441421356237301500 ) ) ;
#2509 =( NAMED_UNIT ( * ) SI_UNIT ( $, .STERADIAN. ) SOLID_ANGLE_UNIT ( ) );
#2510 = CARTESIAN_POINT ( 'NONE',  ( -1.250000000000053100, 0.3499999999999999800, 1.073529411764808400 ) ) ;
#2511 = CARTESIAN_POINT ( 'NONE',  ( 1.400000000000001900, -0.05000000000000000300, -1.241421356237294000 ) ) ;
#2512 = CARTESIAN_POINT ( 'NONE',  ( -0.9793682861167698500, 0.9750000000000000900, -1.183333333333173500 ) ) ;
#2513 = CARTESIAN_POINT ( 'NONE',  ( 0.9050000000000526500, -0.05000000000000000300, -1.249999999999980900 ) ) ;
#2514 = CARTESIAN_POINT ( 'NONE',  ( -0.9050000000000624200, -0.05000000000000000300, -1.249999999999990000 ) ) ;
#2515 = CARTESIAN_POINT ( 'NONE',  ( -0.9050000000000624200, 0.0000000000000000000, -1.249999999999990000 ) ) ;
#2516 = CARTESIAN_POINT ( 'NONE',  ( 0.9050000000000544300, -0.05000000000000000300, 1.250000000000015100 ) ) ;
#2517 = CARTESIAN_POINT ( 'NONE',  ( 0.5721572875254016300, 0.0000000000000000000, -1.499999999999994000 ) ) ;
#2518 = CARTESIAN_POINT ( 'NONE',  ( -0.5721572875254112800, -0.05000000000000000300, -1.500000000000003100 ) ) ;
#2519 = CARTESIAN_POINT ( 'NONE',  ( 1.349999999999983000, 0.0000000000000000000, -1.249999999999980900 ) ) ;
#2520 = CARTESIAN_POINT ( 'NONE',  ( 0.9049999999999730500, 1.450000000000000200, -1.249999999999892100 ) ) ;
#2521 = CARTESIAN_POINT ( 'NONE',  ( -1.073529411764800900, 0.3499999999999999800, -1.249999999999996400 ) ) ;
#2522 = CARTESIAN_POINT ( 'NONE',  ( 1.499999999999970900, 0.3499999999999999800, 1.099999999999989200 ) ) ;
#2523 = CARTESIAN_POINT ( 'NONE',  ( -1.499999999999998900, 0.3499999999999999800, 1.099999999999990100 ) ) ;
#2524 = CARTESIAN_POINT ( 'NONE',  ( 1.349999999999983000, -0.05000000000000000300, 1.249999999999987100 ) ) ;
#2525 = CARTESIAN_POINT ( 'NONE',  ( 0.9050000000000544300, 0.0000000000000000000, 1.250000000000015100 ) ) ;
#2526 = CARTESIAN_POINT ( 'NONE',  ( 0.5721572875254016300, -0.05000000000000000300, 1.500000000000017100 ) ) ;
#2527 = CARTESIAN_POINT ( 'NONE',  ( 1.349999999999983000, 0.0000000000000000000, 1.249999999999987100 ) ) ;
#2528 = CARTESIAN_POINT ( 'NONE',  ( 0.7135786437627023000, -0.05000000000000000300, 1.441421356237343900 ) ) ;
#2529 = CARTESIAN_POINT ( 'NONE',  ( 1.399999999999993000, -0.05000000000000000300, 1.241421356237294000 ) ) ;
#2530 = CARTESIAN_POINT ( 'NONE',  ( 1.499999999999970900, 0.3499999999999999800, 1.249999999999990000 ) ) ;
#2531 = CARTESIAN_POINT ( 'NONE',  ( 1.499999999999970900, 0.0000000000000000000, -1.099999999999963700 ) ) ;
#2532 = CARTESIAN_POINT ( 'NONE',  ( 0.9049999999999445200, 0.0000000000000000000, 1.249999999999990000 ) ) ;
#2533 = CARTESIAN_POINT ( 'NONE',  ( -0.9050000000000293400, 0.3499999999999999800, 1.250000000000107200 ) ) ;
#2534 = CARTESIAN_POINT ( 'NONE',  ( 0.7135786437626056000, 0.0000000000000000000, 1.441421356237308800 ) ) ;
#2535 = CARTESIAN_POINT ( 'NONE',  ( -0.9050000000000292300, 0.0000000000000000000, 1.249999999999990000 ) ) ;
#2536 = CARTESIAN_POINT ( 'NONE',  ( -0.9050000000000640900, -0.05000000000000000300, 1.250000000000007100 ) ) ;
#2537 = FILL_AREA_STYLE_COLOUR ( '', #3524 ) ;
#2538 = CARTESIAN_POINT ( 'NONE',  ( 0.7135786437626348000, 0.0000000000000000000, -1.441421356237301500 ) ) ;
#2539 = DIRECTION ( 'NONE',  ( -0.7071067811865474600, 0.0000000000000000000, -0.7071067811865474600 ) ) ;
#2540 = CARTESIAN_POINT ( 'NONE',  ( -0.9050000000000576500, 0.0000000000000000000, -1.250000000000004000 ) ) ;
#2541 = FILL_AREA_STYLE_COLOUR ( '', #3526 ) ;
#2542 = CARTESIAN_POINT ( 'NONE',  ( 0.5721572875253273500, 0.3499999999999999800, -1.499999999999992000 ) ) ;
#2543 = FILL_AREA_STYLE ('',( #2602 ) ) ;
#2544 = CARTESIAN_POINT ( 'NONE',  ( 1.250000000000027100, 0.3499999999999999800, -1.073529411764681600 ) ) ;
#2545 = SURFACE_SIDE_STYLE ('',( #3530 ) ) ;
#2546 = CARTESIAN_POINT ( 'NONE',  ( -1.499999999999998900, 0.0000000000000000000, 1.099999999999990100 ) ) ;
#2547 = DIRECTION ( 'NONE',  ( 1.000000000000000000, -0.0000000000000000000, 0.0000000000000000000 ) ) ;
#2548 =( NAMED_UNIT ( * ) SI_UNIT ( $, .STERADIAN. ) SOLID_ANGLE_UNIT ( ) );
#2549 = SURFACE_SIDE_STYLE ('',( #3537 ) ) ;
#2550 =( LENGTH_UNIT ( ) NAMED_UNIT ( * ) SI_UNIT ( .MILLI., .METRE. ) );
#2551 = PLANE ( 'NONE',  #4057 ) ;
#2552 = CARTESIAN_POINT ( 'NONE',  ( 1.349999999999971000, 0.0000000000000000000, -1.249999999999963600 ) ) ;
#2553 = CARTESIAN_POINT ( 'NONE',  ( -1.400000000000011000, -0.05000000000000000300, -1.241421356237303100 ) ) ;
#2554 = CARTESIAN_POINT ( 'NONE',  ( -0.7135786437627120700, 0.0000000000000000000, 1.441421356237335000 ) ) ;
#2555 = CARTESIAN_POINT ( 'NONE',  ( -0.7066042097753406600, 0.3504353266296789100, 1.448067636901254400 ) ) ;
#2556 =( NAMED_UNIT ( * ) PLANE_ANGLE_UNIT ( ) SI_UNIT ( $, .RADIAN. ) );
#2557 =( NAMED_UNIT ( * ) SI_UNIT ( $, .STERADIAN. ) SOLID_ANGLE_UNIT ( ) );
#2558 = CARTESIAN_POINT ( 'NONE',  ( 0.9049999999999730500, 0.3499999999999999800, -1.249999999999892100 ) ) ;
#2559 = CARTESIAN_POINT ( 'NONE',  ( -1.350000000000005400, 0.3499999999999999800, -1.249999999999984700 ) ) ;
#2560 = SURFACE_STYLE_USAGE ( .BOTH. , #2545 ) ;
#2561 = CARTESIAN_POINT ( 'NONE',  ( 0.5721572875254016300, 0.0000000000000000000, 1.500000000000017100 ) ) ;
#2562 = CARTESIAN_POINT ( 'NONE',  ( 1.250000000000027100, 1.100000000000000100, 1.050000000000106800 ) ) ;
#2563 = FILL_AREA_STYLE ('',( #2322 ) ) ;
#2564 = SURFACE_STYLE_USAGE ( .BOTH. , #2549 ) ;
#2565 = CARTESIAN_POINT ( 'NONE',  ( -0.6550000000000292300, 1.450000000000000200, 1.500000000000107200 ) ) ;
#2566 = CARTESIAN_POINT ( 'NONE',  ( -0.9050000000000435500, 0.3499999999999999800, -1.249999999999948000 ) ) ;
#2567 = CARTESIAN_POINT ( 'NONE',  ( -0.9050000000000292300, 1.450000000000000200, 1.250000000000107200 ) ) ;
#2568 =( NAMED_UNIT ( * ) SI_UNIT ( $, .STERADIAN. ) SOLID_ANGLE_UNIT ( ) );
#2569 = CARTESIAN_POINT ( 'NONE',  ( -0.6550000000000292300, 0.3499999999999999800, 1.499999999999992000 ) ) ;
#2570 =( NAMED_UNIT ( * ) SI_UNIT ( $, .STERADIAN. ) SOLID_ANGLE_UNIT ( ) );
#2571 = CARTESIAN_POINT ( 'NONE',  ( -0.5721572875254104000, 1.450000000000000200, 1.500000000000107200 ) ) ;
#2572 = CARTESIAN_POINT ( 'NONE',  ( -0.7066042097742488700, 1.099564673370530700, 1.448067636902586700 ) ) ;
#2573 = DIRECTION ( 'NONE',  ( -0.7071067811865446900, 0.0000000000000000000, -0.7071067811865503500 ) ) ;
#2574 = CARTESIAN_POINT ( 'NONE',  ( -1.349999999999993000, 0.0000000000000000000, -1.249999999999990000 ) ) ;
#2575 = CARTESIAN_POINT ( 'NONE',  ( -0.5000000000000027800, -0.05000000000000000300, 1.500000000000008000 ) ) ;
#2576 = CARTESIAN_POINT ( 'NONE',  ( 1.250000000000027100, 1.450000000000000200, 1.050000000000106800 ) ) ;
#2577 = SURFACE_STYLE_USAGE ( .BOTH. , #2425 ) ;
#2578 =( NAMED_UNIT ( * ) PLANE_ANGLE_UNIT ( ) SI_UNIT ( $, .RADIAN. ) );
#2579 = CARTESIAN_POINT ( 'NONE',  ( -0.9050000000000293400, 0.3499999999999999800, 1.250000000000107200 ) ) ;
#2580 = CARTESIAN_POINT ( 'NONE',  ( 0.9049999999999726000, 0.0000000000000000000, -1.249999999999963600 ) ) ;
#2581 = SURFACE_STYLE_USAGE ( .BOTH. , #2590 ) ;
#2582 = CARTESIAN_POINT ( 'NONE',  ( -0.5721572875254112800, -0.05000000000000000300, 1.500000000000008000 ) ) ;
#2583 = CARTESIAN_POINT ( 'NONE',  ( 1.050000000000027100, 1.450000000000000200, 1.250000000000107200 ) ) ;
#2584 = SURFACE_SIDE_STYLE ('',( #2932 ) ) ;
#2585 = CARTESIAN_POINT ( 'NONE',  ( -1.499999999999998900, 0.3499999999999999800, -1.099999999999985000 ) ) ;
#2586 = CARTESIAN_POINT ( 'NONE',  ( -1.349999999999993000, -0.05000000000000000300, 1.249999999999978000 ) ) ;
#2587 = CARTESIAN_POINT ( 'NONE',  ( -1.349999999999999000, 0.0000000000000000000, 1.249999999999990000 ) ) ;
#2588 = CARTESIAN_POINT ( 'NONE',  ( 1.499999999999970900, 0.0000000000000000000, 1.099999999999989200 ) ) ;
#2589 = CARTESIAN_POINT ( 'NONE',  ( -1.073529411764744900, 0.3499999999999999800, 1.250000000000091500 ) ) ;
#2590 = SURFACE_SIDE_STYLE ('',( #2809 ) ) ;
#2591 = FILL_AREA_STYLE ('',( #2537 ) ) ;
#2592 = DIRECTION ( 'NONE',  ( 0.7071067811865475700, 0.0000000000000000000, -0.7071067811865475700 ) ) ;
#2593 = CARTESIAN_POINT ( 'NONE',  ( -1.350000000000005400, 0.0000000000000000000, -1.249999999999984700 ) ) ;
#2594 = CARTESIAN_POINT ( 'NONE',  ( -0.5721572875254112800, 0.0000000000000000000, 1.500000000000008000 ) ) ;
#2595 = CARTESIAN_POINT ( 'NONE',  ( -0.7135786437627120700, -0.05000000000000000300, 1.441421356237335000 ) ) ;
#2596 = CARTESIAN_POINT ( 'NONE',  ( -1.349999999999993000, 0.0000000000000000000, 1.249999999999978000 ) ) ;
#2597 = CARTESIAN_POINT ( 'NONE',  ( 0.5721572875253854200, 1.450000000000000200, -1.499999999999864800 ) ) ;
#2598 = CARTESIAN_POINT ( 'NONE',  ( 1.250000000000027100, 1.450000000000000200, -1.049999999999897900 ) ) ;
#2599 = CARTESIAN_POINT ( 'NONE',  ( -1.250000000000053100, 0.3499999999999999800, -1.073529411764609300 ) ) ;
#2600 = CARTESIAN_POINT ( 'NONE',  ( -0.5000000000000063300, 0.0000000000000000000, -1.499999999999992000 ) ) ;
#2601 =( NAMED_UNIT ( * ) PLANE_ANGLE_UNIT ( ) SI_UNIT ( $, .RADIAN. ) );
#2602 = FILL_AREA_STYLE_COLOUR ( '', #3529 ) ;
#2603 = CARTESIAN_POINT ( 'NONE',  ( 0.9049999999999588400, 0.3499999999999999800, 1.250000000000048600 ) ) ;
#2604 = FILL_AREA_STYLE_COLOUR ( '', #2814 ) ;
#2605 = SURFACE_STYLE_USAGE ( .BOTH. , #2456 ) ;
#2606 = CARTESIAN_POINT ( 'NONE',  ( -0.7135786437627198400, 1.450000000000000200, 1.441421356237416500 ) ) ;
#2607 = CARTESIAN_POINT ( 'NONE',  ( 1.073529411764690300, 0.3499999999999999800, 1.249999999999990000 ) ) ;
#2608 = SURFACE_STYLE_USAGE ( .BOTH. , #2260 ) ;
#2609 = CARTESIAN_POINT ( 'NONE',  ( -1.250000000000053100, 1.450000000000000200, -1.049999999999891900 ) ) ;
#2610 = FILL_AREA_STYLE ('',( #2235 ) ) ;
#2611 =( NAMED_UNIT ( * ) SI_UNIT ( $, .STERADIAN. ) SOLID_ANGLE_UNIT ( ) );
#2612 = CARTESIAN_POINT ( 'NONE',  ( 0.7135786437626637800, 1.450000000000000200, 1.441421356237416500 ) ) ;
#2613 = CARTESIAN_POINT ( 'NONE',  ( 1.050000000000018700, 1.450000000000000200, -1.249999999999897900 ) ) ;
#2614 = ORIENTED_EDGE ( 'NONE', *, *, #3497, .T. ) ;
#2615 = ORIENTED_EDGE ( 'NONE', *, *, #3358, .T. ) ;
#2616 = ORIENTED_EDGE ( 'NONE', *, *, #3314, .T. ) ;
#2617 = ORIENTED_EDGE ( 'NONE', *, *, #3364, .F. ) ;
#2618 = ORIENTED_EDGE ( 'NONE', *, *, #3482, .F. ) ;
#2619 = ORIENTED_EDGE ( 'NONE', *, *, #3453, .F. ) ;
#2620 = ORIENTED_EDGE ( 'NONE', *, *, #3498, .F. ) ;
#2621 = ORIENTED_EDGE ( 'NONE', *, *, #3375, .F. ) ;
#2622 = ORIENTED_EDGE ( 'NONE', *, *, #3369, .F. ) ;
#2623 = ORIENTED_EDGE ( 'NONE', *, *, #3353, .F. ) ;
#2624 = ORIENTED_EDGE ( 'NONE', *, *, #3436, .F. ) ;
#2625 = VERTEX_POINT ( 'NONE', #2470 ) ;
#2626 = VERTEX_POINT ( 'NONE', #2421 ) ;
#2627 = VERTEX_POINT ( 'NONE', #2520 ) ;
#2628 = VERTEX_POINT ( 'NONE', #2493 ) ;
#2629 = CLOSED_SHELL ( 'NONE', ( #4145, #4146, #4147, #4148, #4149, #4150, #4151, #4152, #4153, #4154, #4155, #4156, #4157, #4158 ) ) ;
#2630 = VERTEX_POINT ( 'NONE', #2536 ) ;
#2631 = VERTEX_POINT ( 'NONE', #2303 ) ;
#2632 = VERTEX_POINT ( 'NONE', #2574 ) ;
#2633 = VERTEX_POINT ( 'NONE', #2576 ) ;
#2634 = VERTEX_POINT ( 'NONE', #2441 ) ;
#2635 = VERTEX_POINT ( 'NONE', #2598 ) ;
#2636 = ORIENTED_EDGE ( 'NONE', *, *, #3340, .F. ) ;
#2637 = VERTEX_POINT ( 'NONE', #2554 ) ;
#2638 = VERTEX_POINT ( 'NONE', #2477 ) ;
#2639 = VERTEX_POINT ( 'NONE', #2612 ) ;
#2640 = VERTEX_POINT ( 'NONE', #2613 ) ;
#2641 = VERTEX_POINT ( 'NONE', #2571 ) ;
#2642 = VERTEX_POINT ( 'NONE', #2586 ) ;
#2643 = VERTEX_POINT ( 'NONE', #2595 ) ;
#2644 = VERTEX_POINT ( 'NONE', #2424 ) ;
#2645 = VERTEX_POINT ( 'NONE', #2567 ) ;
#2646 = VERTEX_POINT ( 'NONE', #2594 ) ;
#2647 = ORIENTED_EDGE ( 'NONE', *, *, #3375, .T. ) ;
#2648 = ORIENTED_EDGE ( 'NONE', *, *, #3339, .F. ) ;
#2649 = ORIENTED_EDGE ( 'NONE', *, *, #3372, .T. ) ;
#2650 = VERTEX_POINT ( 'NONE', #2575 ) ;
#2651 = ORIENTED_EDGE ( 'NONE', *, *, #3353, .T. ) ;
#2652 = VERTEX_POINT ( 'NONE', #2606 ) ;
#2653 = VERTEX_POINT ( 'NONE', #2582 ) ;
#2654 = ORIENTED_EDGE ( 'NONE', *, *, #3377, .F. ) ;
#2655 = ORIENTED_EDGE ( 'NONE', *, *, #3453, .T. ) ;
#2656 = ORIENTED_EDGE ( 'NONE', *, *, #3367, .T. ) ;
#2657 = ORIENTED_EDGE ( 'NONE', *, *, #3356, .F. ) ;
#2658 = ORIENTED_EDGE ( 'NONE', *, *, #3448, .F. ) ;
#2659 = ORIENTED_EDGE ( 'NONE', *, *, #3376, .T. ) ;
#2660 = ORIENTED_EDGE ( 'NONE', *, *, #3339, .T. ) ;
#2661 = ORIENTED_EDGE ( 'NONE', *, *, #3380, .T. ) ;
#2662 = VERTEX_POINT ( 'NONE', #2583 ) ;
#2663 = ORIENTED_EDGE ( 'NONE', *, *, #3414, .T. ) ;
#2664 = ORIENTED_EDGE ( 'NONE', *, *, #3371, .T. ) ;
#2665 = ORIENTED_EDGE ( 'NONE', *, *, #3350, .T. ) ;
#2666 = ORIENTED_EDGE ( 'NONE', *, *, #3448, .T. ) ;
#2667 = ORIENTED_EDGE ( 'NONE', *, *, #3512, .F. ) ;
#2668 = ORIENTED_EDGE ( 'NONE', *, *, #3390, .F. ) ;
#2669 = ORIENTED_EDGE ( 'NONE', *, *, #3483, .F. ) ;
#2670 = ORIENTED_EDGE ( 'NONE', *, *, #3356, .T. ) ;
#2671 = ORIENTED_EDGE ( 'NONE', *, *, #3455, .T. ) ;
#2672 = ORIENTED_EDGE ( 'NONE', *, *, #3419, .T. ) ;
#2673 = ORIENTED_EDGE ( 'NONE', *, *, #3458, .T. ) ;
#2674 = ORIENTED_EDGE ( 'NONE', *, *, #3325, .F. ) ;
#2675 = ORIENTED_EDGE ( 'NONE', *, *, #4115, .F. ) ;
#2676 = ORIENTED_EDGE ( 'NONE', *, *, #3499, .T. ) ;
#2677 = ORIENTED_EDGE ( 'NONE', *, *, #3398, .F. ) ;
#2678 = ORIENTED_EDGE ( 'NONE', *, *, #4011, .T. ) ;
#2679 = ORIENTED_EDGE ( 'NONE', *, *, #4086, .F. ) ;
#2680 = ORIENTED_EDGE ( 'NONE', *, *, #3381, .T. ) ;
#2681 = ORIENTED_EDGE ( 'NONE', *, *, #3446, .T. ) ;
#2682 = ORIENTED_EDGE ( 'NONE', *, *, #3318, .T. ) ;
#2683 = ORIENTED_EDGE ( 'NONE', *, *, #3518, .T. ) ;
#2684 = ORIENTED_EDGE ( 'NONE', *, *, #3319, .T. ) ;
#2685 = ORIENTED_EDGE ( 'NONE', *, *, #3415, .T. ) ;
#2686 = ORIENTED_EDGE ( 'NONE', *, *, #3506, .T. ) ;
#2687 = ORIENTED_EDGE ( 'NONE', *, *, #3427, .T. ) ;
#2688 = ORIENTED_EDGE ( 'NONE', *, *, #3355, .T. ) ;
#2689 = ORIENTED_EDGE ( 'NONE', *, *, #3497, .F. ) ;
#2690 = ORIENTED_EDGE ( 'NONE', *, *, #3461, .F. ) ;
#2691 = ORIENTED_EDGE ( 'NONE', *, *, #3364, .T. ) ;
#2692 = ORIENTED_EDGE ( 'NONE', *, *, #3483, .T. ) ;
#2693 = ORIENTED_EDGE ( 'NONE', *, *, #3501, .T. ) ;
#2694 = ORIENTED_EDGE ( 'NONE', *, *, #3476, .T. ) ;
#2695 = ORIENTED_EDGE ( 'NONE', *, *, #3367, .F. ) ;
#2696 = ORIENTED_EDGE ( 'NONE', *, *, #3314, .F. ) ;
#2697 = ORIENTED_EDGE ( 'NONE', *, *, #3312, .F. ) ;
#2698 = ORIENTED_EDGE ( 'NONE', *, *, #3427, .F. ) ;
#2699 = ORIENTED_EDGE ( 'NONE', *, *, #3319, .F. ) ;
#2700 = ORIENTED_EDGE ( 'NONE', *, *, #3312, .T. ) ;
#2701 = ORIENTED_EDGE ( 'NONE', *, *, #3506, .F. ) ;
#2702 = VERTEX_POINT ( 'NONE', #2597 ) ;
#2703 = ORIENTED_EDGE ( 'NONE', *, *, #3358, .F. ) ;
#2704 = ORIENTED_EDGE ( 'NONE', *, *, #4104, .F. ) ;
#2705 = VERTEX_POINT ( 'NONE', #2609 ) ;
#2706 = VERTEX_POINT ( 'NONE', #2596 ) ;
#2707 = VERTEX_POINT ( 'NONE', #2600 ) ;
#2708 = ORIENTED_EDGE ( 'NONE', *, *, #3518, .F. ) ;
#2709 = ORIENTED_EDGE ( 'NONE', *, *, #3369, .T. ) ;
#2710 = ORIENTED_EDGE ( 'NONE', *, *, #3340, .T. ) ;
#2711 = ORIENTED_EDGE ( 'NONE', *, *, #3512, .T. ) ;
#2712 = ORIENTED_EDGE ( 'NONE', *, *, #3325, .T. ) ;
#2713 = ORIENTED_EDGE ( 'NONE', *, *, #3377, .T. ) ;
#2714 = ORIENTED_EDGE ( 'NONE', *, *, #3476, .F. ) ;
#2715 = ORIENTED_EDGE ( 'NONE', *, *, #3335, .T. ) ;
#2716 = ORIENTED_EDGE ( 'NONE', *, *, #4089, .T. ) ;
#2717 = ORIENTED_EDGE ( 'NONE', *, *, #4094, .T. ) ;
#2718 = ORIENTED_EDGE ( 'NONE', *, *, #3402, .F. ) ;
#2719 = ORIENTED_EDGE ( 'NONE', *, *, #3441, .F. ) ;
#2720 = ORIENTED_EDGE ( 'NONE', *, *, #3323, .T. ) ;
#2721 = ORIENTED_EDGE ( 'NONE', *, *, #3396, .T. ) ;
#2722 = ORIENTED_EDGE ( 'NONE', *, *, #3392, .F. ) ;
#2723 = ORIENTED_EDGE ( 'NONE', *, *, #3402, .T. ) ;
#2724 = ORIENTED_EDGE ( 'NONE', *, *, #3459, .T. ) ;
#2725 = ORIENTED_EDGE ( 'NONE', *, *, #4108, .F. ) ;
#2726 = ORIENTED_EDGE ( 'NONE', *, *, #3391, .T. ) ;
#2727 = ORIENTED_EDGE ( 'NONE', *, *, #3327, .T. ) ;
#2728 = ORIENTED_EDGE ( 'NONE', *, *, #4115, .T. ) ;
#2729 = ORIENTED_EDGE ( 'NONE', *, *, #4011, .F. ) ;
#2730 = ORIENTED_EDGE ( 'NONE', *, *, #3327, .F. ) ;
#2731 = ORIENTED_EDGE ( 'NONE', *, *, #3452, .F. ) ;
#2732 = ORIENTED_EDGE ( 'NONE', *, *, #3337, .T. ) ;
#2733 = ORIENTED_EDGE ( 'NONE', *, *, #3379, .F. ) ;
#2734 = ORIENTED_EDGE ( 'NONE', *, *, #3315, .T. ) ;
#2735 = ORIENTED_EDGE ( 'NONE', *, *, #4093, .F. ) ;
#2736 = ORIENTED_EDGE ( 'NONE', *, *, #3392, .T. ) ;
#2737 = ORIENTED_EDGE ( 'NONE', *, *, #4090, .T. ) ;
#2738 = ORIENTED_EDGE ( 'NONE', *, *, #3400, .T. ) ;
#2739 = ORIENTED_EDGE ( 'NONE', *, *, #3487, .F. ) ;
#2740 = VERTEX_POINT ( 'NONE', #2588 ) ;
#2741 = ORIENTED_EDGE ( 'NONE', *, *, #4028, .T. ) ;
#2742 = VERTEX_POINT ( 'NONE', #2580 ) ;
#2743 = VERTEX_POINT ( 'NONE', #2589 ) ;
#2744 = VERTEX_POINT ( 'NONE', #2587 ) ;
#2745 = VERTEX_POINT ( 'NONE', #2220 ) ;
#2746 = VERTEX_POINT ( 'NONE', #2572 ) ;
#2747 = VERTEX_POINT ( 'NONE', #2416 ) ;
#2748 = VERTEX_POINT ( 'NONE', #2221 ) ;
#2749 = VERTEX_POINT ( 'NONE', #2449 ) ;
#2750 = VERTEX_POINT ( 'NONE', #2459 ) ;
#2751 = VERTEX_POINT ( 'NONE', #2506 ) ;
#2752 = VERTEX_POINT ( 'NONE', #2542 ) ;
#2753 = VERTEX_POINT ( 'NONE', #2428 ) ;
#2754 = VERTEX_POINT ( 'NONE', #2504 ) ;
#2755 = VERTEX_POINT ( 'NONE', #2502 ) ;
#2756 = VERTEX_POINT ( 'NONE', #2552 ) ;
#2757 = VERTEX_POINT ( 'NONE', #2562 ) ;
#2758 = ORIENTED_EDGE ( 'NONE', *, *, #4060, .T. ) ;
#2759 = VERTEX_POINT ( 'NONE', #2510 ) ;
#2760 = VERTEX_POINT ( 'NONE', #2508 ) ;
#2761 = VERTEX_POINT ( 'NONE', #2500 ) ;
#2762 = VERTEX_POINT ( 'NONE', #2555 ) ;
#2763 = ORIENTED_EDGE ( 'NONE', *, *, #3313, .F. ) ;
#2764 = VERTEX_POINT ( 'NONE', #2457 ) ;
#2765 = VERTEX_POINT ( 'NONE', #2603 ) ;
#2766 = ORIENTED_EDGE ( 'NONE', *, *, #3393, .T. ) ;
#2767 = VERTEX_POINT ( 'NONE', #2426 ) ;
#2768 = VERTEX_POINT ( 'NONE', #2496 ) ;
#2769 = VERTEX_POINT ( 'NONE', #2498 ) ;
#2770 = VERTEX_POINT ( 'NONE', #2422 ) ;
#2771 = VERTEX_POINT ( 'NONE', #2503 ) ;
#2772 = VERTEX_POINT ( 'NONE', #2558 ) ;
#2773 = VERTEX_POINT ( 'NONE', #2599 ) ;
#2774 = ORIENTED_EDGE ( 'NONE', *, *, #4093, .T. ) ;
#2775 = VERTEX_POINT ( 'NONE', #2495 ) ;
#2776 = ORIENTED_EDGE ( 'NONE', *, *, #3457, .T. ) ;
#2777 = ORIENTED_EDGE ( 'NONE', *, *, #3395, .T. ) ;
#2778 = ORIENTED_EDGE ( 'NONE', *, *, #4097, .T. ) ;
#2779 = ORIENTED_EDGE ( 'NONE', *, *, #3374, .F. ) ;
#2780 = ORIENTED_EDGE ( 'NONE', *, *, #3348, .T. ) ;
#2781 = ORIENTED_EDGE ( 'NONE', *, *, #4114, .T. ) ;
#2782 = ORIENTED_EDGE ( 'NONE', *, *, #4092, .F. ) ;
#2783 = ORIENTED_EDGE ( 'NONE', *, *, #3401, .T. ) ;
#2784 = ORIENTED_EDGE ( 'NONE', *, *, #4034, .T. ) ;
#2785 = ORIENTED_EDGE ( 'NONE', *, *, #3374, .T. ) ;
#2786 = ORIENTED_EDGE ( 'NONE', *, *, #3396, .F. ) ;
#2787 = ORIENTED_EDGE ( 'NONE', *, *, #3434, .T. ) ;
#2788 = ORIENTED_EDGE ( 'NONE', *, *, #3349, .F. ) ;
#2789 = ORIENTED_EDGE ( 'NONE', *, *, #4112, .T. ) ;
#2790 = VERTEX_POINT ( 'NONE', #2546 ) ;
#2791 = VERTEX_POINT ( 'NONE', #2507 ) ;
#2792 = VERTEX_POINT ( 'NONE', #2607 ) ;
#2793 = VERTEX_POINT ( 'NONE', #2501 ) ;
#2794 = VERTEX_POINT ( 'NONE', #2566 ) ;
#2795 = VERTEX_POINT ( 'NONE', #2423 ) ;
#2796 = VERTEX_POINT ( 'NONE', #2593 ) ;
#2797 = VERTEX_POINT ( 'NONE', #2559 ) ;
#2798 = VERTEX_POINT ( 'NONE', #2585 ) ;
#2799 = VERTEX_POINT ( 'NONE', #2258 ) ;
#2800 = VERTEX_POINT ( 'NONE', #2579 ) ;
#2801 = COLOUR_RGB ( '',0.7921568627450980000, 0.8196078431372548800, 0.9333333333333333500 ) ;
#2802 = VERTEX_POINT ( 'NONE', #2540 ) ;
#2803 = VERTEX_POINT ( 'NONE', #2499 ) ;
#2804 = VERTEX_POINT ( 'NONE', #2505 ) ;
#2805 = VERTEX_POINT ( 'NONE', #2429 ) ;
#2806 = VERTEX_POINT ( 'NONE', #2453 ) ;
#2807 = VERTEX_POINT ( 'NONE', #2544 ) ;
#2808 = VERTEX_POINT ( 'NONE', #2452 ) ;
#2809 = SURFACE_STYLE_FILL_AREA ( #2460 ) ;
#2810 = SURFACE_STYLE_FILL_AREA ( #2462 ) ;
#2811 = PRESENTATION_STYLE_ASSIGNMENT (( #2608 ) ) ;
#2812 = COLOUR_RGB ( '',0.7921568627450980000, 0.8196078431372548800, 0.9333333333333333500 ) ;
#2813 = PRESENTATION_STYLE_ASSIGNMENT (( #2581 ) ) ;
#2814 = COLOUR_RGB ( '',0.7921568627450980000, 0.8196078431372548800, 0.9333333333333333500 ) ;
#2815 = PRESENTATION_STYLE_ASSIGNMENT (( #2605 ) ) ;
#2816 = SURFACE_STYLE_FILL_AREA ( #2455 ) ;
#2817 = VERTEX_POINT ( 'NONE', #2451 ) ;
#2818 = ORIENTED_EDGE ( 'NONE', *, *, #4114, .F. ) ;
#2819 = VERTEX_POINT ( 'NONE', #2448 ) ;
#2820 = VERTEX_POINT ( 'NONE', #2447 ) ;
#2821 = VERTEX_POINT ( 'NONE', #2446 ) ;
#2822 = VERTEX_POINT ( 'NONE', #2445 ) ;
#2823 = VERTEX_POINT ( 'NONE', #2444 ) ;
#2824 = VERTEX_POINT ( 'NONE', #2443 ) ;
#2825 = VERTEX_POINT ( 'NONE', #2442 ) ;
#2826 = VERTEX_POINT ( 'NONE', #2450 ) ;
#2827 = VERTEX_POINT ( 'NONE', #2440 ) ;
#2828 = VERTEX_POINT ( 'NONE', #2439 ) ;
#2829 = VERTEX_POINT ( 'NONE', #2438 ) ;
#2830 = VERTEX_POINT ( 'NONE', #2437 ) ;
#2831 = VERTEX_POINT ( 'NONE', #2436 ) ;
#2832 = VERTEX_POINT ( 'NONE', #2435 ) ;
#2833 = VERTEX_POINT ( 'NONE', #2434 ) ;
#2834 = VERTEX_POINT ( 'NONE', #2433 ) ;
#2835 = VERTEX_POINT ( 'NONE', #2432 ) ;
#2836 = VERTEX_POINT ( 'NONE', #2431 ) ;
#2837 = VERTEX_POINT ( 'NONE', #2511 ) ;
#2838 = VERTEX_POINT ( 'NONE', #2513 ) ;
#2839 = VERTEX_POINT ( 'NONE', #2514 ) ;
#2840 = VERTEX_POINT ( 'NONE', #2515 ) ;
#2841 = VERTEX_POINT ( 'NONE', #2516 ) ;
#2842 = VERTEX_POINT ( 'NONE', #2517 ) ;
#2843 = VERTEX_POINT ( 'NONE', #2518 ) ;
#2844 = VERTEX_POINT ( 'NONE', #2519 ) ;
#2845 = VERTEX_POINT ( 'NONE', #2521 ) ;
#2846 = VERTEX_POINT ( 'NONE', #2522 ) ;
#2847 = VERTEX_POINT ( 'NONE', #2523 ) ;
#2848 = VERTEX_POINT ( 'NONE', #2524 ) ;
#2849 = VERTEX_POINT ( 'NONE', #2525 ) ;
#2850 = VERTEX_POINT ( 'NONE', #2526 ) ;
#2851 = VERTEX_POINT ( 'NONE', #2527 ) ;
#2852 = VERTEX_POINT ( 'NONE', #2528 ) ;
#2853 = VERTEX_POINT ( 'NONE', #2529 ) ;
#2854 = ORIENTED_EDGE ( 'NONE', *, *, #4038, .T. ) ;
#2855 = ORIENTED_EDGE ( 'NONE', *, *, #3411, .T. ) ;
#2856 = ORIENTED_EDGE ( 'NONE', *, *, #4038, .F. ) ;
#2857 = ORIENTED_EDGE ( 'NONE', *, *, #3354, .T. ) ;
#2858 = ORIENTED_EDGE ( 'NONE', *, *, #3454, .T. ) ;
#2859 = ORIENTED_EDGE ( 'NONE', *, *, #4105, .F. ) ;
#2860 = ORIENTED_EDGE ( 'NONE', *, *, #3489, .F. ) ;
#2861 = ORIENTED_EDGE ( 'NONE', *, *, #3342, .T. ) ;
#2862 = ORIENTED_EDGE ( 'NONE', *, *, #3446, .F. ) ;
#2863 = ORIENTED_EDGE ( 'NONE', *, *, #4091, .F. ) ;
#2864 = ORIENTED_EDGE ( 'NONE', *, *, #4111, .T. ) ;
#2865 = ORIENTED_EDGE ( 'NONE', *, *, #4097, .F. ) ;
#2866 = ORIENTED_EDGE ( 'NONE', *, *, #4105, .T. ) ;
#2867 = ORIENTED_EDGE ( 'NONE', *, *, #4107, .F. ) ;
#2868 = ORIENTED_EDGE ( 'NONE', *, *, #4084, .F. ) ;
#2869 = ORIENTED_EDGE ( 'NONE', *, *, #3417, .T. ) ;
#2870 = ORIENTED_EDGE ( 'NONE', *, *, #4092, .T. ) ;
#2871 = ORIENTED_EDGE ( 'NONE', *, *, #4110, .T. ) ;
#2872 = ORIENTED_EDGE ( 'NONE', *, *, #2982, .F. ) ;
#2873 = ORIENTED_EDGE ( 'NONE', *, *, #4060, .F. ) ;
#2874 = ORIENTED_EDGE ( 'NONE', *, *, #4106, .T. ) ;
#2875 = ORIENTED_EDGE ( 'NONE', *, *, #4113, .F. ) ;
#2876 = ORIENTED_EDGE ( 'NONE', *, *, #3425, .T. ) ;
#2877 = ORIENTED_EDGE ( 'NONE', *, *, #4109, .T. ) ;
#2878 = ORIENTED_EDGE ( 'NONE', *, *, #4091, .T. ) ;
#2879 = ORIENTED_EDGE ( 'NONE', *, *, #4028, .F. ) ;
#2880 = ORIENTED_EDGE ( 'NONE', *, *, #4035, .T. ) ;
#2881 = ORIENTED_EDGE ( 'NONE', *, *, #3441, .T. ) ;
#2882 = ORIENTED_EDGE ( 'NONE', *, *, #4079, .F. ) ;
#2883 = VERTEX_POINT ( 'NONE', #2534 ) ;
#2884 = ORIENTED_EDGE ( 'NONE', *, *, #3412, .T. ) ;
#2885 = VERTEX_POINT ( 'NONE', #2531 ) ;
#2886 = ORIENTED_EDGE ( 'NONE', *, *, #3425, .F. ) ;
#2887 = VERTEX_POINT ( 'NONE', #2532 ) ;
#2888 = ORIENTED_EDGE ( 'NONE', *, *, #3366, .T. ) ;
#2889 = ORIENTED_EDGE ( 'NONE', *, *, #3400, .F. ) ;
#2890 = VERTEX_POINT ( 'NONE', #2535 ) ;
#2891 = VERTEX_POINT ( 'NONE', #2538 ) ;
#2892 = ORIENTED_EDGE ( 'NONE', *, *, #3329, .T. ) ;
#2893 = ORIENTED_EDGE ( 'NONE', *, *, #3378, .T. ) ;
#2894 = ORIENTED_EDGE ( 'NONE', *, *, #3472, .T. ) ;
#2895 = ORIENTED_EDGE ( 'NONE', *, *, #3386, .T. ) ;
#2896 = ORIENTED_EDGE ( 'NONE', *, *, #3410, .F. ) ;
#2897 = VERTEX_POINT ( 'NONE', #2553 ) ;
#2898 = ORIENTED_EDGE ( 'NONE', *, *, #3399, .T. ) ;
#2899 = ORIENTED_EDGE ( 'NONE', *, *, #3397, .F. ) ;
#2900 = ORIENTED_EDGE ( 'NONE', *, *, #3451, .T. ) ;
#2901 = ORIENTED_EDGE ( 'NONE', *, *, #3379, .T. ) ;
#2902 = ORIENTED_EDGE ( 'NONE', *, *, #4107, .T. ) ;
#2903 = ORIENTED_EDGE ( 'NONE', *, *, #3437, .T. ) ;
#2904 = ORIENTED_EDGE ( 'NONE', *, *, #3344, .T. ) ;
#2905 = ORIENTED_EDGE ( 'NONE', *, *, #3345, .T. ) ;
#2906 = ORIENTED_EDGE ( 'NONE', *, *, #3501, .F. ) ;
#2907 = ORIENTED_EDGE ( 'NONE', *, *, #3317, .T. ) ;
#2908 = ORIENTED_EDGE ( 'NONE', *, *, #3394, .T. ) ;
#2909 = ORIENTED_EDGE ( 'NONE', *, *, #3481, .F. ) ;
#2910 = ORIENTED_EDGE ( 'NONE', *, *, #3357, .F. ) ;
#2911 = ORIENTED_EDGE ( 'NONE', *, *, #3316, .T. ) ;
#2912 = ORIENTED_EDGE ( 'NONE', *, *, #4111, .F. ) ;
#2913 = ORIENTED_EDGE ( 'NONE', *, *, #3371, .F. ) ;
#2914 = ORIENTED_EDGE ( 'NONE', *, *, #3463, .T. ) ;
#2915 = ORIENTED_EDGE ( 'NONE', *, *, #3444, .T. ) ;
#2916 = ORIENTED_EDGE ( 'NONE', *, *, #3403, .T. ) ;
#2917 = VERTEX_POINT ( 'NONE', #2561 ) ;
#2918 = ORIENTED_EDGE ( 'NONE', *, *, #3381, .F. ) ;
#2919 = ORIENTED_EDGE ( 'NONE', *, *, #3350, .F. ) ;
#2920 = ORIENTED_EDGE ( 'NONE', *, *, #3482, .T. ) ;
#2921 = ORIENTED_EDGE ( 'NONE', *, *, #3455, .F. ) ;
#2922 = ORIENTED_EDGE ( 'NONE', *, *, #3363, .T. ) ;
#2923 = ORIENTED_EDGE ( 'NONE', *, *, #4103, .F. ) ;
#2924 = ORIENTED_EDGE ( 'NONE', *, *, #4108, .T. ) ;
#2925 = ORIENTED_EDGE ( 'NONE', *, *, #3436, .T. ) ;
#2926 = ORIENTED_EDGE ( 'NONE', *, *, #3479, .T. ) ;
#2927 = COLOUR_RGB ( '',0.0000000000000000000, 0.0000000000000000000, 0.0000000000000000000 ) ;
#2928 = FACE_OUTER_BOUND ( 'NONE', #3113, .T. ) ;
#2929 = FACE_OUTER_BOUND ( 'NONE', #3243, .T. ) ;
#2930 = FACE_OUTER_BOUND ( 'NONE', #3058, .T. ) ;
#2931 = PRESENTATION_STYLE_ASSIGNMENT (( #2250 ) ) ;
#2932 = SURFACE_STYLE_FILL_AREA ( #2563 ) ;
#2933 = COLOUR_RGB ( '',0.5254901960784313900, 0.5254901960784313900, 0.5254901960784313900 ) ;
#2934 = FACE_OUTER_BOUND ( 'NONE', #3242, .T. ) ;
#2935 = FACE_OUTER_BOUND ( 'NONE', #3139, .T. ) ;
#2936 = FACE_OUTER_BOUND ( 'NONE', #3160, .T. ) ;
#2937 = PRESENTATION_STYLE_ASSIGNMENT (( #4410 ) ) ;
#2938 = SURFACE_STYLE_FILL_AREA ( #4398 ) ;
#2939 = COLOUR_RGB ( '',0.0000000000000000000, 0.0000000000000000000, 0.0000000000000000000 ) ;
#2940 = COLOUR_RGB ( '',0.0000000000000000000, 0.0000000000000000000, 0.0000000000000000000 ) ;
#2941 = PRESENTATION_STYLE_ASSIGNMENT (( #4433 ) ) ;
#2942 = SURFACE_STYLE_FILL_AREA ( #4431 ) ;
#2943 = COLOUR_RGB ( '',0.5254901960784313900, 0.5254901960784313900, 0.5254901960784313900 ) ;
#2944 = FACE_OUTER_BOUND ( 'NONE', #3185, .T. ) ;
#2945 = PRESENTATION_STYLE_ASSIGNMENT (( #2234 ) ) ;
#2946 = SURFACE_STYLE_FILL_AREA ( #2231 ) ;
#2947 = COLOUR_RGB ( '',0.5254901960784313900, 0.5254901960784313900, 0.5254901960784313900 ) ;
#2948 = PRESENTATION_STYLE_ASSIGNMENT (( #2270 ) ) ;
#2949 = SURFACE_STYLE_FILL_AREA ( #2273 ) ;
#2950 = COLOUR_RGB ( '',0.5254901960784313900, 0.5254901960784313900, 0.5254901960784313900 ) ;
#2951 = PRESENTATION_STYLE_ASSIGNMENT (( #4481 ) ) ;
#2952 = FACE_OUTER_BOUND ( 'NONE', #3056, .T. ) ;
#2953 = SURFACE_STYLE_FILL_AREA ( #4492 ) ;
#2954 = FACE_OUTER_BOUND ( 'NONE', #3092, .T. ) ;
#2955 = FACE_OUTER_BOUND ( 'NONE', #3163, .T. ) ;
#2956 = PRESENTATION_STYLE_ASSIGNMENT (( #2256 ) ) ;
#2957 = SURFACE_STYLE_FILL_AREA ( #2261 ) ;
#2958 = COLOUR_RGB ( '',0.5254901960784313900, 0.5254901960784313900, 0.5254901960784313900 ) ;
#2959 = FACE_OUTER_BOUND ( 'NONE', #3105, .T. ) ;
#2960 = FACE_OUTER_BOUND ( 'NONE', #3089, .T. ) ;
#2961 = PRESENTATION_STYLE_ASSIGNMENT (( #2226 ) ) ;
#2962 = SURFACE_STYLE_FILL_AREA ( #2228 ) ;
#2963 = COLOUR_RGB ( '',0.5254901960784313900, 0.5254901960784313900, 0.5254901960784313900 ) ;
#2964 = PRESENTATION_STYLE_ASSIGNMENT (( #2577 ) ) ;
#2965 = SURFACE_STYLE_FILL_AREA ( #4823 ) ;
#2966 = COLOUR_RGB ( '',0.5254901960784313900, 0.5254901960784313900, 0.5254901960784313900 ) ;
#2967 = PRESENTATION_STYLE_ASSIGNMENT (( #4225 ) ) ;
#2968 = SURFACE_STYLE_FILL_AREA ( #4214 ) ;
#2969 = SURFACE_STYLE_FILL_AREA ( #2214 ) ;
#2970 = COLOUR_RGB ( '',0.5254901960784313900, 0.5254901960784313900, 0.5254901960784313900 ) ;
#2971 = SURFACE_STYLE_FILL_AREA ( #2610 ) ;
#2972 = PRESENTATION_STYLE_ASSIGNMENT (( #2212 ) ) ;
#2973 = COLOUR_RGB ( '',0.0000000000000000000, 0.0000000000000000000, 0.0000000000000000000 ) ;
#2974 = PRESENTATION_STYLE_ASSIGNMENT (( #4819 ) ) ;
#2975 = UNCERTAINTY_MEASURE_WITH_UNIT (LENGTH_MEASURE( 1.000000000000000100E-005 ), #4235, 'distance_accuracy_value', 'NONE');
#2976 = COLOUR_RGB ( '',0.5254901960784313900, 0.5254901960784313900, 0.5254901960784313900 ) ;
#2977 = FACE_OUTER_BOUND ( 'NONE', #3135, .T. ) ;
#2978 = SURFACE_STYLE_FILL_AREA ( #4417 ) ;
#2979 = PRESENTATION_STYLE_ASSIGNMENT (( #4421 ) ) ;
#2980 = FACE_OUTER_BOUND ( 'NONE', #3099, .T. ) ;
#2981 = FACE_OUTER_BOUND ( 'NONE', #3095, .T. ) ;
#2982 = EDGE_CURVE ( 'NONE', #2765, #2792, #3538, .T. ) ;
#2983 = ADVANCED_FACE ( 'NONE', ( #3522 ), #2551, .F. ) ;
#2984 = ADVANCED_FACE ( 'NONE', ( #3531 ), #3963, .T. ) ;
#2985 = ADVANCED_FACE ( 'NONE', ( #3527 ), #2466, .F. ) ;
#2986 = ADVANCED_FACE ( 'NONE', ( #3665 ), #2467, .F. ) ;
#2987 = ADVANCED_FACE ( 'NONE', ( #3540 ), #2412, .F. ) ;
#2988 = ADVANCED_FACE ( 'NONE', ( #3612 ), #3964, .T. ) ;
#2989 = ADVANCED_FACE ( 'NONE', ( #3543 ), #2360, .F. ) ;
#2990 = ADVANCED_FACE ( 'NONE', ( #3551 ), #3962, .T. ) ;
#2991 = ADVANCED_FACE ( 'NONE', ( #3541 ), #2320, .T. ) ;
#2992 = ADVANCED_FACE ( 'NONE', ( #3565 ), #2321, .F. ) ;
#2993 = ADVANCED_FACE ( 'NONE', ( #3590 ), #2309, .F. ) ;
#2994 = ADVANCED_FACE ( 'NONE', ( #3605 ), #2297, .F. ) ;
#2995 = ADVANCED_FACE ( 'NONE', ( #2944 ), #2286, .F. ) ;
#2996 = ADVANCED_FACE ( 'NONE', ( #2952 ), #2275, .F. ) ;
#2997 = ADVANCED_FACE ( 'NONE', ( #2959 ), #2263, .F. ) ;
#2998 = ADVANCED_FACE ( 'NONE', ( #2955 ), #2240, .F. ) ;
#2999 = ADVANCED_FACE ( 'NONE', ( #2954 ), #2216, .F. ) ;
#3000 = ADVANCED_FACE ( 'NONE', ( #2934 ), #2238, .F. ) ;
#3001 = ADVANCED_FACE ( 'NONE', ( #2960 ), #2232, .F. ) ;
#3002 = ADVANCED_FACE ( 'NONE', ( #2929 ), #3034, .T. ) ;
#3003 = ADVANCED_FACE ( 'NONE', ( #2930 ), #3036, .T. ) ;
#3004 = ADVANCED_FACE ( 'NONE', ( #2928 ), #3035, .T. ) ;
#3005 = ADVANCED_FACE ( 'NONE', ( #2936 ), #3037, .T. ) ;
#3006 = ADVANCED_FACE ( 'NONE', ( #2935 ), #3038, .T. ) ;
#3007 = ADVANCED_FACE ( 'NONE', ( #3283 ), #3041, .T. ) ;
#3008 = ADVANCED_FACE ( 'NONE', ( #3276 ), #3039, .T. ) ;
#3009 = ADVANCED_FACE ( 'NONE', ( #3278 ), #3040, .T. ) ;
#3010 = ADVANCED_FACE ( 'NONE', ( #3304 ), #3033, .T. ) ;
#3011 = ADVANCED_FACE ( 'NONE', ( #3292 ), #4294, .F. ) ;
#3012 = ADVANCED_FACE ( 'NONE', ( #3297 ), #4292, .F. ) ;
#3013 = ADVANCED_FACE ( 'NONE', ( #3287 ), #4315, .F. ) ;
#3014 = ADVANCED_FACE ( 'NONE', ( #3288 ), #4327, .F. ) ;
#3015 = ADVANCED_FACE ( 'NONE', ( #3263 ), #4350, .F. ) ;
#3016 = ADVANCED_FACE ( 'NONE', ( #3264 ), #4371, .F. ) ;
#3017 = ADVANCED_FACE ( 'NONE', ( #2980 ), #4391, .F. ) ;
#3018 = ADVANCED_FACE ( 'NONE', ( #2977 ), #4413, .F. ) ;
#3019 = ADVANCED_FACE ( 'NONE', ( #2981 ), #4429, .F. ) ;
#3020 = ADVANCED_FACE ( 'NONE', ( #94 ), #4443, .F. ) ;
#3021 = ADVANCED_FACE ( 'NONE', ( #98 ), #4455, .F. ) ;
#3022 = ADVANCED_FACE ( 'NONE', ( #102 ), #4466, .F. ) ;
#3023 = ADVANCED_FACE ( 'NONE', ( #106 ), #114, .T. ) ;
#3024 = ADVANCED_FACE ( 'NONE', ( #111 ), #119, .T. ) ;
#3025 = ADVANCED_FACE ( 'NONE', ( #116 ), #124, .T. ) ;
#3026 = ADVANCED_FACE ( 'NONE', ( #121 ), #129, .T. ) ;
#3027 = ADVANCED_FACE ( 'NONE', ( #126 ), #134, .T. ) ;
#3028 = ADVANCED_FACE ( 'NONE', ( #131 ), #139, .T. ) ;
#3029 = ADVANCED_FACE ( 'NONE', ( #136 ), #144, .T. ) ;
#3030 = ADVANCED_FACE ( 'NONE', ( #141 ), #149, .T. ) ;
#3031 = ADVANCED_FACE ( 'NONE', ( #146 ), #4181, .T. ) ;
#3032 = ADVANCED_FACE ( 'NONE', ( #153 ), #4183, .T. ) ;
#3033 = B_SPLINE_SURFACE_WITH_KNOTS ( 'NONE', 3, 3, ( 
 ( #4244, #3959, #3960, #3254, #3253 ),
 ( #3252, #2207, #2206, #2512, #1997 ),
 ( #4273, #4275, #4277, #4279, #4281 ),
 ( #4282, #4284, #4286, #4288, #4290 ) ),
 .UNSPECIFIED., .F., .F., .F.,
 ( 4, 4 ),
 ( 4, 1, 4 ),
 ( 0.0000000000000000000, 1.000000000000000000 ),
 ( 0.0000000000000000000, 0.4999999999999998900, 1.000000000000000000 ),
 .UNSPECIFIED. ) ;
#3034 = B_SPLINE_SURFACE_WITH_KNOTS ( 'NONE', 3, 3, ( 
 ( #4887, #4885, #4883, #4881, #4879 ),
 ( #4874, #4868, #4854, #4439, #4785 ),
 ( #4258, #4230, #4256, #4233, #4205 ),
 ( #4209, #4208, #4438, #4436, #4262 ) ),
 .UNSPECIFIED., .F., .F., .F.,
 ( 4, 4 ),
 ( 4, 1, 4 ),
 ( 0.0000000000000000000, 1.000000000000000000 ),
 ( 0.0000000000000000000, 0.4999999999999998900, 1.000000000000000000 ),
 .UNSPECIFIED. ) ;
#3035 = B_SPLINE_SURFACE_WITH_KNOTS ( 'NONE', 3, 3, ( 
 ( #4827, #4803, #4801, #4799, #4798 ),
 ( #4797, #4796, #4793, #4791, #4787 ),
 ( #4783, #4781, #4779, #4777, #4769 ),
 ( #4253, #4259, #4358, #4312, #4328 ) ),
 .UNSPECIFIED., .F., .F., .F.,
 ( 4, 4 ),
 ( 4, 1, 4 ),
 ( 0.0000000000000000000, 1.000000000000000000 ),
 ( 0.0000000000000000000, 0.4999999999999998900, 1.000000000000000000 ),
 .UNSPECIFIED. ) ;
#3036 = B_SPLINE_SURFACE_WITH_KNOTS ( 'NONE', 3, 3, ( 
 ( #4609, #4211, #4287, #4210, #4863 ),
 ( #4861, #4857, #4856, #4853, #4851 ),
 ( #4849, #4845, #4844, #4842, #4841 ),
 ( #4840, #4838, #4836, #4834, #4832 ) ),
 .UNSPECIFIED., .F., .F., .F.,
 ( 4, 4 ),
 ( 4, 1, 4 ),
 ( 0.0000000000000000000, 1.000000000000000000 ),
 ( 0.0000000000000000000, 0.4999999999999998900, 1.000000000000000000 ),
 .UNSPECIFIED. ) ;
#3037 = B_SPLINE_SURFACE_WITH_KNOTS ( 'NONE', 3, 3, ( 
 ( #4363, #4754, #4753, #4740, #4636 ),
 ( #4859, #4847, #4843, #4829, #4817 ),
 ( #4816, #4812, #4805, #4420, #4448 ),
 ( #4392, #4394, #4396, #4400, #4402 ) ),
 .UNSPECIFIED., .F., .F., .F.,
 ( 4, 4 ),
 ( 4, 1, 4 ),
 ( 0.0000000000000000000, 1.000000000000000000 ),
 ( 0.0000000000000000000, 0.4999999999999998900, 1.000000000000000000 ),
 .UNSPECIFIED. ) ;
#3038 = B_SPLINE_SURFACE_WITH_KNOTS ( 'NONE', 3, 3, ( 
 ( #4405, #4872, #4387, #4386, #4384 ),
 ( #4382, #4380, #4373, #4372, #4370 ),
 ( #4368, #4366, #4364, #4361, #4355 ),
 ( #4353, #4351, #4349, #4347, #4345 ) ),
 .UNSPECIFIED., .F., .F., .F.,
 ( 4, 4 ),
 ( 4, 1, 4 ),
 ( 0.0000000000000000000, 1.000000000000000000 ),
 ( 0.0000000000000000000, 0.4999999999999998900, 1.000000000000000000 ),
 .UNSPECIFIED. ) ;
#3039 = B_SPLINE_SURFACE_WITH_KNOTS ( 'NONE', 3, 3, ( 
 ( #4766, #4749, #4247, #4280, #4232 ),
 ( #4260, #4254, #4263, #4255, #4265 ),
 ( #4248, #4249, #4264, #4250, #4242 ),
 ( #4241, #4239, #4238, #4237, #4236 ) ),
 .UNSPECIFIED., .F., .F., .F.,
 ( 4, 4 ),
 ( 4, 1, 4 ),
 ( 0.0000000000000000000, 1.000000000000000000 ),
 ( 0.0000000000000000000, 0.4999999999999998900, 1.000000000000000000 ),
 .UNSPECIFIED. ) ;
#3040 = B_SPLINE_SURFACE_WITH_KNOTS ( 'NONE', 3, 3, ( 
 ( #4234, #4216, #4215, #4219, #4741 ),
 ( #4213, #4283, #4207, #4212, #4268 ),
 ( #4278, #4267, #4270, #4272, #4271 ),
 ( #4276, #4285, #4218, #4274, #4745 ) ),
 .UNSPECIFIED., .F., .F., .F.,
 ( 4, 4 ),
 ( 4, 1, 4 ),
 ( 0.0000000000000000000, 1.000000000000000000 ),
 ( 0.0000000000000000000, 0.4999999999999998900, 1.000000000000000000 ),
 .UNSPECIFIED. ) ;
#3041 = B_SPLINE_SURFACE_WITH_KNOTS ( 'NONE', 3, 3, ( 
 ( #4343, #4296, #4298, #4300, #4303 ),
 ( #4305, #4307, #4308, #4310, #4314 ),
 ( #4319, #4329, #4331, #4333, #4246 ),
 ( #4747, #4773, #4245, #4240, #4756 ) ),
 .UNSPECIFIED., .F., .F., .F.,
 ( 4, 4 ),
 ( 4, 1, 4 ),
 ( 0.0000000000000000000, 1.000000000000000000 ),
 ( 0.0000000000000000000, 0.4999999999999998900, 1.000000000000000000 ),
 .UNSPECIFIED. ) ;
#3042 = ORIENTED_EDGE ( 'NONE', *, *, #3416, .T. ) ;
#3043 = ORIENTED_EDGE ( 'NONE', *, *, #3465, .F. ) ;
#3044 = EDGE_LOOP ( 'NONE', ( #2774, #2780, #2870, #2673, #2719, #2663, #2924, #2734 ) ) ;
#3045 = ORIENTED_EDGE ( 'NONE', *, *, #4079, .T. ) ;
#3046 = ORIENTED_EDGE ( 'NONE', *, *, #3504, .F. ) ;
#3047 = ORIENTED_EDGE ( 'NONE', *, *, #4103, .T. ) ;
#3048 = ORIENTED_EDGE ( 'NONE', *, *, #3352, .T. ) ;
#3049 = VERTEX_POINT ( 'NONE', #4683 ) ;
#3050 = EDGE_LOOP ( 'NONE', ( #1183, #1173, #1172, #1181 ) ) ;
#3051 = ORIENTED_EDGE ( 'NONE', *, *, #4084, .T. ) ;
#3052 = ORIENTED_EDGE ( 'NONE', *, *, #3433, .T. ) ;
#3053 = ORIENTED_EDGE ( 'NONE', *, *, #3494, .T. ) ;
#3054 = VERTEX_POINT ( 'NONE', #4625 ) ;
#3055 = ORIENTED_EDGE ( 'NONE', *, *, #3324, .T. ) ;
#3056 = EDGE_LOOP ( 'NONE', ( #2868, #2871, #2864, #2865 ) ) ;
#3057 = ORIENTED_EDGE ( 'NONE', *, *, #3404, .F. ) ;
#3058 = EDGE_LOOP ( 'NONE', ( #3152, #3042, #3045, #3192, #3226, #3203 ) ) ;
#3059 = EDGE_LOOP ( 'NONE', ( #1090, #1092, #1032, #1124, #1086, #1105 ) ) ;
#3060 = EDGE_LOOP ( 'NONE', ( #2691, #2695, #2921, #2683 ) ) ;
#3061 = ORIENTED_EDGE ( 'NONE', *, *, #3492, .F. ) ;
#3062 = EDGE_LOOP ( 'NONE', ( #3078, #3241, #3201, #3064, #3214, #3074, #3202, #3080 ) ) ;
#3063 = VERTEX_POINT ( 'NONE', #4685 ) ;
#3064 = ORIENTED_EDGE ( 'NONE', *, *, #3521, .T. ) ;
#3065 = ORIENTED_EDGE ( 'NONE', *, *, #2982, .T. ) ;
#3066 = VERTEX_POINT ( 'NONE', #4686 ) ;
#3067 = ORIENTED_EDGE ( 'NONE', *, *, #3491, .T. ) ;
#3068 = VERTEX_POINT ( 'NONE', #4627 ) ;
#3069 = ORIENTED_EDGE ( 'NONE', *, *, #3330, .T. ) ;
#3070 = ORIENTED_EDGE ( 'NONE', *, *, #3490, .F. ) ;
#3071 = ORIENTED_EDGE ( 'NONE', *, *, #3328, .T. ) ;
#3072 = ORIENTED_EDGE ( 'NONE', *, *, #3413, .T. ) ;
#3073 = ORIENTED_EDGE ( 'NONE', *, *, #3508, .F. ) ;
#3074 = ORIENTED_EDGE ( 'NONE', *, *, #3370, .T. ) ;
#3075 = ORIENTED_EDGE ( 'NONE', *, *, #3460, .T. ) ;
#3076 = ORIENTED_EDGE ( 'NONE', *, *, #3368, .T. ) ;
#3077 = ORIENTED_EDGE ( 'NONE', *, *, #3384, .T. ) ;
#3078 = ORIENTED_EDGE ( 'NONE', *, *, #3443, .T. ) ;
#3079 = ORIENTED_EDGE ( 'NONE', *, *, #3439, .T. ) ;
#3080 = ORIENTED_EDGE ( 'NONE', *, *, #3373, .T. ) ;
#3081 = EDGE_LOOP ( 'NONE', ( #2926, #2893, #2896, #2898 ) ) ;
#3082 = EDGE_LOOP ( 'NONE', ( #1178, #1007, #1049, #1150, #1038, #1028, #1036, #1063, #1034, #1079, #1054, #1109 ) ) ;
#3083 = ORIENTED_EDGE ( 'NONE', *, *, #3493, .T. ) ;
#3084 = ORIENTED_EDGE ( 'NONE', *, *, #3452, .T. ) ;
#3085 = ORIENTED_EDGE ( 'NONE', *, *, #4104, .T. ) ;
#3086 = EDGE_LOOP ( 'NONE', ( #1091, #1237, #1085, #1113, #1073, #1071 ) ) ;
#3087 = EDGE_LOOP ( 'NONE', ( #1195, #1223, #1126, #1175 ) ) ;
#3088 = ORIENTED_EDGE ( 'NONE', *, *, #3462, .F. ) ;
#3089 = EDGE_LOOP ( 'NONE', ( #2882, #2914, #2681, #2886 ) ) ;
#3090 = EDGE_LOOP ( 'NONE', ( #2903, #2908, #2909, #2693 ) ) ;
#3091 = EDGE_LOOP ( 'NONE', ( #1226, #1014, #1029, #1005 ) ) ;
#3092 = EDGE_LOOP ( 'NONE', ( #2781, #2880, #2879, #2728 ) ) ;
#3093 = EDGE_LOOP ( 'NONE', ( #2685, #2688, #2684, #2665, #2666, #2664, #2660, #2671, #2670, #2615, #2616, #2614 ) ) ;
#3094 = EDGE_LOOP ( 'NONE', ( #2692, #2690, #2689, #2687 ) ) ;
#3095 = EDGE_LOOP ( 'NONE', ( #3107, #2905, #2904, #2906 ) ) ;
#3096 = VERTEX_POINT ( 'NONE', #4684 ) ;
#3097 = EDGE_LOOP ( 'NONE', ( #998, #1236, #1057, #1127 ) ) ;
#3098 = EDGE_LOOP ( 'NONE', ( #1145, #1155, #1166, #1164 ) ) ;
#3099 = EDGE_LOOP ( 'NONE', ( #2895, #2766, #3208, #3134 ) ) ;
#3100 = VERTEX_POINT ( 'NONE', #4687 ) ;
#3101 = ORIENTED_EDGE ( 'NONE', *, *, #3465, .T. ) ;
#3102 = EDGE_LOOP ( 'NONE', ( #1072, #1070, #1130, #1018, #1162, #1228 ) ) ;
#3103 = EDGE_LOOP ( 'NONE', ( #1165, #1179, #1159, #1158 ) ) ;
#3104 = EDGE_LOOP ( 'NONE', ( #1157, #1199, #1098, #1154 ) ) ;
#3105 = EDGE_LOOP ( 'NONE', ( #2878, #2716, #2735, #2789 ) ) ;
#3106 = VERTEX_POINT ( 'NONE', #4689 ) ;
#3107 = ORIENTED_EDGE ( 'NONE', *, *, #3383, .F. ) ;
#3108 = EDGE_LOOP ( 'NONE', ( #1041, #1077, #1118, #1023 ) ) ;
#3109 = VERTEX_POINT ( 'NONE', #4688 ) ;
#3110 = EDGE_LOOP ( 'NONE', ( #1163, #1015, #1169, #1185 ) ) ;
#3111 = EDGE_LOOP ( 'NONE', ( #1103, #1234, #1134, #1184, #1004, #1146, #1224, #1168, #1233, #1125, #1156, #1187, #1153, #1112, #1225, #1067, #1066, #1045, #1074, #1141 ) ) ;
#3112 = VERTEX_POINT ( 'NONE', #4682 ) ;
#3113 = EDGE_LOOP ( 'NONE', ( #3065, #3069, #3179, #3188, #3073 ) ) ;
#3114 = ORIENTED_EDGE ( 'NONE', *, *, #3322, .T. ) ;
#3115 = VERTEX_POINT ( 'NONE', #4690 ) ;
#3116 = VERTEX_POINT ( 'NONE', #4693 ) ;
#3117 = VERTEX_POINT ( 'NONE', #4694 ) ;
#3118 = ORIENTED_EDGE ( 'NONE', *, *, #4085, .T. ) ;
#3119 = VERTEX_POINT ( 'NONE', #4691 ) ;
#3120 = VERTEX_POINT ( 'NONE', #4696 ) ;
#3121 = VERTEX_POINT ( 'NONE', #4692 ) ;
#3122 = VERTEX_POINT ( 'NONE', #4697 ) ;
#3123 = ORIENTED_EDGE ( 'NONE', *, *, #3444, .F. ) ;
#3124 = VERTEX_POINT ( 'NONE', #4699 ) ;
#3125 = EDGE_LOOP ( 'NONE', ( #2856, #2892, #2863, #2676, #2859, #2912, #2724, #2730, #2659, #2889, #2722, #2911, #2786, #2783, #2779, #2862, #2855, #2867, #2857, #2818 ) ) ;
#3126 = ORIENTED_EDGE ( 'NONE', *, *, #3473, .T. ) ;
#3127 = ORIENTED_EDGE ( 'NONE', *, *, #3495, .T. ) ;
#3128 = VERTEX_POINT ( 'NONE', #4701 ) ;
#3129 = EDGE_LOOP ( 'NONE', ( #1061, #1043, #1189, #1218 ) ) ;
#3130 = ORIENTED_EDGE ( 'NONE', *, *, #4096, .T. ) ;
#3131 = ORIENTED_EDGE ( 'NONE', *, *, #3418, .F. ) ;
#3132 = VERTEX_POINT ( 'NONE', #4700 ) ;
#3133 = VERTEX_POINT ( 'NONE', #4703 ) ;
#3134 = ORIENTED_EDGE ( 'NONE', *, *, #3313, .T. ) ;
#3135 = EDGE_LOOP ( 'NONE', ( #3197, #3229, #3235, #3221 ) ) ;
#3136 = EDGE_LOOP ( 'NONE', ( #2651, #2654, #2658, #2710 ) ) ;
#3137 = EDGE_LOOP ( 'NONE', ( #1046, #1037, #1203, #1027, #1088, #1119 ) ) ;
#3138 = EDGE_LOOP ( 'NONE', ( #1182, #1122, #1196, #1194 ) ) ;
#3139 = EDGE_LOOP ( 'NONE', ( #3199, #3194, #3207, #3167, #3173 ) ) ;
#3140 = ORIENTED_EDGE ( 'NONE', *, *, #3495, .F. ) ;
#3141 = ORIENTED_EDGE ( 'NONE', *, *, #4085, .F. ) ;
#3142 = ORIENTED_EDGE ( 'NONE', *, *, #3489, .T. ) ;
#3143 = EDGE_LOOP ( 'NONE', ( #1229, #1096, #1020, #1100, #1120, #1132 ) ) ;
#3144 = EDGE_LOOP ( 'NONE', ( #1192, #1219, #1114, #1198 ) ) ;
#3145 = EDGE_LOOP ( 'NONE', ( #1115, #1215, #1213, #1216, #1193, #1140 ) ) ;
#3146 = EDGE_LOOP ( 'NONE', ( #2679, #2726, #2736, #2733, #2677 ) ) ;
#3147 = EDGE_LOOP ( 'NONE', ( #1133, #1147, #1188, #1144 ) ) ;
#3148 = EDGE_LOOP ( 'NONE', ( #3046, #3067, #3165, #3140 ) ) ;
#3149 = EDGE_LOOP ( 'NONE', ( #3176, #3177, #3070, #3127 ) ) ;
#3150 = EDGE_LOOP ( 'NONE', ( #1116, #1110, #1058, #1039, #1024, #1025 ) ) ;
#3151 = EDGE_LOOP ( 'NONE', ( #2711, #2708, #2648, #2686 ) ) ;
#3152 = ORIENTED_EDGE ( 'NONE', *, *, #3456, .T. ) ;
#3153 = ORIENTED_EDGE ( 'NONE', *, *, #3479, .F. ) ;
#3154 = VERTEX_POINT ( 'NONE', #4695 ) ;
#3155 = VERTEX_POINT ( 'NONE', #4702 ) ;
#3156 = EDGE_LOOP ( 'NONE', ( #1202, #1205, #1209, #1212 ) ) ;
#3157 = EDGE_LOOP ( 'NONE', ( #1059, #1171, #1161, #1017 ) ) ;
#3158 = EDGE_LOOP ( 'NONE', ( #3181, #3180, #3083, #3213, #3189, #3174 ) ) ;
#3159 = EDGE_LOOP ( 'NONE', ( #2709, #2636, #2919, #2680 ) ) ;
#3160 = EDGE_LOOP ( 'NONE', ( #3118, #3055, #3077, #3057, #3234, #3072 ) ) ;
#3161 = VERTEX_POINT ( 'NONE', #4706 ) ;
#3162 = EDGE_LOOP ( 'NONE', ( #2668, #2669, #2674, #2618, #2619, #2617, #2667, #2624, #2623, #2622, #2621, #2620 ) ) ;
#3163 = EDGE_LOOP ( 'NONE', ( #2866, #2874, #2725, #2704, #2778 ) ) ;
#3164 = EDGE_LOOP ( 'NONE', ( #1013, #1232, #1000, #1053, #1064, #1089 ) ) ;
#3165 = ORIENTED_EDGE ( 'NONE', *, *, #3462, .T. ) ;
#3166 = EDGE_LOOP ( 'NONE', ( #1208, #1136, #1206, #1217 ) ) ;
#3167 = ORIENTED_EDGE ( 'NONE', *, *, #3406, .T. ) ;
#3168 = EDGE_LOOP ( 'NONE', ( #2923, #2777, #2721, #2869 ) ) ;
#3169 = EDGE_LOOP ( 'NONE', ( #1210, #1227, #1197, #1207 ) ) ;
#3170 = EDGE_LOOP ( 'NONE', ( #3216, #3126, #3084, #3079 ) ) ;
#3171 = EDGE_LOOP ( 'NONE', ( #1094, #1051, #1149, #1137 ) ) ;
#3172 = ORIENTED_EDGE ( 'NONE', *, *, #3359, .T. ) ;
#3173 = ORIENTED_EDGE ( 'NONE', *, *, #3344, .F. ) ;
#3174 = ORIENTED_EDGE ( 'NONE', *, *, #3406, .F. ) ;
#3175 = EDGE_LOOP ( 'NONE', ( #2881, #2682, #2907, #2731, #2672, #2894 ) ) ;
#3176 = ORIENTED_EDGE ( 'NONE', *, *, #3492, .T. ) ;
#3177 = ORIENTED_EDGE ( 'NONE', *, *, #3440, .T. ) ;
#3178 = ORIENTED_EDGE ( 'NONE', *, *, #4086, .T. ) ;
#3179 = ORIENTED_EDGE ( 'NONE', *, *, #3385, .T. ) ;
#3180 = ORIENTED_EDGE ( 'NONE', *, *, #3408, .T. ) ;
#3181 = ORIENTED_EDGE ( 'NONE', *, *, #3349, .T. ) ;
#3182 = VERTEX_POINT ( 'NONE', #4698 ) ;
#3183 = VERTEX_POINT ( 'NONE', #4705 ) ;
#3184 = VERTEX_POINT ( 'NONE', #4709 ) ;
#3185 = EDGE_LOOP ( 'NONE', ( #3215, #3130, #3047, #3218, #3178, #3231, #3141, #2737 ) ) ;
#3186 = VERTEX_POINT ( 'NONE', #4704 ) ;
#3187 = EDGE_LOOP ( 'NONE', ( #1139, #1138, #1108, #1211 ) ) ;
#3188 = ORIENTED_EDGE ( 'NONE', *, *, #3386, .F. ) ;
#3189 = ORIENTED_EDGE ( 'NONE', *, *, #3437, .F. ) ;
#3190 = EDGE_LOOP ( 'NONE', ( #1160, #1151, #1135, #1220 ) ) ;
#3191 = EDGE_LOOP ( 'NONE', ( #2782, #2717, #2854, #2675, #2729 ) ) ;
#3192 = ORIENTED_EDGE ( 'NONE', *, *, #3508, .T. ) ;
#3193 = EDGE_LOOP ( 'NONE', ( #1010, #1009, #1001, #999 ) ) ;
#3194 = ORIENTED_EDGE ( 'NONE', *, *, #3405, .T. ) ;
#3195 = VERTEX_POINT ( 'NONE', #4712 ) ;
#3196 = VERTEX_POINT ( 'NONE', #4710 ) ;
#3197 = ORIENTED_EDGE ( 'NONE', *, *, #3404, .T. ) ;
#3198 = ORIENTED_EDGE ( 'NONE', *, *, #3336, .T. ) ;
#3199 = ORIENTED_EDGE ( 'NONE', *, *, #3407, .T. ) ;
#3200 = VERTEX_POINT ( 'NONE', #4711 ) ;
#3201 = ORIENTED_EDGE ( 'NONE', *, *, #3357, .T. ) ;
#3202 = ORIENTED_EDGE ( 'NONE', *, *, #3372, .F. ) ;
#3203 = ORIENTED_EDGE ( 'NONE', *, *, #3320, .T. ) ;
#3204 = EDGE_LOOP ( 'NONE', ( #2785, #2787, #2875, #2872, #2876 ) ) ;
#3205 = ORIENTED_EDGE ( 'NONE', *, *, #3424, .T. ) ;
#3206 = ORIENTED_EDGE ( 'NONE', *, *, #3487, .T. ) ;
#3207 = ORIENTED_EDGE ( 'NONE', *, *, #3398, .T. ) ;
#3208 = ORIENTED_EDGE ( 'NONE', *, *, #3420, .F. ) ;
#3209 = VERTEX_POINT ( 'NONE', #4713 ) ;
#3210 = EDGE_LOOP ( 'NONE', ( #2920, #2714, #2703, #2700 ) ) ;
#3211 = ORIENTED_EDGE ( 'NONE', *, *, #3516, .T. ) ;
#3212 = ORIENTED_EDGE ( 'NONE', *, *, #3362, .T. ) ;
#3213 = ORIENTED_EDGE ( 'NONE', *, *, #3326, .T. ) ;
#3214 = ORIENTED_EDGE ( 'NONE', *, *, #3469, .T. ) ;
#3215 = ORIENTED_EDGE ( 'NONE', *, *, #4113, .T. ) ;
#3216 = ORIENTED_EDGE ( 'NONE', *, *, #3447, .F. ) ;
#3217 = VERTEX_POINT ( 'NONE', #4708 ) ;
#3218 = ORIENTED_EDGE ( 'NONE', *, *, #4095, .T. ) ;
#3219 = ORIENTED_EDGE ( 'NONE', *, *, #3442, .T. ) ;
#3220 = ORIENTED_EDGE ( 'NONE', *, *, #3511, .F. ) ;
#3221 = ORIENTED_EDGE ( 'NONE', *, *, #3488, .T. ) ;
#3222 = VERTEX_POINT ( 'NONE', #4716 ) ;
#3223 = EDGE_LOOP ( 'NONE', ( #1076, #1065, #1006, #1148 ) ) ;
#3224 = EDGE_LOOP ( 'NONE', ( #1056, #1167, #1152, #1200, #1131, #1222 ) ) ;
#3225 = VERTEX_POINT ( 'NONE', #4717 ) ;
#3226 = ORIENTED_EDGE ( 'NONE', *, *, #3451, .F. ) ;
#3227 = EDGE_LOOP ( 'NONE', ( #3220, #3211, #3142, #3123 ) ) ;
#3228 = EDGE_LOOP ( 'NONE', ( #2741, #2861, #2776, #2858, #2739, #2718 ) ) ;
#3229 = ORIENTED_EDGE ( 'NONE', *, *, #3331, .T. ) ;
#3230 = VERTEX_POINT ( 'NONE', #4714 ) ;
#3231 = ORIENTED_EDGE ( 'NONE', *, *, #4116, .T. ) ;
#3232 = EDGE_LOOP ( 'NONE', ( #1177, #1042, #1047, #1180, #1170, #1087, #1069, #1008, #1031, #1174, #1093, #1231 ) ) ;
#3233 = VERTEX_POINT ( 'NONE', #4715 ) ;
#3234 = ORIENTED_EDGE ( 'NONE', *, *, #3382, .T. ) ;
#3235 = ORIENTED_EDGE ( 'NONE', *, *, #3519, .F. ) ;
#3236 = EDGE_LOOP ( 'NONE', ( #1002, #1050, #1022, #1214 ) ) ;
#3237 = VERTEX_POINT ( 'NONE', #4707 ) ;
#3238 = VERTEX_POINT ( 'NONE', #4719 ) ;
#3239 = EDGE_LOOP ( 'NONE', ( #1040, #1235, #1030, #1021, #1016, #1011 ) ) ;
#3240 = VERTEX_POINT ( 'NONE', #4718 ) ;
#3241 = ORIENTED_EDGE ( 'NONE', *, *, #3464, .T. ) ;
#3242 = EDGE_LOOP ( 'NONE', ( #2902, #2784, #2873, #2877 ) ) ;
#3243 = EDGE_LOOP ( 'NONE', ( #2758, #3052, #3212, #3114, #3153, #3075, #3071, #3198 ) ) ;
#3244 = EDGE_LOOP ( 'NONE', ( #1129, #1003, #1221, #1204 ) ) ;
#3245 = UNCERTAINTY_MEASURE_WITH_UNIT (LENGTH_MEASURE( 1.000000000000000100E-005 ), #2304, 'distance_accuracy_value', 'NONE');
#3246 = UNCERTAINTY_MEASURE_WITH_UNIT (LENGTH_MEASURE( 1.000000000000000100E-005 ), #2269, 'distance_accuracy_value', 'NONE');
#3247 = UNCERTAINTY_MEASURE_WITH_UNIT (LENGTH_MEASURE( 1.000000000000000100E-005 ), #2281, 'distance_accuracy_value', 'NONE');
#3248 = UNCERTAINTY_MEASURE_WITH_UNIT (LENGTH_MEASURE( 1.000000000000000100E-005 ), #2252, 'distance_accuracy_value', 'NONE');
#3249 = UNCERTAINTY_MEASURE_WITH_UNIT (LENGTH_MEASURE( 1.000000000000000100E-005 ), #2292, 'distance_accuracy_value', 'NONE');
#3250 = COLOUR_RGB ( '',0.5254901960784313900, 0.5254901960784313900, 0.5254901960784313900 ) ;
#3251 = SURFACE_SIDE_STYLE ('',( #3302 ) ) ;
#3252 = CARTESIAN_POINT ( 'NONE',  ( -1.020000000000037100, 0.3499999999999999800, -1.249999999999892100 ) ) ;
#3253 = CARTESIAN_POINT ( 'NONE',  ( -0.9050000000000293400, 1.100000000000000100, -1.249999999999892100 ) ) ;
#3254 = CARTESIAN_POINT ( 'NONE',  ( -0.8773857625084710000, 0.9750000000000000900, -1.183333333333173500 ) ) ;
#3255 = SURFACE_STYLE_USAGE ( .BOTH. , #3251 ) ;
#3256 =( LENGTH_UNIT ( ) NAMED_UNIT ( * ) SI_UNIT ( .MILLI., .METRE. ) );
#3257 =( NAMED_UNIT ( * ) PLANE_ANGLE_UNIT ( ) SI_UNIT ( $, .RADIAN. ) );
#3258 = COLOUR_RGB ( '',0.5254901960784313900, 0.5254901960784313900, 0.5254901960784313900 ) ;
#3259 = SURFACE_STYLE_FILL_AREA ( #4395 ) ;
#3260 = PRESENTATION_STYLE_ASSIGNMENT (( #4399 ) ) ;
#3261 = PRESENTATION_STYLE_ASSIGNMENT (( #4357 ) ) ;
#3262 = COLOUR_RGB ( '',0.5254901960784313900, 0.5254901960784313900, 0.5254901960784313900 ) ;
#3263 = FACE_OUTER_BOUND ( 'NONE', #3081, .T. ) ;
#3264 = FACE_OUTER_BOUND ( 'NONE', #1117, .T. ) ;
#3265 = SURFACE_STYLE_FILL_AREA ( #4354 ) ;
#3266 = COLOUR_RGB ( '',0.5254901960784313900, 0.5254901960784313900, 0.5254901960784313900 ) ;
#3267 = PRESENTATION_STYLE_ASSIGNMENT (( #4379 ) ) ;
#3268 = SURFACE_STYLE_FILL_AREA ( #4375 ) ;
#3269 = UNCERTAINTY_MEASURE_WITH_UNIT (LENGTH_MEASURE( 1.000000000000000100E-005 ), #2344, 'distance_accuracy_value', 'NONE');
#3270 = UNCERTAINTY_MEASURE_WITH_UNIT (LENGTH_MEASURE( 1.000000000000000100E-005 ), #2315, 'distance_accuracy_value', 'NONE');
#3271 = UNCERTAINTY_MEASURE_WITH_UNIT (LENGTH_MEASURE( 1.000000000000000100E-005 ), #2354, 'distance_accuracy_value', 'NONE');
#3272 = UNCERTAINTY_MEASURE_WITH_UNIT (LENGTH_MEASURE( 1.000000000000000100E-005 ), #2383, 'distance_accuracy_value', 'NONE');
#3273 = UNCERTAINTY_MEASURE_WITH_UNIT (LENGTH_MEASURE( 1.000000000000000100E-005 ), #2393, 'distance_accuracy_value', 'NONE');
#3274 = UNCERTAINTY_MEASURE_WITH_UNIT (LENGTH_MEASURE( 1.000000000000000100E-005 ), #2405, 'distance_accuracy_value', 'NONE');
#3275 = UNCERTAINTY_MEASURE_WITH_UNIT (LENGTH_MEASURE( 1.000000000000000100E-005 ), #2419, 'distance_accuracy_value', 'NONE');
#3276 = FACE_OUTER_BOUND ( 'NONE', #3062, .T. ) ;
#3277 = PRESENTATION_STYLE_ASSIGNMENT (( #4252 ) ) ;
#3278 = FACE_OUTER_BOUND ( 'NONE', #1123, .T. ) ;
#3279 = COLOUR_RGB ( '',0.0000000000000000000, 0.0000000000000000000, 0.0000000000000000000 ) ;
#3280 = SURFACE_STYLE_FILL_AREA ( #4412 ) ;
#3281 = SURFACE_STYLE_FILL_AREA ( #4763 ) ;
#3282 = PRESENTATION_STYLE_ASSIGNMENT (( #4416 ) ) ;
#3283 = FACE_OUTER_BOUND ( 'NONE', #3158, .T. ) ;
#3284 = COLOUR_RGB ( '',0.0000000000000000000, 0.0000000000000000000, 0.0000000000000000000 ) ;
#3285 = SURFACE_STYLE_FILL_AREA ( #4339 ) ;
#3286 = PRESENTATION_STYLE_ASSIGNMENT (( #4335 ) ) ;
#3287 = FACE_OUTER_BOUND ( 'NONE', #3170, .T. ) ;
#3288 = FACE_OUTER_BOUND ( 'NONE', #3227, .T. ) ;
#3289 = COLOUR_RGB ( '',0.5254901960784313900, 0.5254901960784313900, 0.5254901960784313900 ) ;
#3290 = SURFACE_STYLE_FILL_AREA ( #4297 ) ;
#3291 = PRESENTATION_STYLE_ASSIGNMENT (( #4301 ) ) ;
#3292 = FACE_OUTER_BOUND ( 'NONE', #3148, .T. ) ;
#3293 = COLOUR_RGB ( '',0.5254901960784313900, 0.5254901960784313900, 0.5254901960784313900 ) ;
#3294 = SURFACE_STYLE_FILL_AREA ( #4332 ) ;
#3295 = PRESENTATION_STYLE_ASSIGNMENT (( #4336 ) ) ;
#3296 = COLOUR_RGB ( '',0.0000000000000000000, 0.0000000000000000000, 0.0000000000000000000 ) ;
#3297 = FACE_OUTER_BOUND ( 'NONE', #3149, .T. ) ;
#3298 = COLOUR_RGB ( '',0.0000000000000000000, 0.0000000000000000000, 0.0000000000000000000 ) ;
#3299 = COLOUR_RGB ( '',0.5254901960784313900, 0.5254901960784313900, 0.5254901960784313900 ) ;
#3300 = SURFACE_STYLE_FILL_AREA ( #4317 ) ;
#3301 = PRESENTATION_STYLE_ASSIGNMENT (( #4320 ) ) ;
#3302 = SURFACE_STYLE_FILL_AREA ( #4269 ) ;
#3303 = PRESENTATION_STYLE_ASSIGNMENT (( #3255 ) ) ;
#3304 = FACE_OUTER_BOUND ( 'NONE', #1104, .T. ) ;
#3305 = COLOUR_RGB ( '',0.0000000000000000000, 0.0000000000000000000, 0.0000000000000000000 ) ;
#3306 = SURFACE_STYLE_FILL_AREA ( #4228 ) ;
#3307 = PRESENTATION_STYLE_ASSIGNMENT (( #4226 ) ) ;
#3308 = UNCERTAINTY_MEASURE_WITH_UNIT (LENGTH_MEASURE( 1.000000000000000100E-005 ), #2211, 'distance_accuracy_value', 'NONE');
#3309 = UNCERTAINTY_MEASURE_WITH_UNIT (LENGTH_MEASURE( 1.000000000000000100E-005 ), #2224, 'distance_accuracy_value', 'NONE');
#3310 = UNCERTAINTY_MEASURE_WITH_UNIT (LENGTH_MEASURE( 1.000000000000000100E-005 ), #2233, 'distance_accuracy_value', 'NONE');
#3311 = UNCERTAINTY_MEASURE_WITH_UNIT (LENGTH_MEASURE( 1.000000000000000100E-005 ), #2489, 'distance_accuracy_value', 'NONE');
#3312 = EDGE_CURVE ( 'NONE', #2841, #2849, #158, .T. ) ;
#3313 = EDGE_CURVE ( 'NONE', #2626, #3182, #154, .T. ) ;
#3314 = EDGE_CURVE ( 'NONE', #2852, #2850, #155, .T. ) ;
#3315 = EDGE_CURVE ( 'NONE', #2797, #2798, #159, .T. ) ;
#3316 = EDGE_CURVE ( 'NONE', #2756, #2885, #156, .T. ) ;
#3317 = EDGE_CURVE ( 'NONE', #2750, #3106, #4184, .T. ) ;
#3318 = EDGE_CURVE ( 'NONE', #2759, #2750, #4185, .T. ) ;
#3319 = EDGE_CURVE ( 'NONE', #2836, #2825, #161, .T. ) ;
#3320 = EDGE_CURVE ( 'NONE', #3237, #3154, #4186, .T. ) ;
#3321 = EDGE_CURVE ( 'NONE', #2646, #2637, #163, .T. ) ;
#3322 = EDGE_CURVE ( 'NONE', #3054, #3068, #4187, .T. ) ;
#3323 = EDGE_CURVE ( 'NONE', #2752, #2747, #162, .T. ) ;
#3324 = EDGE_CURVE ( 'NONE', #2807, #3100, #4188, .T. ) ;
#3325 = EDGE_CURVE ( 'NONE', #2823, #2917, #164, .T. ) ;
#3326 = EDGE_CURVE ( 'NONE', #3121, #3120, #4189, .T. ) ;
#3327 = EDGE_CURVE ( 'NONE', #2747, #2755, #165, .T. ) ;
#3328 = EDGE_CURVE ( 'NONE', #3161, #3049, #4190, .T. ) ;
#3329 = EDGE_CURVE ( 'NONE', #2744, #2790, #170, .T. ) ;
#3330 = EDGE_CURVE ( 'NONE', #2792, #3222, #4191, .T. ) ;
#3331 = EDGE_CURVE ( 'NONE', #3230, #2635, #171, .T. ) ;
#3332 = EDGE_CURVE ( 'NONE', #3233, #2705, #168, .T. ) ;
#3333 = EDGE_CURVE ( 'NONE', #2702, #2628, #167, .T. ) ;
#3334 = EDGE_CURVE ( 'NONE', #3115, #2625, #174, .T. ) ;
#3335 = EDGE_CURVE ( 'NONE', #3109, #2628, #176, .T. ) ;
#3336 = EDGE_CURVE ( 'NONE', #3049, #2775, #4192, .T. ) ;
#3337 = EDGE_CURVE ( 'NONE', #2891, #2760, #179, .T. ) ;
#3338 = EDGE_CURVE ( 'NONE', #3195, #2639, #177, .T. ) ;
#3339 = EDGE_CURVE ( 'NONE', #2837, #2853, #181, .T. ) ;
#3340 = EDGE_CURVE ( 'NONE', #2838, #2831, #182, .T. ) ;
#3341 = EDGE_CURVE ( 'NONE', #2642, #2804, #173, .T. ) ;
#3342 = EDGE_CURVE ( 'NONE', #2769, #2762, #4193, .T. ) ;
#3343 = EDGE_CURVE ( 'NONE', #2833, #2834, #186, .T. ) ;
#3344 = EDGE_CURVE ( 'NONE', #2749, #3128, #187, .T. ) ;
#3345 = EDGE_CURVE ( 'NONE', #2640, #2749, #184, .T. ) ;
#3346 = EDGE_CURVE ( 'NONE', #2897, #2817, #191, .T. ) ;
#3347 = EDGE_CURVE ( 'NONE', #2804, #2827, #189, .T. ) ;
#3348 = EDGE_CURVE ( 'NONE', #2847, #2795, #193, .T. ) ;
#3349 = EDGE_CURVE ( 'NONE', #2772, #2760, #197, .T. ) ;
#3350 = EDGE_CURVE ( 'NONE', #2825, #2838, #198, .T. ) ;
#3351 = EDGE_CURVE ( 'NONE', #3132, #3096, #4194, .T. ) ;
#3352 = EDGE_CURVE ( 'NONE', #3117, #2652, #195, .T. ) ;
#3353 = EDGE_CURVE ( 'NONE', #2831, #2844, #202, .T. ) ;
#3354 = EDGE_CURVE ( 'NONE', #2767, #2745, #204, .T. ) ;
#3355 = EDGE_CURVE ( 'NONE', #2833, #2836, #206, .T. ) ;
#3356 = EDGE_CURVE ( 'NONE', #2848, #2841, #207, .T. ) ;
#3357 = EDGE_CURVE ( 'NONE', #2752, #2761, #209, .T. ) ;
#3358 = EDGE_CURVE ( 'NONE', #2841, #2852, #200, .T. ) ;
#3359 = EDGE_CURVE ( 'NONE', #3122, #2806, #4195, .T. ) ;
#3360 = EDGE_CURVE ( 'NONE', #2826, #2707, #211, .T. ) ;
#3361 = EDGE_CURVE ( 'NONE', #2762, #3049, #4196, .T. ) ;
#3362 = EDGE_CURVE ( 'NONE', #3124, #3054, #4197, .T. ) ;
#3363 = EDGE_CURVE ( 'NONE', #2755, #2761, #215, .T. ) ;
#3364 = EDGE_CURVE ( 'NONE', #2821, #2851, #213, .T. ) ;
#3365 = EDGE_CURVE ( 'NONE', #3121, #3217, #4198, .T. ) ;
#3366 = EDGE_CURVE ( 'NONE', #2639, #3237, #219, .T. ) ;
#3367 = EDGE_CURVE ( 'NONE', #2848, #2851, #220, .T. ) ;
#3368 = EDGE_CURVE ( 'NONE', #3183, #3112, #4199, .T. ) ;
#3369 = EDGE_CURVE ( 'NONE', #2830, #2831, #224, .T. ) ;
#3370 = EDGE_CURVE ( 'NONE', #3186, #3109, #4200, .T. ) ;
#3371 = EDGE_CURVE ( 'NONE', #2828, #2837, #226, .T. ) ;
#3372 = EDGE_CURVE ( 'NONE', #3200, #3109, #222, .T. ) ;
#3373 = EDGE_CURVE ( 'NONE', #3200, #3217, #4201, .T. ) ;
#3374 = EDGE_CURVE ( 'NONE', #2887, #2768, #229, .T. ) ;
#3375 = EDGE_CURVE ( 'NONE', #2842, #2830, #217, .T. ) ;
#3376 = EDGE_CURVE ( 'NONE', #2747, #2891, #227, .T. ) ;
#3377 = EDGE_CURVE ( 'NONE', #2828, #2844, #232, .T. ) ;
#3378 = EDGE_CURVE ( 'NONE', #3068, #3195, #231, .T. ) ;
#3379 = EDGE_CURVE ( 'NONE', #2772, #2742, #233, .T. ) ;
#3380 = EDGE_CURVE ( 'NONE', #2836, #2842, #237, .T. ) ;
#3381 = EDGE_CURVE ( 'NONE', #2825, #2830, #239, .T. ) ;
#3382 = EDGE_CURVE ( 'NONE', #2757, #3240, #4202, .T. ) ;
#3383 = EDGE_CURVE ( 'NONE', #2640, #2627, #243, .T. ) ;
#3384 = EDGE_CURVE ( 'NONE', #3100, #3230, #4203, .T. ) ;
#3385 = EDGE_CURVE ( 'NONE', #3222, #3209, #4204, .T. ) ;
#3386 = EDGE_CURVE ( 'NONE', #3182, #3209, #241, .T. ) ;
#3387 = EDGE_CURVE ( 'NONE', #2642, #2706, #245, .T. ) ;
#3388 = EDGE_CURVE ( 'NONE', #2817, #2632, #235, .T. ) ;
#3389 = EDGE_CURVE ( 'NONE', #2822, #2632, #249, .T. ) ;
#3390 = EDGE_CURVE ( 'NONE', #2820, #2834, #247, .T. ) ;
#3391 = EDGE_CURVE ( 'NONE', #2793, #2756, #250, .T. ) ;
#3392 = EDGE_CURVE ( 'NONE', #2756, #2742, #252, .T. ) ;
#3393 = EDGE_CURVE ( 'NONE', #3209, #2662, #256, .T. ) ;
#3394 = EDGE_CURVE ( 'NONE', #3120, #2634, #258, .T. ) ;
#3395 = EDGE_CURVE ( 'NONE', #2846, #2740, #254, .T. ) ;
#3396 = EDGE_CURVE ( 'NONE', #2740, #2885, #260, .T. ) ;
#3397 = EDGE_CURVE ( 'NONE', #2639, #2626, #264, .T. ) ;
#3398 = EDGE_CURVE ( 'NONE', #2824, #2772, #266, .T. ) ;
#3399 = EDGE_CURVE ( 'NONE', #2641, #3196, #262, .T. ) ;
#3400 = EDGE_CURVE ( 'NONE', #2742, #2891, #270, .T. ) ;
#3401 = EDGE_CURVE ( 'NONE', #2740, #2768, #272, .T. ) ;
#3402 = EDGE_CURVE ( 'NONE', #2800, #2753, #1, .T. ) ;
#3403 = EDGE_CURVE ( 'NONE', #2748, #2754, #2, .T. ) ;
#3404 = EDGE_CURVE ( 'NONE', #2757, #3230, #274, .T. ) ;
#3405 = EDGE_CURVE ( 'NONE', #3066, #2824, #3, .T. ) ;
#3406 = EDGE_CURVE ( 'NONE', #2772, #3128, #4, .T. ) ;
#3407 = EDGE_CURVE ( 'NONE', #2749, #3066, #5, .T. ) ;
#3408 = EDGE_CURVE ( 'NONE', #2760, #3155, #6, .T. ) ;
#3409 = EDGE_CURVE ( 'NONE', #2750, #2754, #7, .T. ) ;
#3410 = EDGE_CURVE ( 'NONE', #2641, #3195, #275, .T. ) ;
#3411 = EDGE_CURVE ( 'NONE', #2883, #2764, #268, .T. ) ;
#3412 = EDGE_CURVE ( 'NONE', #2754, #2743, #8, .T. ) ;
#3413 = EDGE_CURVE ( 'NONE', #3240, #2791, #9, .T. ) ;
#3414 = EDGE_CURVE ( 'NONE', #2773, #2845, #10, .T. ) ;
#3415 = EDGE_CURVE ( 'NONE', #2808, #2833, #280, .T. ) ;
#3416 = EDGE_CURVE ( 'NONE', #3116, #2771, #11, .T. ) ;
#3417 = EDGE_CURVE ( 'NONE', #2885, #2819, #282, .T. ) ;
#3418 = EDGE_CURVE ( 'NONE', #2645, #2652, #279, .T. ) ;
#3419 = EDGE_CURVE ( 'NONE', #2751, #3096, #12, .T. ) ;
#3420 = EDGE_CURVE ( 'NONE', #2626, #2662, #286, .T. ) ;
#3421 = EDGE_CURVE ( 'NONE', #2650, #2638, #284, .T. ) ;
#3422 = EDGE_CURVE ( 'NONE', #2835, #2826, #277, .T. ) ;
#3423 = EDGE_CURVE ( 'NONE', #2662, #2633, #288, .T. ) ;
#3424 = EDGE_CURVE ( 'NONE', #3112, #3122, #13, .T. ) ;
#3425 = EDGE_CURVE ( 'NONE', #2765, #2887, #292, .T. ) ;
#3426 = EDGE_CURVE ( 'NONE', #2628, #3225, #291, .T. ) ;
#3427 = EDGE_CURVE ( 'NONE', #2850, #2917, #294, .T. ) ;
#3428 = EDGE_CURVE ( 'NONE', #3054, #3154, #14, .T. ) ;
#3429 = EDGE_CURVE ( 'NONE', #2843, #2826, #295, .T. ) ;
#3430 = EDGE_CURVE ( 'NONE', #2822, #2839, #290, .T. ) ;
#3431 = EDGE_CURVE ( 'NONE', #3186, #3112, #15, .T. ) ;
#3432 = EDGE_CURVE ( 'NONE', #3119, #3122, #16, .T. ) ;
#3433 = EDGE_CURVE ( 'NONE', #2770, #3124, #17, .T. ) ;
#3434 = EDGE_CURVE ( 'NONE', #2768, #2829, #297, .T. ) ;
#3435 = EDGE_CURVE ( 'NONE', #2630, #2631, #301, .T. ) ;
#3436 = EDGE_CURVE ( 'NONE', #2844, #2832, #299, .T. ) ;
#3437 = EDGE_CURVE ( 'NONE', #3128, #3120, #305, .T. ) ;
#3438 = EDGE_CURVE ( 'NONE', #2803, #2843, #306, .T. ) ;
#3439 = EDGE_CURVE ( 'NONE', #3106, #3115, #308, .T. ) ;
#3440 = EDGE_CURVE ( 'NONE', #3238, #3233, #303, .T. ) ;
#3441 = EDGE_CURVE ( 'NONE', #2773, #2759, #309, .T. ) ;
#3442 = EDGE_CURVE ( 'NONE', #2845, #3132, #18, .T. ) ;
#3443 = EDGE_CURVE ( 'NONE', #3217, #3184, #19, .T. ) ;
#3444 = EDGE_CURVE ( 'NONE', #2645, #2753, #313, .T. ) ;
#3445 = EDGE_CURVE ( 'NONE', #2630, #2642, #311, .T. ) ;
#3446 = EDGE_CURVE ( 'NONE', #2883, #2887, #317, .T. ) ;
#3447 = EDGE_CURVE ( 'NONE', #2705, #3115, #315, .T. ) ;
#3448 = EDGE_CURVE ( 'NONE', #2838, #2828, #321, .T. ) ;
#3449 = EDGE_CURVE ( 'NONE', #3222, #3240, #20, .T. ) ;
#3450 = EDGE_CURVE ( 'NONE', #2634, #2702, #319, .T. ) ;
#3451 = EDGE_CURVE ( 'NONE', #3237, #3182, #323, .T. ) ;
#3452 = EDGE_CURVE ( 'NONE', #2751, #3106, #326, .T. ) ;
#3453 = EDGE_CURVE ( 'NONE', #2851, #2849, #328, .T. ) ;
#3454 = EDGE_CURVE ( 'NONE', #2746, #3117, #21, .T. ) ;
#3455 = EDGE_CURVE ( 'NONE', #2853, #2848, #332, .T. ) ;
#3456 = EDGE_CURVE ( 'NONE', #3154, #3116, #22, .T. ) ;
#3457 = EDGE_CURVE ( 'NONE', #2762, #2746, #23, .T. ) ;
#3458 = EDGE_CURVE ( 'NONE', #2743, #2759, #24, .T. ) ;
#3459 = EDGE_CURVE ( 'NONE', #2805, #2755, #333, .T. ) ;
#3460 = EDGE_CURVE ( 'NONE', #3196, #3161, #25, .T. ) ;
#3461 = EDGE_CURVE ( 'NONE', #2808, #2820, #334, .T. ) ;
#3462 = EDGE_CURVE ( 'NONE', #3183, #3063, #330, .T. ) ;
#3463 = EDGE_CURVE ( 'NONE', #2771, #2883, #325, .T. ) ;
#3464 = EDGE_CURVE ( 'NONE', #3184, #2752, #26, .T. ) ;
#3465 = EDGE_CURVE ( 'NONE', #2794, #3063, #27, .T. ) ;
#3466 = EDGE_CURVE ( 'NONE', #3155, #3184, #28, .T. ) ;
#3467 = EDGE_CURVE ( 'NONE', #2644, #2707, #336, .T. ) ;
#3468 = EDGE_CURVE ( 'NONE', #2839, #2803, #340, .T. ) ;
#3469 = EDGE_CURVE ( 'NONE', #3119, #3186, #29, .T. ) ;
#3470 = EDGE_CURVE ( 'NONE', #2840, #2835, #344, .T. ) ;
#3471 = EDGE_CURVE ( 'NONE', #2653, #2643, #338, .T. ) ;
#3472 = EDGE_CURVE ( 'NONE', #3096, #2773, #30, .T. ) ;
#3473 = EDGE_CURVE ( 'NONE', #2705, #2751, #347, .T. ) ;
#3474 = EDGE_CURVE ( 'NONE', #2803, #2835, #346, .T. ) ;
#3475 = EDGE_CURVE ( 'NONE', #2702, #3200, #349, .T. ) ;
#3476 = EDGE_CURVE ( 'NONE', #2852, #2823, #351, .T. ) ;
#3477 = EDGE_CURVE ( 'NONE', #2653, #2646, #353, .T. ) ;
#3478 = EDGE_CURVE ( 'NONE', #2638, #2646, #355, .T. ) ;
#3479 = EDGE_CURVE ( 'NONE', #3196, #3068, #357, .T. ) ;
#3480 = EDGE_CURVE ( 'NONE', #2635, #2640, #359, .T. ) ;
#3481 = EDGE_CURVE ( 'NONE', #2627, #2634, #361, .T. ) ;
#3482 = EDGE_CURVE ( 'NONE', #2849, #2823, #362, .T. ) ;
#3483 = EDGE_CURVE ( 'NONE', #2917, #2820, #364, .T. ) ;
#3484 = EDGE_CURVE ( 'NONE', #2839, #2840, #366, .T. ) ;
#3485 = EDGE_CURVE ( 'NONE', #2650, #2653, #368, .T. ) ;
#3486 = EDGE_CURVE ( 'NONE', #2843, #2644, #370, .T. ) ;
#3487 = EDGE_CURVE ( 'NONE', #2753, #3117, #372, .T. ) ;
#3488 = EDGE_CURVE ( 'NONE', #2633, #2757, #374, .T. ) ;
#3489 = EDGE_CURVE ( 'NONE', #2748, #2753, #376, .T. ) ;
#3490 = EDGE_CURVE ( 'NONE', #3133, #3233, #342, .T. ) ;
#3491 = EDGE_CURVE ( 'NONE', #3225, #3183, #380, .T. ) ;
#3492 = EDGE_CURVE ( 'NONE', #3063, #3238, #382, .T. ) ;
#3493 = EDGE_CURVE ( 'NONE', #3155, #3121, #31, .T. ) ;
#3494 = EDGE_CURVE ( 'NONE', #3132, #3238, #32, .T. ) ;
#3495 = EDGE_CURVE ( 'NONE', #3133, #3063, #384, .T. ) ;
#3496 = EDGE_CURVE ( 'NONE', #2643, #2637, #386, .T. ) ;
#3497 = EDGE_CURVE ( 'NONE', #2850, #2808, #378, .T. ) ;
#3498 = EDGE_CURVE ( 'NONE', #2834, #2842, #390, .T. ) ;
#3499 = EDGE_CURVE ( 'NONE', #2799, #2796, #392, .T. ) ;
#3500 = EDGE_CURVE ( 'NONE', #2643, #2630, #394, .T. ) ;
#3501 = EDGE_CURVE ( 'NONE', #2627, #3128, #395, .T. ) ;
#3502 = EDGE_CURVE ( 'NONE', #2637, #2631, #397, .T. ) ;
#3503 = EDGE_CURVE ( 'NONE', #3100, #3066, #33, .T. ) ;
#3504 = EDGE_CURVE ( 'NONE', #3225, #3133, #388, .T. ) ;
#3505 = EDGE_CURVE ( 'NONE', #2632, #2840, #399, .T. ) ;
#3506 = EDGE_CURVE ( 'NONE', #2837, #2832, #403, .T. ) ;
#3507 = EDGE_CURVE ( 'NONE', #2707, #2638, #401, .T. ) ;
#3508 = EDGE_CURVE ( 'NONE', #2765, #3182, #34, .T. ) ;
#3509 = EDGE_CURVE ( 'NONE', #2644, #2650, #409, .T. ) ;
#3510 = EDGE_CURVE ( 'NONE', #3124, #3116, #35, .T. ) ;
#3511 = EDGE_CURVE ( 'NONE', #2625, #2645, #405, .T. ) ;
#3512 = EDGE_CURVE ( 'NONE', #2832, #2821, #407, .T. ) ;
#3513 = EDGE_CURVE ( 'NONE', #2897, #2822, #413, .T. ) ;
#3514 = EDGE_CURVE ( 'NONE', #2652, #2641, #415, .T. ) ;
#3515 = EDGE_CURVE ( 'NONE', #2706, #2827, #416, .T. ) ;
#3516 = EDGE_CURVE ( 'NONE', #2625, #2748, #417, .T. ) ;
#3517 = EDGE_CURVE ( 'NONE', #2746, #3161, #36, .T. ) ;
#3518 = EDGE_CURVE ( 'NONE', #2853, #2821, #411, .T. ) ;
#3519 = EDGE_CURVE ( 'NONE', #2633, #2635, #418, .T. ) ;
#3520 = EDGE_CURVE ( 'NONE', #2631, #2706, #422, .T. ) ;
#3521 = EDGE_CURVE ( 'NONE', #2761, #3119, #37, .T. ) ;
#3522 = FACE_OUTER_BOUND ( 'NONE', #1121, .T. ) ;
#3523 = PRESENTATION_STYLE_ASSIGNMENT (( #2564 ) ) ;
#3524 = COLOUR_RGB ( '',0.5254901960784313900, 0.5254901960784313900, 0.5254901960784313900 ) ;
#3525 = PRESENTATION_STYLE_ASSIGNMENT (( #2407 ) ) ;
#3526 = COLOUR_RGB ( '',0.5254901960784313900, 0.5254901960784313900, 0.5254901960784313900 ) ;
#3527 = FACE_OUTER_BOUND ( 'NONE', #1097, .T. ) ;
#3528 = COLOUR_RGB ( '',0.5254901960784313900, 0.5254901960784313900, 0.5254901960784313900 ) ;
#3529 = COLOUR_RGB ( '',0.0000000000000000000, 0.0000000000000000000, 0.0000000000000000000 ) ;
#3530 = SURFACE_STYLE_FILL_AREA ( #2543 ) ;
#3531 = FACE_OUTER_BOUND ( 'NONE', #3228, .T. ) ;
#3532 = PRESENTATION_STYLE_ASSIGNMENT (( #2560 ) ) ;
#3533 = PRESENTATION_STYLE_ASSIGNMENT (( #2316 ) ) ;
#3534 = PRESENTATION_STYLE_ASSIGNMENT (( #2394 ) ) ;
#3535 = SURFACE_STYLE_FILL_AREA ( #2464 ) ;
#3536 = SURFACE_STYLE_FILL_AREA ( #2347 ) ;
#3537 = SURFACE_STYLE_FILL_AREA ( #2591 ) ;
#3538 = LINE ( 'NONE', #2530, #3642 ) ;
#3539 = PRESENTATION_STYLE_ASSIGNMENT (( #2345 ) ) ;
#3540 = FACE_OUTER_BOUND ( 'NONE', #3204, .T. ) ;
#3541 = FACE_OUTER_BOUND ( 'NONE', #3125, .T. ) ;
#3542 = PRESENTATION_STYLE_ASSIGNMENT (( #2356 ) ) ;
#3543 = FACE_OUTER_BOUND ( 'NONE', #3146, .T. ) ;
#3544 = PRESENTATION_LAYER_ASSIGNMENT (  '', '', ( #3975 ) ) ;
#3545 = MECHANICAL_DESIGN_GEOMETRIC_PRESENTATION_REPRESENTATION (  '', ( #3975 ), #3546 ) ;
#3546 =( GEOMETRIC_REPRESENTATION_CONTEXT ( 3 ) GLOBAL_UNCERTAINTY_ASSIGNED_CONTEXT ( ( #92 ) ) GLOBAL_UNIT_ASSIGNED_CONTEXT ( ( #4794, #4789, #4771 ) ) REPRESENTATION_CONTEXT ( 'NONE', 'WORKASPACE' ) );
#3547 = STYLED_ITEM ( 'NONE', ( #3282 ), #3006 ) ;
#3548 = PRESENTATION_LAYER_ASSIGNMENT (  '', '', ( #3547 ) ) ;
#3549 = MECHANICAL_DESIGN_GEOMETRIC_PRESENTATION_REPRESENTATION (  '', ( #3547 ), #3550 ) ;
#3550 =( GEOMETRIC_REPRESENTATION_CONTEXT ( 3 ) GLOBAL_UNCERTAINTY_ASSIGNED_CONTEXT ( ( #93 ) ) GLOBAL_UNIT_ASSIGNED_CONTEXT ( ( #4418, #4422, #4877 ) ) REPRESENTATION_CONTEXT ( 'NONE', 'WORKASPACE' ) );
#3551 = FACE_OUTER_BOUND ( 'NONE', #3175, .T. ) ;
#3552 = STYLED_ITEM ( 'NONE', ( #3286 ), #3007 ) ;
#3553 = COLOUR_RGB ( '',0.5254901960784313900, 0.5254901960784313900, 0.5254901960784313900 ) ;
#3554 = PRESENTATION_LAYER_ASSIGNMENT (  '', '', ( #3552 ) ) ;
#3555 = SURFACE_STYLE_FILL_AREA ( #2358 ) ;
#3556 = MECHANICAL_DESIGN_GEOMETRIC_PRESENTATION_REPRESENTATION (  '', ( #3552 ), #3557 ) ;
#3557 =( GEOMETRIC_REPRESENTATION_CONTEXT ( 3 ) GLOBAL_UNCERTAINTY_ASSIGNED_CONTEXT ( ( #1238 ) ) GLOBAL_UNIT_ASSIGNED_CONTEXT ( ( #4289, #4291, #4293 ) ) REPRESENTATION_CONTEXT ( 'NONE', 'WORKASPACE' ) );
#3558 = STYLED_ITEM ( 'NONE', ( #3277 ), #3008 ) ;
#3559 = PRESENTATION_LAYER_ASSIGNMENT (  '', '', ( #3558 ) ) ;
#3560 = PRESENTATION_STYLE_ASSIGNMENT (( #2458 ) ) ;
#3562 = SURFACE_STYLE_FILL_AREA ( #2307 ) ;
#3561 = MECHANICAL_DESIGN_GEOMETRIC_PRESENTATION_REPRESENTATION (  '', ( #3558 ), #3564 ) ;
#3563 = COLOUR_RGB ( '',0.5254901960784313900, 0.5254901960784313900, 0.5254901960784313900 ) ;
#3564 =( GEOMETRIC_REPRESENTATION_CONTEXT ( 3 ) GLOBAL_UNCERTAINTY_ASSIGNED_CONTEXT ( ( #2975 ) ) GLOBAL_UNIT_ASSIGNED_CONTEXT ( ( #4235, #4775, #4243 ) ) REPRESENTATION_CONTEXT ( 'NONE', 'WORKASPACE' ) );
#3565 = FACE_OUTER_BOUND ( 'NONE', #1106, .T. ) ;
#3566 = STYLED_ITEM ( 'NONE', ( #3307 ), #3009 ) ;
#3567 = PRESENTATION_LAYER_ASSIGNMENT (  '', '', ( #3566 ) ) ;
#3568 = PRESENTATION_STYLE_ASSIGNMENT (( #2305 ) ) ;
#3569 = MECHANICAL_DESIGN_GEOMETRIC_PRESENTATION_REPRESENTATION (  '', ( #3566 ), #3570 ) ;
#3570 =( GEOMETRIC_REPRESENTATION_CONTEXT ( 3 ) GLOBAL_UNCERTAINTY_ASSIGNED_CONTEXT ( ( #991 ) ) GLOBAL_UNIT_ASSIGNED_CONTEXT ( ( #4224, #4217, #4222 ) ) REPRESENTATION_CONTEXT ( 'NONE', 'WORKASPACE' ) );
#3571 = SURFACE_STYLE_FILL_AREA ( #2396 ) ;
#3572 = STYLED_ITEM ( 'NONE', ( #3303 ), #3010 ) ;
#3573 = PRESENTATION_LAYER_ASSIGNMENT (  '', '', ( #3572 ) ) ;
#3574 = MECHANICAL_DESIGN_GEOMETRIC_PRESENTATION_REPRESENTATION (  '', ( #3572 ), #3575 ) ;
#3575 =( GEOMETRIC_REPRESENTATION_CONTEXT ( 3 ) GLOBAL_UNCERTAINTY_ASSIGNED_CONTEXT ( ( #4159 ) ) GLOBAL_UNIT_ASSIGNED_CONTEXT ( ( #3256, #3257, #3961 ) ) REPRESENTATION_CONTEXT ( 'NONE', 'WORKASPACE' ) );
#3576 = STYLED_ITEM ( 'NONE', ( #3291 ), #3011 ) ;
#3577 = PRESENTATION_LAYER_ASSIGNMENT (  '', '', ( #3576 ) ) ;
#3578 = MECHANICAL_DESIGN_GEOMETRIC_PRESENTATION_REPRESENTATION (  '', ( #3576 ), #3579 ) ;
#3579 =( GEOMETRIC_REPRESENTATION_CONTEXT ( 3 ) GLOBAL_UNCERTAINTY_ASSIGNED_CONTEXT ( ( #4160 ) ) GLOBAL_UNIT_ASSIGNED_CONTEXT ( ( #4302, #4304, #4306 ) ) REPRESENTATION_CONTEXT ( 'NONE', 'WORKASPACE' ) );
#3580 = STYLED_ITEM ( 'NONE', ( #3301 ), #3012 ) ;
#3581 = AXIS2_PLACEMENT_3D ( 'NONE', #4309, #4311, #4313 ) ;
#3582 = PRESENTATION_LAYER_ASSIGNMENT (  '', '', ( #3580 ) ) ;
#3583 = MECHANICAL_DESIGN_GEOMETRIC_PRESENTATION_REPRESENTATION (  '', ( #3580 ), #3584 ) ;
#3584 =( GEOMETRIC_REPRESENTATION_CONTEXT ( 3 ) GLOBAL_UNCERTAINTY_ASSIGNED_CONTEXT ( ( #4161 ) ) GLOBAL_UNIT_ASSIGNED_CONTEXT ( ( #4321, #4322, #4323 ) ) REPRESENTATION_CONTEXT ( 'NONE', 'WORKASPACE' ) );
#3585 = STYLED_ITEM ( 'NONE', ( #3295 ), #3013 ) ;
#3586 = AXIS2_PLACEMENT_3D ( 'NONE', #4324, #4325, #4326 ) ;
#3587 = PRESENTATION_LAYER_ASSIGNMENT (  '', '', ( #3585 ) ) ;
#3588 = MECHANICAL_DESIGN_GEOMETRIC_PRESENTATION_REPRESENTATION (  '', ( #3585 ), #3589 ) ;
#3589 =( GEOMETRIC_REPRESENTATION_CONTEXT ( 3 ) GLOBAL_UNCERTAINTY_ASSIGNED_CONTEXT ( ( #4162 ) ) GLOBAL_UNIT_ASSIGNED_CONTEXT ( ( #4338, #4340, #4342 ) ) REPRESENTATION_CONTEXT ( 'NONE', 'WORKASPACE' ) );
#3590 = FACE_OUTER_BOUND ( 'NONE', #3044, .T. ) ;
#3591 = STYLED_ITEM ( 'NONE', ( #3261 ), #3014 ) ;
#3592 = AXIS2_PLACEMENT_3D ( 'NONE', #4344, #4346, #4348 ) ;
#3593 = PRESENTATION_LAYER_ASSIGNMENT (  '', '', ( #3591 ) ) ;
#3594 = MECHANICAL_DESIGN_GEOMETRIC_PRESENTATION_REPRESENTATION (  '', ( #3591 ), #3595 ) ;
#3595 =( GEOMETRIC_REPRESENTATION_CONTEXT ( 3 ) GLOBAL_UNCERTAINTY_ASSIGNED_CONTEXT ( ( #4163 ) ) GLOBAL_UNIT_ASSIGNED_CONTEXT ( ( #4359, #4360, #4362 ) ) REPRESENTATION_CONTEXT ( 'NONE', 'WORKASPACE' ) );
#3596 = STYLED_ITEM ( 'NONE', ( #3267 ), #3015 ) ;
#3597 = AXIS2_PLACEMENT_3D ( 'NONE', #4365, #4367, #4369 ) ;
#3598 = PRESENTATION_LAYER_ASSIGNMENT (  '', '', ( #3596 ) ) ;
#3599 = MECHANICAL_DESIGN_GEOMETRIC_PRESENTATION_REPRESENTATION (  '', ( #3596 ), #3600 ) ;
#3600 =( GEOMETRIC_REPRESENTATION_CONTEXT ( 3 ) GLOBAL_UNCERTAINTY_ASSIGNED_CONTEXT ( ( #4164 ) ) GLOBAL_UNIT_ASSIGNED_CONTEXT ( ( #4381, #4383, #4385 ) ) REPRESENTATION_CONTEXT ( 'NONE', 'WORKASPACE' ) );
#3601 = STYLED_ITEM ( 'NONE', ( #3260 ), #3016 ) ;
#3602 = AXIS2_PLACEMENT_3D ( 'NONE', #4388, #4389, #4390 ) ;
#3603 = PRESENTATION_STYLE_ASSIGNMENT (( #2282 ) ) ;
#3604 = PRESENTATION_LAYER_ASSIGNMENT (  '', '', ( #3601 ) ) ;
#3605 = FACE_OUTER_BOUND ( 'NONE', #3168, .T. ) ;
#3606 = MECHANICAL_DESIGN_GEOMETRIC_PRESENTATION_REPRESENTATION (  '', ( #3601 ), #3607 ) ;
#3607 =( GEOMETRIC_REPRESENTATION_CONTEXT ( 3 ) GLOBAL_UNCERTAINTY_ASSIGNED_CONTEXT ( ( #4165 ) ) GLOBAL_UNIT_ASSIGNED_CONTEXT ( ( #4401, #4403, #4404 ) ) REPRESENTATION_CONTEXT ( 'NONE', 'WORKASPACE' ) );
#3608 = COLOUR_RGB ( '',0.5254901960784313900, 0.5254901960784313900, 0.5254901960784313900 ) ;
#3609 = STYLED_ITEM ( 'NONE', ( #2979 ), #3017 ) ;
#3610 = COLOUR_RGB ( '',0.5254901960784313900, 0.5254901960784313900, 0.5254901960784313900 ) ;
#3612 = FACE_OUTER_BOUND ( 'NONE', #1082, .T. ) ;
#3611 = AXIS2_PLACEMENT_3D ( 'NONE', #4407, #4409, #4411 ) ;
#3613 = PRESENTATION_LAYER_ASSIGNMENT (  '', '', ( #3609 ) ) ;
#3614 = SURFACE_STYLE_FILL_AREA ( #2284 ) ;
#3615 = MECHANICAL_DESIGN_GEOMETRIC_PRESENTATION_REPRESENTATION (  '', ( #3609 ), #3617 ) ;
#3616 = COLOUR_RGB ( '',0.5254901960784313900, 0.5254901960784313900, 0.5254901960784313900 ) ;
#3617 =( GEOMETRIC_REPRESENTATION_CONTEXT ( 3 ) GLOBAL_UNCERTAINTY_ASSIGNED_CONTEXT ( ( #4166 ) ) GLOBAL_UNIT_ASSIGNED_CONTEXT ( ( #4423, #4424, #4425 ) ) REPRESENTATION_CONTEXT ( 'NONE', 'WORKASPACE' ) );
#3618 = SURFACE_STYLE_FILL_AREA ( #2318 ) ;
#3619 = SURFACE_STYLE_FILL_AREA ( #2295 ) ;
#3620 = STYLED_ITEM ( 'NONE', ( #2941 ), #3018 ) ;
#3621 = AXIS2_PLACEMENT_3D ( 'NONE', #4426, #4427, #4428 ) ;
#3622 = PRESENTATION_STYLE_ASSIGNMENT (( #2293 ) ) ;
#3623 = PRESENTATION_LAYER_ASSIGNMENT (  '', '', ( #3620 ) ) ;
#3624 = MECHANICAL_DESIGN_GEOMETRIC_PRESENTATION_REPRESENTATION (  '', ( #3620 ), #3625 ) ;
#3625 =( GEOMETRIC_REPRESENTATION_CONTEXT ( 3 ) GLOBAL_UNCERTAINTY_ASSIGNED_CONTEXT ( ( #4167 ) ) GLOBAL_UNIT_ASSIGNED_CONTEXT ( ( #4434, #4435, #4437 ) ) REPRESENTATION_CONTEXT ( 'NONE', 'WORKASPACE' ) );
#3626 = STYLED_ITEM ( 'NONE', ( #996 ), #3019 ) ;
#3627 = AXIS2_PLACEMENT_3D ( 'NONE', #4440, #4441, #4442 ) ;
#3628 = COLOUR_RGB ( '',0.5254901960784313900, 0.5254901960784313900, 0.5254901960784313900 ) ;
#3629 = PRESENTATION_LAYER_ASSIGNMENT (  '', '', ( #3626 ) ) ;
#3630 = MECHANICAL_DESIGN_GEOMETRIC_PRESENTATION_REPRESENTATION (  '', ( #3626 ), #3631 ) ;
#3631 =( GEOMETRIC_REPRESENTATION_CONTEXT ( 3 ) GLOBAL_UNCERTAINTY_ASSIGNED_CONTEXT ( ( #4168 ) ) GLOBAL_UNIT_ASSIGNED_CONTEXT ( ( #4449, #4450, #4451 ) ) REPRESENTATION_CONTEXT ( 'NONE', 'WORKASPACE' ) );
#3632 = STYLED_ITEM ( 'NONE', ( #95 ), #3020 ) ;
#3633 = AXIS2_PLACEMENT_3D ( 'NONE', #4452, #4453, #4454 ) ;
#3634 = PRESENTATION_LAYER_ASSIGNMENT (  '', '', ( #3632 ) ) ;
#3635 = SURFACE_STYLE_FILL_AREA ( #2386 ) ;
#3636 = MECHANICAL_DESIGN_GEOMETRIC_PRESENTATION_REPRESENTATION (  '', ( #3632 ), #3637 ) ;
#3637 =( GEOMETRIC_REPRESENTATION_CONTEXT ( 3 ) GLOBAL_UNCERTAINTY_ASSIGNED_CONTEXT ( ( #4169 ) ) GLOBAL_UNIT_ASSIGNED_CONTEXT ( ( #4460, #4461, #4462 ) ) REPRESENTATION_CONTEXT ( 'NONE', 'WORKASPACE' ) );
#3638 = STYLED_ITEM ( 'NONE', ( #99 ), #3021 ) ;
#3639 = AXIS2_PLACEMENT_3D ( 'NONE', #4463, #4464, #4465 ) ;
#3640 = PRESENTATION_LAYER_ASSIGNMENT (  '', '', ( #3638 ) ) ;
#3641 = MECHANICAL_DESIGN_GEOMETRIC_PRESENTATION_REPRESENTATION (  '', ( #3638 ), #3643 ) ;
#3642 = VECTOR ( 'NONE', #2547, 1000.000000000000000 ) ;
#3643 =( GEOMETRIC_REPRESENTATION_CONTEXT ( 3 ) GLOBAL_UNCERTAINTY_ASSIGNED_CONTEXT ( ( #4170 ) ) GLOBAL_UNIT_ASSIGNED_CONTEXT ( ( #4471, #4472, #4473 ) ) REPRESENTATION_CONTEXT ( 'NONE', 'WORKASPACE' ) );
#3644 = STYLED_ITEM ( 'NONE', ( #103 ), #3022 ) ;
#3645 = AXIS2_PLACEMENT_3D ( 'NONE', #4474, #4475, #4476 ) ;
#3646 = PRESENTATION_LAYER_ASSIGNMENT (  '', '', ( #3644 ) ) ;
#3647 = MECHANICAL_DESIGN_GEOMETRIC_PRESENTATION_REPRESENTATION (  '', ( #3644 ), #3648 ) ;
#3648 =( GEOMETRIC_REPRESENTATION_CONTEXT ( 3 ) GLOBAL_UNCERTAINTY_ASSIGNED_CONTEXT ( ( #4171 ) ) GLOBAL_UNIT_ASSIGNED_CONTEXT ( ( #4483, #4484, #4485 ) ) REPRESENTATION_CONTEXT ( 'NONE', 'WORKASPACE' ) );
#3650 = PRESENTATION_STYLE_ASSIGNMENT (( #2384 ) ) ;
#3649 = STYLED_ITEM ( 'NONE', ( #107 ), #3023 ) ;
#3651 = AXIS2_PLACEMENT_3D ( 'NONE', #4486, #4487, #4488 ) ;
#3652 = PRESENTATION_LAYER_ASSIGNMENT (  '', '', ( #3649 ) ) ;
#3653 = COLOUR_RGB ( '',0.0000000000000000000, 0.0000000000000000000, 0.0000000000000000000 ) ;
#3654 = MECHANICAL_DESIGN_GEOMETRIC_PRESENTATION_REPRESENTATION (  '', ( #3649 ), #3655 ) ;
#3655 =( GEOMETRIC_REPRESENTATION_CONTEXT ( 3 ) GLOBAL_UNCERTAINTY_ASSIGNED_CONTEXT ( ( #4172 ) ) GLOBAL_UNIT_ASSIGNED_CONTEXT ( ( #4495, #4496, #4497 ) ) REPRESENTATION_CONTEXT ( 'NONE', 'WORKASPACE' ) );
#3656 = COLOUR_RGB ( '',0.0000000000000000000, 0.0000000000000000000, 0.0000000000000000000 ) ;
#3657 = PRESENTATION_LAYER_ASSIGNMENT (  '', '', ( #3658 ) ) ;
#3658 = STYLED_ITEM ( 'NONE', ( #112 ), #3024 ) ;
#3659 = AXIS2_PLACEMENT_3D ( 'NONE', #4489, #4477, #4498 ) ;
#3660 = MECHANICAL_DESIGN_GEOMETRIC_PRESENTATION_REPRESENTATION (  '', ( #3658 ), #3661 ) ;
#3661 =( GEOMETRIC_REPRESENTATION_CONTEXT ( 3 ) GLOBAL_UNCERTAINTY_ASSIGNED_CONTEXT ( ( #4173 ) ) GLOBAL_UNIT_ASSIGNED_CONTEXT ( ( #4505, #4506, #4507 ) ) REPRESENTATION_CONTEXT ( 'NONE', 'WORKASPACE' ) );
#3662 = PRESENTATION_LAYER_ASSIGNMENT (  '', '', ( #3664 ) ) ;
#3663 = SURFACE_STYLE_FILL_AREA ( #2410 ) ;
#3664 = STYLED_ITEM ( 'NONE', ( #117 ), #3025 ) ;
#3665 = FACE_OUTER_BOUND ( 'NONE', #3191, .T. ) ;
#3666 = AXIS2_PLACEMENT_3D ( 'NONE', #4499, #4500, #4508 ) ;
#3667 = MECHANICAL_DESIGN_GEOMETRIC_PRESENTATION_REPRESENTATION (  '', ( #3664 ), #3668 ) ;
#3668 =( GEOMETRIC_REPRESENTATION_CONTEXT ( 3 ) GLOBAL_UNCERTAINTY_ASSIGNED_CONTEXT ( ( #4174 ) ) GLOBAL_UNIT_ASSIGNED_CONTEXT ( ( #4515, #4516, #4517 ) ) REPRESENTATION_CONTEXT ( 'NONE', 'WORKASPACE' ) );
#3669 = PRESENTATION_LAYER_ASSIGNMENT (  '', '', ( #3670 ) ) ;
#3670 = STYLED_ITEM ( 'NONE', ( #122 ), #3026 ) ;
#3671 = AXIS2_PLACEMENT_3D ( 'NONE', #4509, #4510, #4518 ) ;
#3672 = MECHANICAL_DESIGN_GEOMETRIC_PRESENTATION_REPRESENTATION (  '', ( #3670 ), #3673 ) ;
#3673 =( GEOMETRIC_REPRESENTATION_CONTEXT ( 3 ) GLOBAL_UNCERTAINTY_ASSIGNED_CONTEXT ( ( #4175 ) ) GLOBAL_UNIT_ASSIGNED_CONTEXT ( ( #4525, #4526, #4527 ) ) REPRESENTATION_CONTEXT ( 'NONE', 'WORKASPACE' ) );
#3674 = PRESENTATION_LAYER_ASSIGNMENT (  '', '', ( #3675 ) ) ;
#3675 = STYLED_ITEM ( 'NONE', ( #127 ), #3027 ) ;
#3676 = AXIS2_PLACEMENT_3D ( 'NONE', #4519, #4520, #4528 ) ;
#3677 = MECHANICAL_DESIGN_GEOMETRIC_PRESENTATION_REPRESENTATION (  '', ( #3675 ), #3678 ) ;
#3678 =( GEOMETRIC_REPRESENTATION_CONTEXT ( 3 ) GLOBAL_UNCERTAINTY_ASSIGNED_CONTEXT ( ( #4176 ) ) GLOBAL_UNIT_ASSIGNED_CONTEXT ( ( #4535, #4536, #4537 ) ) REPRESENTATION_CONTEXT ( 'NONE', 'WORKASPACE' ) );
#3679 = PRESENTATION_LAYER_ASSIGNMENT (  '', '', ( #3680 ) ) ;
#3680 = STYLED_ITEM ( 'NONE', ( #132 ), #3028 ) ;
#3681 = AXIS2_PLACEMENT_3D ( 'NONE', #4529, #4530, #4538 ) ;
#3682 = MECHANICAL_DESIGN_GEOMETRIC_PRESENTATION_REPRESENTATION (  '', ( #3680 ), #3683 ) ;
#3683 =( GEOMETRIC_REPRESENTATION_CONTEXT ( 3 ) GLOBAL_UNCERTAINTY_ASSIGNED_CONTEXT ( ( #4177 ) ) GLOBAL_UNIT_ASSIGNED_CONTEXT ( ( #4545, #4546, #4547 ) ) REPRESENTATION_CONTEXT ( 'NONE', 'WORKASPACE' ) );
#3684 = PRESENTATION_LAYER_ASSIGNMENT (  '', '', ( #3685 ) ) ;
#3685 = STYLED_ITEM ( 'NONE', ( #137 ), #3029 ) ;
#3686 = AXIS2_PLACEMENT_3D ( 'NONE', #4539, #4540, #4548 ) ;
#3687 = MECHANICAL_DESIGN_GEOMETRIC_PRESENTATION_REPRESENTATION (  '', ( #3685 ), #3688 ) ;
#3688 =( GEOMETRIC_REPRESENTATION_CONTEXT ( 3 ) GLOBAL_UNCERTAINTY_ASSIGNED_CONTEXT ( ( #4178 ) ) GLOBAL_UNIT_ASSIGNED_CONTEXT ( ( #4555, #4556, #4557 ) ) REPRESENTATION_CONTEXT ( 'NONE', 'WORKASPACE' ) );
#3689 = PRESENTATION_LAYER_ASSIGNMENT (  '', '', ( #3690 ) ) ;
#3690 = STYLED_ITEM ( 'NONE', ( #142 ), #3030 ) ;
#3691 = AXIS2_PLACEMENT_3D ( 'NONE', #4549, #4550, #4558 ) ;
#3692 = MECHANICAL_DESIGN_GEOMETRIC_PRESENTATION_REPRESENTATION (  '', ( #3690 ), #3693 ) ;
#3693 =( GEOMETRIC_REPRESENTATION_CONTEXT ( 3 ) GLOBAL_UNCERTAINTY_ASSIGNED_CONTEXT ( ( #4179 ) ) GLOBAL_UNIT_ASSIGNED_CONTEXT ( ( #4565, #4566, #4567 ) ) REPRESENTATION_CONTEXT ( 'NONE', 'WORKASPACE' ) );
#3694 = PRESENTATION_LAYER_ASSIGNMENT (  '', '', ( #3695 ) ) ;
#3695 = STYLED_ITEM ( 'NONE', ( #147 ), #3031 ) ;
#3696 = AXIS2_PLACEMENT_3D ( 'NONE', #4559, #4560, #4568 ) ;
#3697 = MECHANICAL_DESIGN_GEOMETRIC_PRESENTATION_REPRESENTATION (  '', ( #3695 ), #3698 ) ;
#3698 =( GEOMETRIC_REPRESENTATION_CONTEXT ( 3 ) GLOBAL_UNCERTAINTY_ASSIGNED_CONTEXT ( ( #4180 ) ) GLOBAL_UNIT_ASSIGNED_CONTEXT ( ( #4574, #4575, #4576 ) ) REPRESENTATION_CONTEXT ( 'NONE', 'WORKASPACE' ) );
#3699 = STYLED_ITEM ( 'NONE', ( #150 ), #3032 ) ;
#3700 = PRESENTATION_LAYER_ASSIGNMENT (  '', '', ( #3699 ) ) ;
#3701 = MECHANICAL_DESIGN_GEOMETRIC_PRESENTATION_REPRESENTATION (  '', ( #3699 ), #3702 ) ;
#3702 =( GEOMETRIC_REPRESENTATION_CONTEXT ( 3 ) GLOBAL_UNCERTAINTY_ASSIGNED_CONTEXT ( ( #4182 ) ) GLOBAL_UNIT_ASSIGNED_CONTEXT ( ( #4631, #4632, #4633 ) ) REPRESENTATION_CONTEXT ( 'NONE', 'WORKASPACE' ) );
#3703 = AXIS2_PLACEMENT_3D ( 'NONE', #4726, #4727, #4728 ) ;
#3704 = AXIS2_PLACEMENT_3D ( 'NONE', #4729, #4730, #4731 ) ;
#3705 = AXIS2_PLACEMENT_3D ( 'NONE', #4734, #4735, #4736 ) ;
#3706 = AXIS2_PLACEMENT_3D ( 'NONE', #4759, #4760, #4762 ) ;
#3707 = AXIS2_PLACEMENT_3D ( 'NONE', #4774, #4776, #4778 ) ;
#3708 = AXIS2_PLACEMENT_3D ( 'NONE', #4822, #4824, #4826 ) ;
#3709 = AXIS2_PLACEMENT_3D ( 'NONE', #4860, #4862, #4864 ) ;
#3710 = AXIS2_PLACEMENT_3D ( 'NONE', #4890, #4891, #4892 ) ;
#3711 = AXIS2_PLACEMENT_3D ( 'NONE', #4894, #4895, #4896 ) ;
#3712 = AXIS2_PLACEMENT_3D ( 'NONE', #4904, #4905, #4906 ) ;
#3713 = AXIS2_PLACEMENT_3D ( 'NONE', #4913, #4914, #4915 ) ;
#3714 = AXIS2_PLACEMENT_3D ( 'NONE', #4930, #4931, #4932 ) ;
#3715 = AXIS2_PLACEMENT_3D ( 'NONE', #4947, #4948, #4949 ) ;
#3716 = AXIS2_PLACEMENT_3D ( 'NONE', #4975, #4976, #4977 ) ;
#3717 = AXIS2_PLACEMENT_3D ( 'NONE', #508, #509, #510 ) ;
#3718 = AXIS2_PLACEMENT_3D ( 'NONE', #517, #518, #519 ) ;
#3719 = AXIS2_PLACEMENT_3D ( 'NONE', #522, #523, #524 ) ;
#3720 = AXIS2_PLACEMENT_3D ( 'NONE', #553, #554, #555 ) ;
#3721 = AXIS2_PLACEMENT_3D ( 'NONE', #580, #581, #582 ) ;
#3722 = AXIS2_PLACEMENT_3D ( 'NONE', #622, #623, #624 ) ;
#3723 = AXIS2_PLACEMENT_3D ( 'NONE', #665, #666, #667 ) ;
#3724 = AXIS2_PLACEMENT_3D ( 'NONE', #670, #671, #672 ) ;
#3725 = AXIS2_PLACEMENT_3D ( 'NONE', #682, #683, #684 ) ;
#3726 = AXIS2_PLACEMENT_3D ( 'NONE', #711, #712, #713 ) ;
#3727 = AXIS2_PLACEMENT_3D ( 'NONE', #716, #717, #718 ) ;
#3728 = AXIS2_PLACEMENT_3D ( 'NONE', #757, #758, #759 ) ;
#3729 = AXIS2_PLACEMENT_3D ( 'NONE', #772, #773, #774 ) ;
#3730 = AXIS2_PLACEMENT_3D ( 'NONE', #793, #794, #795 ) ;
#3731 = AXIS2_PLACEMENT_3D ( 'NONE', #831, #832, #833 ) ;
#3732 = AXIS2_PLACEMENT_3D ( 'NONE', #857, #858, #859 ) ;
#3733 = AXIS2_PLACEMENT_3D ( 'NONE', #902, #903, #904 ) ;
#3734 = AXIS2_PLACEMENT_3D ( 'NONE', #936, #937, #938 ) ;
#3735 = AXIS2_PLACEMENT_3D ( 'NONE', #941, #942, #943 ) ;
#3736 = AXIS2_PLACEMENT_3D ( 'NONE', #946, #947, #948 ) ;
#3737 = AXIS2_PLACEMENT_3D ( 'NONE', #1256, #1257, #1258 ) ;
#3738 = AXIS2_PLACEMENT_3D ( 'NONE', #1261, #1262, #1263 ) ;
#3739 = STYLED_ITEM ( 'NONE', ( #491 ), #4117 ) ;
#3740 = PRESENTATION_LAYER_ASSIGNMENT (  '', '', ( #3739 ) ) ;
#3741 = MECHANICAL_DESIGN_GEOMETRIC_PRESENTATION_REPRESENTATION (  '', ( #3739 ), #3742 ) ;
#3742 =( GEOMETRIC_REPRESENTATION_CONTEXT ( 3 ) GLOBAL_UNCERTAINTY_ASSIGNED_CONTEXT ( ( #40 ) ) GLOBAL_UNIT_ASSIGNED_CONTEXT ( ( #1300, #1301, #1302 ) ) REPRESENTATION_CONTEXT ( 'NONE', 'WORKASPACE' ) );
#3743 = STYLED_ITEM ( 'NONE', ( #492 ), #4118 ) ;
#3744 = PRESENTATION_LAYER_ASSIGNMENT (  '', '', ( #3743 ) ) ;
#3745 = MECHANICAL_DESIGN_GEOMETRIC_PRESENTATION_REPRESENTATION (  '', ( #3743 ), #3746 ) ;
#3746 =( GEOMETRIC_REPRESENTATION_CONTEXT ( 3 ) GLOBAL_UNCERTAINTY_ASSIGNED_CONTEXT ( ( #42 ) ) GLOBAL_UNIT_ASSIGNED_CONTEXT ( ( #1349, #1350, #1351 ) ) REPRESENTATION_CONTEXT ( 'NONE', 'WORKASPACE' ) );
#3747 = STYLED_ITEM ( 'NONE', ( #1832 ), #4119 ) ;
#3748 = PRESENTATION_LAYER_ASSIGNMENT (  '', '', ( #3747 ) ) ;
#3749 = MECHANICAL_DESIGN_GEOMETRIC_PRESENTATION_REPRESENTATION (  '', ( #3747 ), #3750 ) ;
#3750 =( GEOMETRIC_REPRESENTATION_CONTEXT ( 3 ) GLOBAL_UNCERTAINTY_ASSIGNED_CONTEXT ( ( #44 ) ) GLOBAL_UNIT_ASSIGNED_CONTEXT ( ( #1398, #1399, #1400 ) ) REPRESENTATION_CONTEXT ( 'NONE', 'WORKASPACE' ) );
#3751 = STYLED_ITEM ( 'NONE', ( #1833 ), #4120 ) ;
#3752 = PRESENTATION_LAYER_ASSIGNMENT (  '', '', ( #3751 ) ) ;
#3753 = MECHANICAL_DESIGN_GEOMETRIC_PRESENTATION_REPRESENTATION (  '', ( #3751 ), #3754 ) ;
#3754 =( GEOMETRIC_REPRESENTATION_CONTEXT ( 3 ) GLOBAL_UNCERTAINTY_ASSIGNED_CONTEXT ( ( #46 ) ) GLOBAL_UNIT_ASSIGNED_CONTEXT ( ( #1453, #1454, #1455 ) ) REPRESENTATION_CONTEXT ( 'NONE', 'WORKASPACE' ) );
#3755 = STYLED_ITEM ( 'NONE', ( #1837 ), #4121 ) ;
#3756 = PRESENTATION_LAYER_ASSIGNMENT (  '', '', ( #3755 ) ) ;
#3757 = MECHANICAL_DESIGN_GEOMETRIC_PRESENTATION_REPRESENTATION (  '', ( #3755 ), #3758 ) ;
#3758 =( GEOMETRIC_REPRESENTATION_CONTEXT ( 3 ) GLOBAL_UNCERTAINTY_ASSIGNED_CONTEXT ( ( #48 ) ) GLOBAL_UNIT_ASSIGNED_CONTEXT ( ( #1508, #1509, #1510 ) ) REPRESENTATION_CONTEXT ( 'NONE', 'WORKASPACE' ) );
#3759 = STYLED_ITEM ( 'NONE', ( #1841 ), #4122 ) ;
#3760 = PRESENTATION_LAYER_ASSIGNMENT (  '', '', ( #3759 ) ) ;
#3761 = MECHANICAL_DESIGN_GEOMETRIC_PRESENTATION_REPRESENTATION (  '', ( #3759 ), #3762 ) ;
#3762 =( GEOMETRIC_REPRESENTATION_CONTEXT ( 3 ) GLOBAL_UNCERTAINTY_ASSIGNED_CONTEXT ( ( #50 ) ) GLOBAL_UNIT_ASSIGNED_CONTEXT ( ( #1557, #1558, #1559 ) ) REPRESENTATION_CONTEXT ( 'NONE', 'WORKASPACE' ) );
#3763 = STYLED_ITEM ( 'NONE', ( #1845 ), #4123 ) ;
#3764 = PRESENTATION_LAYER_ASSIGNMENT (  '', '', ( #3763 ) ) ;
#3765 = MECHANICAL_DESIGN_GEOMETRIC_PRESENTATION_REPRESENTATION (  '', ( #3763 ), #3766 ) ;
#3766 =( GEOMETRIC_REPRESENTATION_CONTEXT ( 3 ) GLOBAL_UNCERTAINTY_ASSIGNED_CONTEXT ( ( #52 ) ) GLOBAL_UNIT_ASSIGNED_CONTEXT ( ( #1607, #1608, #1609 ) ) REPRESENTATION_CONTEXT ( 'NONE', 'WORKASPACE' ) );
#3767 = PRESENTATION_LAYER_ASSIGNMENT (  '', '', ( #3768 ) ) ;
#3768 = STYLED_ITEM ( 'NONE', ( #1851 ), #4124 ) ;
#3769 = AXIS2_PLACEMENT_3D ( 'NONE', #1601, #1602, #1610 ) ;
#3770 = MECHANICAL_DESIGN_GEOMETRIC_PRESENTATION_REPRESENTATION (  '', ( #3768 ), #3771 ) ;
#3771 =( GEOMETRIC_REPRESENTATION_CONTEXT ( 3 ) GLOBAL_UNCERTAINTY_ASSIGNED_CONTEXT ( ( #53 ) ) GLOBAL_UNIT_ASSIGNED_CONTEXT ( ( #1617, #1618, #1619 ) ) REPRESENTATION_CONTEXT ( 'NONE', 'WORKASPACE' ) );
#3772 = PRESENTATION_LAYER_ASSIGNMENT (  '', '', ( #3773 ) ) ;
#3773 = STYLED_ITEM ( 'NONE', ( #1856 ), #4125 ) ;
#3774 = AXIS2_PLACEMENT_3D ( 'NONE', #1611, #1612, #1620 ) ;
#3775 = MECHANICAL_DESIGN_GEOMETRIC_PRESENTATION_REPRESENTATION (  '', ( #3773 ), #3776 ) ;
#3776 =( GEOMETRIC_REPRESENTATION_CONTEXT ( 3 ) GLOBAL_UNCERTAINTY_ASSIGNED_CONTEXT ( ( #54 ) ) GLOBAL_UNIT_ASSIGNED_CONTEXT ( ( #1627, #1628, #1629 ) ) REPRESENTATION_CONTEXT ( 'NONE', 'WORKASPACE' ) );
#3777 = PRESENTATION_LAYER_ASSIGNMENT (  '', '', ( #3778 ) ) ;
#3778 = STYLED_ITEM ( 'NONE', ( #1861 ), #4126 ) ;
#3779 = AXIS2_PLACEMENT_3D ( 'NONE', #1621, #1622, #1630 ) ;
#3780 = MECHANICAL_DESIGN_GEOMETRIC_PRESENTATION_REPRESENTATION (  '', ( #3778 ), #3781 ) ;
#3781 =( GEOMETRIC_REPRESENTATION_CONTEXT ( 3 ) GLOBAL_UNCERTAINTY_ASSIGNED_CONTEXT ( ( #55 ) ) GLOBAL_UNIT_ASSIGNED_CONTEXT ( ( #1637, #1638, #1639 ) ) REPRESENTATION_CONTEXT ( 'NONE', 'WORKASPACE' ) );
#3782 = PRESENTATION_LAYER_ASSIGNMENT (  '', '', ( #3783 ) ) ;
#3783 = STYLED_ITEM ( 'NONE', ( #1866 ), #4127 ) ;
#3784 = AXIS2_PLACEMENT_3D ( 'NONE', #1631, #1632, #1640 ) ;
#3785 = MECHANICAL_DESIGN_GEOMETRIC_PRESENTATION_REPRESENTATION (  '', ( #3783 ), #3786 ) ;
#3786 =( GEOMETRIC_REPRESENTATION_CONTEXT ( 3 ) GLOBAL_UNCERTAINTY_ASSIGNED_CONTEXT ( ( #56 ) ) GLOBAL_UNIT_ASSIGNED_CONTEXT ( ( #1647, #1648, #1649 ) ) REPRESENTATION_CONTEXT ( 'NONE', 'WORKASPACE' ) );
#3787 = PRESENTATION_LAYER_ASSIGNMENT (  '', '', ( #3788 ) ) ;
#3788 = STYLED_ITEM ( 'NONE', ( #1871 ), #4128 ) ;
#3789 = AXIS2_PLACEMENT_3D ( 'NONE', #1641, #1642, #1650 ) ;
#3790 = MECHANICAL_DESIGN_GEOMETRIC_PRESENTATION_REPRESENTATION (  '', ( #3788 ), #3791 ) ;
#3791 =( GEOMETRIC_REPRESENTATION_CONTEXT ( 3 ) GLOBAL_UNCERTAINTY_ASSIGNED_CONTEXT ( ( #57 ) ) GLOBAL_UNIT_ASSIGNED_CONTEXT ( ( #1657, #1658, #1659 ) ) REPRESENTATION_CONTEXT ( 'NONE', 'WORKASPACE' ) );
#3792 = PRESENTATION_LAYER_ASSIGNMENT (  '', '', ( #3793 ) ) ;
#3793 = STYLED_ITEM ( 'NONE', ( #1876 ), #4129 ) ;
#3794 = AXIS2_PLACEMENT_3D ( 'NONE', #1651, #1652, #1660 ) ;
#3795 = MECHANICAL_DESIGN_GEOMETRIC_PRESENTATION_REPRESENTATION (  '', ( #3793 ), #3796 ) ;
#3796 =( GEOMETRIC_REPRESENTATION_CONTEXT ( 3 ) GLOBAL_UNCERTAINTY_ASSIGNED_CONTEXT ( ( #58 ) ) GLOBAL_UNIT_ASSIGNED_CONTEXT ( ( #1667, #1668, #1669 ) ) REPRESENTATION_CONTEXT ( 'NONE', 'WORKASPACE' ) );
#3797 = PRESENTATION_LAYER_ASSIGNMENT (  '', '', ( #3798 ) ) ;
#3798 = STYLED_ITEM ( 'NONE', ( #1881 ), #4130 ) ;
#3799 = AXIS2_PLACEMENT_3D ( 'NONE', #1661, #1662, #1670 ) ;
#3800 = MECHANICAL_DESIGN_GEOMETRIC_PRESENTATION_REPRESENTATION (  '', ( #3798 ), #3801 ) ;
#3801 =( GEOMETRIC_REPRESENTATION_CONTEXT ( 3 ) GLOBAL_UNCERTAINTY_ASSIGNED_CONTEXT ( ( #59 ) ) GLOBAL_UNIT_ASSIGNED_CONTEXT ( ( #1677, #1678, #1679 ) ) REPRESENTATION_CONTEXT ( 'NONE', 'WORKASPACE' ) );
#3802 = PRESENTATION_LAYER_ASSIGNMENT (  '', '', ( #3803 ) ) ;
#3803 = STYLED_ITEM ( 'NONE', ( #1886 ), #4131 ) ;
#3804 = AXIS2_PLACEMENT_3D ( 'NONE', #1671, #1672, #1680 ) ;
#3805 = MECHANICAL_DESIGN_GEOMETRIC_PRESENTATION_REPRESENTATION (  '', ( #3803 ), #3806 ) ;
#3806 =( GEOMETRIC_REPRESENTATION_CONTEXT ( 3 ) GLOBAL_UNCERTAINTY_ASSIGNED_CONTEXT ( ( #60 ) ) GLOBAL_UNIT_ASSIGNED_CONTEXT ( ( #1687, #1688, #1689 ) ) REPRESENTATION_CONTEXT ( 'NONE', 'WORKASPACE' ) );
#3807 = STYLED_ITEM ( 'NONE', ( #1890 ), #4132 ) ;
#3808 = AXIS2_PLACEMENT_3D ( 'NONE', #1690, #1691, #1692 ) ;
#3809 = PRESENTATION_LAYER_ASSIGNMENT (  '', '', ( #3807 ) ) ;
#3810 = MECHANICAL_DESIGN_GEOMETRIC_PRESENTATION_REPRESENTATION (  '', ( #3807 ), #3811 ) ;
#3811 =( GEOMETRIC_REPRESENTATION_CONTEXT ( 3 ) GLOBAL_UNCERTAINTY_ASSIGNED_CONTEXT ( ( #61 ) ) GLOBAL_UNIT_ASSIGNED_CONTEXT ( ( #1698, #1699, #1700 ) ) REPRESENTATION_CONTEXT ( 'NONE', 'WORKASPACE' ) );
#3812 = STYLED_ITEM ( 'NONE', ( #1894 ), #4133 ) ;
#3813 = AXIS2_PLACEMENT_3D ( 'NONE', #1701, #1702, #1703 ) ;
#3814 = PRESENTATION_LAYER_ASSIGNMENT (  '', '', ( #3812 ) ) ;
#3815 = MECHANICAL_DESIGN_GEOMETRIC_PRESENTATION_REPRESENTATION (  '', ( #3812 ), #3816 ) ;
#3816 =( GEOMETRIC_REPRESENTATION_CONTEXT ( 3 ) GLOBAL_UNCERTAINTY_ASSIGNED_CONTEXT ( ( #62 ) ) GLOBAL_UNIT_ASSIGNED_CONTEXT ( ( #1709, #1710, #1711 ) ) REPRESENTATION_CONTEXT ( 'NONE', 'WORKASPACE' ) );
#3817 = PRESENTATION_LAYER_ASSIGNMENT (  '', '', ( #3818 ) ) ;
#3818 = STYLED_ITEM ( 'NONE', ( #1899 ), #4134 ) ;
#3819 = AXIS2_PLACEMENT_3D ( 'NONE', #1704, #1693, #1712 ) ;
#3820 = MECHANICAL_DESIGN_GEOMETRIC_PRESENTATION_REPRESENTATION (  '', ( #3818 ), #3821 ) ;
#3821 =( GEOMETRIC_REPRESENTATION_CONTEXT ( 3 ) GLOBAL_UNCERTAINTY_ASSIGNED_CONTEXT ( ( #63 ) ) GLOBAL_UNIT_ASSIGNED_CONTEXT ( ( #1719, #1720, #1721 ) ) REPRESENTATION_CONTEXT ( 'NONE', 'WORKASPACE' ) );
#3822 = STYLED_ITEM ( 'NONE', ( #1903 ), #4135 ) ;
#3823 = AXIS2_PLACEMENT_3D ( 'NONE', #1722, #1723, #1724 ) ;
#3824 = PRESENTATION_LAYER_ASSIGNMENT (  '', '', ( #3822 ) ) ;
#3825 = MECHANICAL_DESIGN_GEOMETRIC_PRESENTATION_REPRESENTATION (  '', ( #3822 ), #3826 ) ;
#3826 =( GEOMETRIC_REPRESENTATION_CONTEXT ( 3 ) GLOBAL_UNCERTAINTY_ASSIGNED_CONTEXT ( ( #64 ) ) GLOBAL_UNIT_ASSIGNED_CONTEXT ( ( #1730, #1731, #1732 ) ) REPRESENTATION_CONTEXT ( 'NONE', 'WORKASPACE' ) );
#3827 = STYLED_ITEM ( 'NONE', ( #1907 ), #4136 ) ;
#3828 = AXIS2_PLACEMENT_3D ( 'NONE', #1733, #1734, #1735 ) ;
#3829 = PRESENTATION_LAYER_ASSIGNMENT (  '', '', ( #3827 ) ) ;
#3830 = MECHANICAL_DESIGN_GEOMETRIC_PRESENTATION_REPRESENTATION (  '', ( #3827 ), #3831 ) ;
#3831 =( GEOMETRIC_REPRESENTATION_CONTEXT ( 3 ) GLOBAL_UNCERTAINTY_ASSIGNED_CONTEXT ( ( #65 ) ) GLOBAL_UNIT_ASSIGNED_CONTEXT ( ( #1741, #1742, #1743 ) ) REPRESENTATION_CONTEXT ( 'NONE', 'WORKASPACE' ) );
#3832 = PRESENTATION_LAYER_ASSIGNMENT (  '', '', ( #3833 ) ) ;
#3833 = STYLED_ITEM ( 'NONE', ( #1912 ), #4137 ) ;
#3834 = AXIS2_PLACEMENT_3D ( 'NONE', #1736, #1725, #1744 ) ;
#3835 = MECHANICAL_DESIGN_GEOMETRIC_PRESENTATION_REPRESENTATION (  '', ( #3833 ), #3836 ) ;
#3836 =( GEOMETRIC_REPRESENTATION_CONTEXT ( 3 ) GLOBAL_UNCERTAINTY_ASSIGNED_CONTEXT ( ( #66 ) ) GLOBAL_UNIT_ASSIGNED_CONTEXT ( ( #1751, #1752, #1753 ) ) REPRESENTATION_CONTEXT ( 'NONE', 'WORKASPACE' ) );
#3837 = STYLED_ITEM ( 'NONE', ( #1916 ), #4138 ) ;
#3838 = AXIS2_PLACEMENT_3D ( 'NONE', #1754, #1755, #1756 ) ;
#3839 = PRESENTATION_LAYER_ASSIGNMENT (  '', '', ( #3837 ) ) ;
#3840 = MECHANICAL_DESIGN_GEOMETRIC_PRESENTATION_REPRESENTATION (  '', ( #3837 ), #3841 ) ;
#3841 =( GEOMETRIC_REPRESENTATION_CONTEXT ( 3 ) GLOBAL_UNCERTAINTY_ASSIGNED_CONTEXT ( ( #67 ) ) GLOBAL_UNIT_ASSIGNED_CONTEXT ( ( #1762, #1763, #1764 ) ) REPRESENTATION_CONTEXT ( 'NONE', 'WORKASPACE' ) );
#3842 = PRESENTATION_LAYER_ASSIGNMENT (  '', '', ( #3843 ) ) ;
#3843 = STYLED_ITEM ( 'NONE', ( #1921 ), #4139 ) ;
#3844 = AXIS2_PLACEMENT_3D ( 'NONE', #1757, #1745, #1765 ) ;
#3845 = MECHANICAL_DESIGN_GEOMETRIC_PRESENTATION_REPRESENTATION (  '', ( #3843 ), #3846 ) ;
#3846 =( GEOMETRIC_REPRESENTATION_CONTEXT ( 3 ) GLOBAL_UNCERTAINTY_ASSIGNED_CONTEXT ( ( #68 ) ) GLOBAL_UNIT_ASSIGNED_CONTEXT ( ( #1772, #1773, #1774 ) ) REPRESENTATION_CONTEXT ( 'NONE', 'WORKASPACE' ) );
#3847 = STYLED_ITEM ( 'NONE', ( #1925 ), #4140 ) ;
#3848 = AXIS2_PLACEMENT_3D ( 'NONE', #1775, #1776, #1777 ) ;
#3849 = PRESENTATION_LAYER_ASSIGNMENT (  '', '', ( #3847 ) ) ;
#3850 = MECHANICAL_DESIGN_GEOMETRIC_PRESENTATION_REPRESENTATION (  '', ( #3847 ), #3851 ) ;
#3851 =( GEOMETRIC_REPRESENTATION_CONTEXT ( 3 ) GLOBAL_UNCERTAINTY_ASSIGNED_CONTEXT ( ( #69 ) ) GLOBAL_UNIT_ASSIGNED_CONTEXT ( ( #1783, #1784, #1785 ) ) REPRESENTATION_CONTEXT ( 'NONE', 'WORKASPACE' ) );
#3852 = STYLED_ITEM ( 'NONE', ( #1929 ), #4141 ) ;
#3853 = AXIS2_PLACEMENT_3D ( 'NONE', #1786, #1787, #1788 ) ;
#3854 = PRESENTATION_LAYER_ASSIGNMENT (  '', '', ( #3852 ) ) ;
#3855 = MECHANICAL_DESIGN_GEOMETRIC_PRESENTATION_REPRESENTATION (  '', ( #3852 ), #3856 ) ;
#3856 =( GEOMETRIC_REPRESENTATION_CONTEXT ( 3 ) GLOBAL_UNCERTAINTY_ASSIGNED_CONTEXT ( ( #70 ) ) GLOBAL_UNIT_ASSIGNED_CONTEXT ( ( #1794, #1795, #1796 ) ) REPRESENTATION_CONTEXT ( 'NONE', 'WORKASPACE' ) );
#3857 = PRESENTATION_LAYER_ASSIGNMENT (  '', '', ( #3858 ) ) ;
#3858 = STYLED_ITEM ( 'NONE', ( #1934 ), #4142 ) ;
#3859 = AXIS2_PLACEMENT_3D ( 'NONE', #1789, #1778, #1797 ) ;
#3860 = MECHANICAL_DESIGN_GEOMETRIC_PRESENTATION_REPRESENTATION (  '', ( #3858 ), #3861 ) ;
#3861 =( GEOMETRIC_REPRESENTATION_CONTEXT ( 3 ) GLOBAL_UNCERTAINTY_ASSIGNED_CONTEXT ( ( #71 ) ) GLOBAL_UNIT_ASSIGNED_CONTEXT ( ( #1804, #1805, #1806 ) ) REPRESENTATION_CONTEXT ( 'NONE', 'WORKASPACE' ) );
#3862 = STYLED_ITEM ( 'NONE', ( #1938 ), #4143 ) ;
#3863 = AXIS2_PLACEMENT_3D ( 'NONE', #1807, #1808, #1809 ) ;
#3864 = PRESENTATION_LAYER_ASSIGNMENT (  '', '', ( #3862 ) ) ;
#3865 = MECHANICAL_DESIGN_GEOMETRIC_PRESENTATION_REPRESENTATION (  '', ( #3862 ), #3866 ) ;
#3866 =( GEOMETRIC_REPRESENTATION_CONTEXT ( 3 ) GLOBAL_UNCERTAINTY_ASSIGNED_CONTEXT ( ( #72 ) ) GLOBAL_UNIT_ASSIGNED_CONTEXT ( ( #1815, #1816, #1817 ) ) REPRESENTATION_CONTEXT ( 'NONE', 'WORKASPACE' ) );
#3867 = STYLED_ITEM ( 'NONE', ( #1942 ), #4144 ) ;
#3868 = AXIS2_PLACEMENT_3D ( 'NONE', #1818, #1819, #1820 ) ;
#3869 = PRESENTATION_LAYER_ASSIGNMENT (  '', '', ( #3867 ) ) ;
#3870 = MECHANICAL_DESIGN_GEOMETRIC_PRESENTATION_REPRESENTATION (  '', ( #3867 ), #3871 ) ;
#3871 =( GEOMETRIC_REPRESENTATION_CONTEXT ( 3 ) GLOBAL_UNCERTAINTY_ASSIGNED_CONTEXT ( ( #73 ) ) GLOBAL_UNIT_ASSIGNED_CONTEXT ( ( #1825, #1826, #1827 ) ) REPRESENTATION_CONTEXT ( 'NONE', 'WORKASPACE' ) );
#3872 = STYLED_ITEM ( 'NONE', ( #1946 ), #4145 ) ;
#3873 = AXIS2_PLACEMENT_3D ( 'NONE', #1828, #989, #2003 ) ;
#3874 = PRESENTATION_LAYER_ASSIGNMENT (  '', '', ( #3872 ) ) ;
#3875 = MECHANICAL_DESIGN_GEOMETRIC_PRESENTATION_REPRESENTATION (  '', ( #3872 ), #3876 ) ;
#3876 =( GEOMETRIC_REPRESENTATION_CONTEXT ( 3 ) GLOBAL_UNCERTAINTY_ASSIGNED_CONTEXT ( ( #74 ) ) GLOBAL_UNIT_ASSIGNED_CONTEXT ( ( #2009, #2010, #2011 ) ) REPRESENTATION_CONTEXT ( 'NONE', 'WORKASPACE' ) );
#3877 = STYLED_ITEM ( 'NONE', ( #1950 ), #4146 ) ;
#3878 = AXIS2_PLACEMENT_3D ( 'NONE', #2013, #2014, #2015 ) ;
#3879 = PRESENTATION_LAYER_ASSIGNMENT (  '', '', ( #3877 ) ) ;
#3880 = MECHANICAL_DESIGN_GEOMETRIC_PRESENTATION_REPRESENTATION (  '', ( #3877 ), #3881 ) ;
#3881 =( GEOMETRIC_REPRESENTATION_CONTEXT ( 3 ) GLOBAL_UNCERTAINTY_ASSIGNED_CONTEXT ( ( #75 ) ) GLOBAL_UNIT_ASSIGNED_CONTEXT ( ( #2021, #2022, #2023 ) ) REPRESENTATION_CONTEXT ( 'NONE', 'WORKASPACE' ) );
#3882 = STYLED_ITEM ( 'NONE', ( #1954 ), #4147 ) ;
#3883 = AXIS2_PLACEMENT_3D ( 'NONE', #2024, #2025, #2026 ) ;
#3884 = PRESENTATION_LAYER_ASSIGNMENT (  '', '', ( #3882 ) ) ;
#3885 = MECHANICAL_DESIGN_GEOMETRIC_PRESENTATION_REPRESENTATION (  '', ( #3882 ), #3886 ) ;
#3886 =( GEOMETRIC_REPRESENTATION_CONTEXT ( 3 ) GLOBAL_UNCERTAINTY_ASSIGNED_CONTEXT ( ( #76 ) ) GLOBAL_UNIT_ASSIGNED_CONTEXT ( ( #2032, #2033, #2034 ) ) REPRESENTATION_CONTEXT ( 'NONE', 'WORKASPACE' ) );
#3887 = PRESENTATION_LAYER_ASSIGNMENT (  '', '', ( #3888 ) ) ;
#3888 = STYLED_ITEM ( 'NONE', ( #1959 ), #4148 ) ;
#3889 = AXIS2_PLACEMENT_3D ( 'NONE', #2027, #2016, #2035 ) ;
#3890 = MECHANICAL_DESIGN_GEOMETRIC_PRESENTATION_REPRESENTATION (  '', ( #3888 ), #3891 ) ;
#3891 =( GEOMETRIC_REPRESENTATION_CONTEXT ( 3 ) GLOBAL_UNCERTAINTY_ASSIGNED_CONTEXT ( ( #77 ) ) GLOBAL_UNIT_ASSIGNED_CONTEXT ( ( #2042, #2043, #2044 ) ) REPRESENTATION_CONTEXT ( 'NONE', 'WORKASPACE' ) );
#3892 = STYLED_ITEM ( 'NONE', ( #1963 ), #4149 ) ;
#3893 = AXIS2_PLACEMENT_3D ( 'NONE', #2045, #2046, #2047 ) ;
#3894 = PRESENTATION_LAYER_ASSIGNMENT (  '', '', ( #3892 ) ) ;
#3895 = MECHANICAL_DESIGN_GEOMETRIC_PRESENTATION_REPRESENTATION (  '', ( #3892 ), #3896 ) ;
#3896 =( GEOMETRIC_REPRESENTATION_CONTEXT ( 3 ) GLOBAL_UNCERTAINTY_ASSIGNED_CONTEXT ( ( #78 ) ) GLOBAL_UNIT_ASSIGNED_CONTEXT ( ( #2053, #2054, #2055 ) ) REPRESENTATION_CONTEXT ( 'NONE', 'WORKASPACE' ) );
#3897 = STYLED_ITEM ( 'NONE', ( #1967 ), #4150 ) ;
#3898 = AXIS2_PLACEMENT_3D ( 'NONE', #2056, #2057, #2058 ) ;
#3899 = PRESENTATION_LAYER_ASSIGNMENT (  '', '', ( #3897 ) ) ;
#3900 = MECHANICAL_DESIGN_GEOMETRIC_PRESENTATION_REPRESENTATION (  '', ( #3897 ), #3901 ) ;
#3901 =( GEOMETRIC_REPRESENTATION_CONTEXT ( 3 ) GLOBAL_UNCERTAINTY_ASSIGNED_CONTEXT ( ( #79 ) ) GLOBAL_UNIT_ASSIGNED_CONTEXT ( ( #2064, #2065, #2066 ) ) REPRESENTATION_CONTEXT ( 'NONE', 'WORKASPACE' ) );
#3902 = PRESENTATION_LAYER_ASSIGNMENT (  '', '', ( #3903 ) ) ;
#3903 = STYLED_ITEM ( 'NONE', ( #1972 ), #4151 ) ;
#3904 = AXIS2_PLACEMENT_3D ( 'NONE', #2059, #2048, #2067 ) ;
#3905 = MECHANICAL_DESIGN_GEOMETRIC_PRESENTATION_REPRESENTATION (  '', ( #3903 ), #3906 ) ;
#3906 =( GEOMETRIC_REPRESENTATION_CONTEXT ( 3 ) GLOBAL_UNCERTAINTY_ASSIGNED_CONTEXT ( ( #80 ) ) GLOBAL_UNIT_ASSIGNED_CONTEXT ( ( #2074, #2075, #2076 ) ) REPRESENTATION_CONTEXT ( 'NONE', 'WORKASPACE' ) );
#3907 = STYLED_ITEM ( 'NONE', ( #1976 ), #4152 ) ;
#3908 = AXIS2_PLACEMENT_3D ( 'NONE', #2077, #2078, #2079 ) ;
#3909 = PRESENTATION_LAYER_ASSIGNMENT (  '', '', ( #3907 ) ) ;
#3910 = MECHANICAL_DESIGN_GEOMETRIC_PRESENTATION_REPRESENTATION (  '', ( #3907 ), #3911 ) ;
#3911 =( GEOMETRIC_REPRESENTATION_CONTEXT ( 3 ) GLOBAL_UNCERTAINTY_ASSIGNED_CONTEXT ( ( #81 ) ) GLOBAL_UNIT_ASSIGNED_CONTEXT ( ( #2085, #2086, #2087 ) ) REPRESENTATION_CONTEXT ( 'NONE', 'WORKASPACE' ) );
#3912 = PRESENTATION_LAYER_ASSIGNMENT (  '', '', ( #3913 ) ) ;
#3913 = STYLED_ITEM ( 'NONE', ( #1981 ), #4153 ) ;
#3914 = AXIS2_PLACEMENT_3D ( 'NONE', #2080, #2068, #2088 ) ;
#3915 = MECHANICAL_DESIGN_GEOMETRIC_PRESENTATION_REPRESENTATION (  '', ( #3913 ), #3916 ) ;
#3916 =( GEOMETRIC_REPRESENTATION_CONTEXT ( 3 ) GLOBAL_UNCERTAINTY_ASSIGNED_CONTEXT ( ( #82 ) ) GLOBAL_UNIT_ASSIGNED_CONTEXT ( ( #2095, #2096, #2097 ) ) REPRESENTATION_CONTEXT ( 'NONE', 'WORKASPACE' ) );
#3917 = STYLED_ITEM ( 'NONE', ( #1985 ), #4154 ) ;
#3918 = AXIS2_PLACEMENT_3D ( 'NONE', #2098, #2099, #2100 ) ;
#3919 = PRESENTATION_LAYER_ASSIGNMENT (  '', '', ( #3917 ) ) ;
#3920 = MECHANICAL_DESIGN_GEOMETRIC_PRESENTATION_REPRESENTATION (  '', ( #3917 ), #3921 ) ;
#3921 =( GEOMETRIC_REPRESENTATION_CONTEXT ( 3 ) GLOBAL_UNCERTAINTY_ASSIGNED_CONTEXT ( ( #83 ) ) GLOBAL_UNIT_ASSIGNED_CONTEXT ( ( #2106, #2107, #2108 ) ) REPRESENTATION_CONTEXT ( 'NONE', 'WORKASPACE' ) );
#3922 = STYLED_ITEM ( 'NONE', ( #1989 ), #4155 ) ;
#3923 = AXIS2_PLACEMENT_3D ( 'NONE', #2109, #2110, #2111 ) ;
#3924 = PRESENTATION_LAYER_ASSIGNMENT (  '', '', ( #3922 ) ) ;
#3925 = MECHANICAL_DESIGN_GEOMETRIC_PRESENTATION_REPRESENTATION (  '', ( #3922 ), #3926 ) ;
#3926 =( GEOMETRIC_REPRESENTATION_CONTEXT ( 3 ) GLOBAL_UNCERTAINTY_ASSIGNED_CONTEXT ( ( #84 ) ) GLOBAL_UNIT_ASSIGNED_CONTEXT ( ( #2117, #2118, #2119 ) ) REPRESENTATION_CONTEXT ( 'NONE', 'WORKASPACE' ) );
#3927 = PRESENTATION_LAYER_ASSIGNMENT (  '', '', ( #3928 ) ) ;
#3928 = STYLED_ITEM ( 'NONE', ( #1994 ), #4156 ) ;
#3929 = AXIS2_PLACEMENT_3D ( 'NONE', #2112, #2101, #2120 ) ;
#3930 = MECHANICAL_DESIGN_GEOMETRIC_PRESENTATION_REPRESENTATION (  '', ( #3928 ), #3931 ) ;
#3931 =( GEOMETRIC_REPRESENTATION_CONTEXT ( 3 ) GLOBAL_UNCERTAINTY_ASSIGNED_CONTEXT ( ( #85 ) ) GLOBAL_UNIT_ASSIGNED_CONTEXT ( ( #2127, #2128, #2129 ) ) REPRESENTATION_CONTEXT ( 'NONE', 'WORKASPACE' ) );
#3932 = STYLED_ITEM ( 'NONE', ( #2190 ), #4157 ) ;
#3933 = AXIS2_PLACEMENT_3D ( 'NONE', #2130, #2131, #2132 ) ;
#3934 = PRESENTATION_LAYER_ASSIGNMENT (  '', '', ( #3932 ) ) ;
#3935 = MECHANICAL_DESIGN_GEOMETRIC_PRESENTATION_REPRESENTATION (  '', ( #3932 ), #3936 ) ;
#3936 =( GEOMETRIC_REPRESENTATION_CONTEXT ( 3 ) GLOBAL_UNCERTAINTY_ASSIGNED_CONTEXT ( ( #86 ) ) GLOBAL_UNIT_ASSIGNED_CONTEXT ( ( #2138, #2139, #2140 ) ) REPRESENTATION_CONTEXT ( 'NONE', 'WORKASPACE' ) );
#3937 = STYLED_ITEM ( 'NONE', ( #2194 ), #4158 ) ;
#3938 = AXIS2_PLACEMENT_3D ( 'NONE', #2141, #2142, #2143 ) ;
#3939 = PRESENTATION_LAYER_ASSIGNMENT (  '', '', ( #3937 ) ) ;
#3940 = MECHANICAL_DESIGN_GEOMETRIC_PRESENTATION_REPRESENTATION (  '', ( #3937 ), #3941 ) ;
#3941 =( GEOMETRIC_REPRESENTATION_CONTEXT ( 3 ) GLOBAL_UNCERTAINTY_ASSIGNED_CONTEXT ( ( #87 ) ) GLOBAL_UNIT_ASSIGNED_CONTEXT ( ( #2148, #2149, #2150 ) ) REPRESENTATION_CONTEXT ( 'NONE', 'WORKASPACE' ) );
#3942 =( GEOMETRIC_REPRESENTATION_CONTEXT ( 3 ) GLOBAL_UNCERTAINTY_ASSIGNED_CONTEXT ( ( #88 ) ) GLOBAL_UNIT_ASSIGNED_CONTEXT ( ( #2154, #2144, #2156 ) ) REPRESENTATION_CONTEXT ( 'NONE', 'WORKASPACE' ) );
#3943 = AXIS2_PLACEMENT_3D ( 'NONE', #2151, #2152, #2153 ) ;
#3944 = AXIS2_PLACEMENT_3D ( 'NONE', #2157, #2158, #2159 ) ;
#3945 = STYLED_ITEM ( 'NONE', ( #2199 ), #89 ) ;
#3946 = PRESENTATION_LAYER_ASSIGNMENT (  '', '', ( #3945 ) ) ;
#3947 = MECHANICAL_DESIGN_GEOMETRIC_PRESENTATION_REPRESENTATION (  '', ( #3945 ), #3948 ) ;
#3948 =( GEOMETRIC_REPRESENTATION_CONTEXT ( 3 ) GLOBAL_UNCERTAINTY_ASSIGNED_CONTEXT ( ( #90 ) ) GLOBAL_UNIT_ASSIGNED_CONTEXT ( ( #2163, #2164, #2165 ) ) REPRESENTATION_CONTEXT ( 'NONE', 'WORKASPACE' ) );
#3949 = AXIS2_PLACEMENT_3D ( 'NONE', #2175, #2176, #2177 ) ;
#3950 = AXIS2_PLACEMENT_3D ( 'NONE', #2166, #2167, #2168 ) ;
#3951 = AXIS2_PLACEMENT_3D ( 'NONE', #2169, #2170, #2171 ) ;
#3952 =( GEOMETRIC_REPRESENTATION_CONTEXT ( 3 ) GLOBAL_UNCERTAINTY_ASSIGNED_CONTEXT ( ( #91 ) ) GLOBAL_UNIT_ASSIGNED_CONTEXT ( ( #2172, #2173, #2174 ) ) REPRESENTATION_CONTEXT ( 'NONE', 'WORKASPACE' ) );
#3953 = PRODUCT_DEFINITION ( 'UNKNOWN', '', #3957, #1998 ) ;
#3954 = PRODUCT_DEFINITION ( 'UNKNOWN', '', #3955, #2000 ) ;
#3955 = PRODUCT_DEFINITION_FORMATION_WITH_SPECIFIED_SOURCE ( 'ANY', '', #1241, .NOT_KNOWN. ) ;
#3956 = PRODUCT_RELATED_PRODUCT_CATEGORY ( 'part', '', ( #1241 ) ) ;
#3957 = PRODUCT_DEFINITION_FORMATION_WITH_SPECIFIED_SOURCE ( 'ANY', '', #1242, .NOT_KNOWN. ) ;
#3958 = PRODUCT_RELATED_PRODUCT_CATEGORY ( 'part', '', ( #1242 ) ) ;
#3959 = CARTESIAN_POINT ( 'NONE',  ( -0.8773857625084708900, 0.4749999999999999800, -1.183333333333173500 ) ) ;
#3960 = CARTESIAN_POINT ( 'NONE',  ( -0.8497715250169127800, 0.7249999999999999800, -1.116666666666454900 ) ) ;
#3961 =( NAMED_UNIT ( * ) SI_UNIT ( $, .STERADIAN. ) SOLID_ANGLE_UNIT ( ) );
#3962 = B_SPLINE_SURFACE_WITH_KNOTS ( 'NONE', 3, 3, ( 
 ( #2361, #2341, #2340, #2339, #2338 ),
 ( #2337, #2336, #2335, #2334, #2333 ),
 ( #2332, #2331, #2330, #2329, #2328 ),
 ( #2327, #2326, #2325, #2324, #2323 ) ),
 .UNSPECIFIED., .F., .F., .F.,
 ( 4, 4 ),
 ( 4, 1, 4 ),
 ( 0.0000000000000000000, 1.000000000000000000 ),
 ( 0.0000000000000000000, 0.4999999999999998900, 1.000000000000000000 ),
 .UNSPECIFIED. ) ;
#3963 = B_SPLINE_SURFACE_WITH_KNOTS ( 'NONE', 3, 3, ( 
 ( #2533, #2491, #2490, #2488, #2487 ),
 ( #2486, #2485, #2484, #2483, #2482 ),
 ( #2481, #2480, #2479, #2478, #2476 ),
 ( #2475, #2474, #2473, #2472, #2471 ) ),
 .UNSPECIFIED., .F., .F., .F.,
 ( 4, 4 ),
 ( 4, 1, 4 ),
 ( 0.0000000000000000000, 1.000000000000000000 ),
 ( 0.0000000000000000000, 0.4999999999999998900, 1.000000000000000000 ),
 .UNSPECIFIED. ) ;
#3964 = B_SPLINE_SURFACE_WITH_KNOTS ( 'NONE', 3, 3, ( 
 ( #2398, #2380, #2379, #2378, #2377 ),
 ( #2376, #2375, #2374, #2373, #2372 ),
 ( #2371, #2370, #2369, #2368, #2367 ),
 ( #2366, #2365, #2364, #2363, #2362 ) ),
 .UNSPECIFIED., .F., .F., .F.,
 ( 4, 4 ),
 ( 4, 1, 4 ),
 ( 0.0000000000000000000, 1.000000000000000000 ),
 ( 0.0000000000000000000, 0.4999999999999998900, 1.000000000000000000 ),
 .UNSPECIFIED. ) ;
#3965 =( GEOMETRIC_REPRESENTATION_CONTEXT ( 3 ) GLOBAL_UNCERTAINTY_ASSIGNED_CONTEXT ( ( #993 ) ) GLOBAL_UNIT_ASSIGNED_CONTEXT ( ( #4223, #4257, #4251 ) ) REPRESENTATION_CONTEXT ( 'NONE', 'WORKASPACE' ) );
#3966 = MECHANICAL_DESIGN_GEOMETRIC_PRESENTATION_REPRESENTATION (  '', ( #3968 ), #3965 ) ;
#3967 = PRESENTATION_LAYER_ASSIGNMENT (  '', '', ( #3968 ) ) ;
#3968 = STYLED_ITEM ( 'NONE', ( #2951 ), #3003 ) ;
#3969 =( GEOMETRIC_REPRESENTATION_CONTEXT ( 3 ) GLOBAL_UNCERTAINTY_ASSIGNED_CONTEXT ( ( #995 ) ) GLOBAL_UNIT_ASSIGNED_CONTEXT ( ( #4378, #4865, #4743 ) ) REPRESENTATION_CONTEXT ( 'NONE', 'WORKASPACE' ) );
#3970 = MECHANICAL_DESIGN_GEOMETRIC_PRESENTATION_REPRESENTATION (  '', ( #3974 ), #3969 ) ;
#3971 = PRESENTATION_LAYER_ASSIGNMENT (  '', '', ( #3974 ) ) ;
#3972 = STYLED_ITEM ( 'NONE', ( #2974 ), #3004 ) ;
#3973 = AXIS2_PLACEMENT_3D ( 'NONE', #4757, #4229, #4751 ) ;
#3974 = STYLED_ITEM ( 'NONE', ( #2967 ), #3002 ) ;
#3975 = STYLED_ITEM ( 'NONE', ( #2937 ), #3005 ) ;
#3976 =( GEOMETRIC_REPRESENTATION_CONTEXT ( 3 ) GLOBAL_UNCERTAINTY_ASSIGNED_CONTEXT ( ( #994 ) ) GLOBAL_UNIT_ASSIGNED_CONTEXT ( ( #2427, #2601, #4866 ) ) REPRESENTATION_CONTEXT ( 'NONE', 'WORKASPACE' ) );
#3977 = MECHANICAL_DESIGN_GEOMETRIC_PRESENTATION_REPRESENTATION (  '', ( #3981 ), #3976 ) ;
#3978 = PRESENTATION_LAYER_ASSIGNMENT (  '', '', ( #3981 ) ) ;
#3979 = AXIS2_PLACEMENT_3D ( 'NONE', #2399, #2230, #2409 ) ;
#3980 =( GEOMETRIC_REPRESENTATION_CONTEXT ( 3 ) GLOBAL_UNCERTAINTY_ASSIGNED_CONTEXT ( ( #3271 ) ) GLOBAL_UNIT_ASSIGNED_CONTEXT ( ( #2354, #2353, #2352 ) ) REPRESENTATION_CONTEXT ( 'NONE', 'WORKASPACE' ) );
#3981 = STYLED_ITEM ( 'NONE', ( #2931 ), #3001 ) ;
#3982 = PRESENTATION_LAYER_ASSIGNMENT (  '', '', ( #3988 ) ) ;
#3983 =( GEOMETRIC_REPRESENTATION_CONTEXT ( 3 ) GLOBAL_UNCERTAINTY_ASSIGNED_CONTEXT ( ( #3311 ) ) GLOBAL_UNIT_ASSIGNED_CONTEXT ( ( #2489, #2406, #2570 ) ) REPRESENTATION_CONTEXT ( 'NONE', 'WORKASPACE' ) );
#3984 = MECHANICAL_DESIGN_GEOMETRIC_PRESENTATION_REPRESENTATION (  '', ( #3988 ), #3983 ) ;
#3985 = PRESENTATION_LAYER_ASSIGNMENT (  '', '', ( #3972 ) ) ;
#3986 = AXIS2_PLACEMENT_3D ( 'NONE', #2569, #2225, #2573 ) ;
#3987 =( GEOMETRIC_REPRESENTATION_CONTEXT ( 3 ) GLOBAL_UNCERTAINTY_ASSIGNED_CONTEXT ( ( #3310 ) ) GLOBAL_UNIT_ASSIGNED_CONTEXT ( ( #2233, #2237, #2548 ) ) REPRESENTATION_CONTEXT ( 'NONE', 'WORKASPACE' ) );
#3988 = STYLED_ITEM ( 'NONE', ( #2964 ), #3000 ) ;
#3989 = MECHANICAL_DESIGN_GEOMETRIC_PRESENTATION_REPRESENTATION (  '', ( #3972 ), #4102 ) ;
#3990 = MECHANICAL_DESIGN_GEOMETRIC_PRESENTATION_REPRESENTATION (  '', ( #3993 ), #3987 ) ;
#3991 = PRESENTATION_LAYER_ASSIGNMENT (  '', '', ( #3993 ) ) ;
#3992 = AXIS2_PLACEMENT_3D ( 'NONE', #2208, #2239, #2241 ) ;
#3993 = STYLED_ITEM ( 'NONE', ( #2945 ), #2999 ) ;
#3994 =( GEOMETRIC_REPRESENTATION_CONTEXT ( 3 ) GLOBAL_UNCERTAINTY_ASSIGNED_CONTEXT ( ( #3308 ) ) GLOBAL_UNIT_ASSIGNED_CONTEXT ( ( #2211, #2210, #2209 ) ) REPRESENTATION_CONTEXT ( 'NONE', 'WORKASPACE' ) );
#3995 = MECHANICAL_DESIGN_GEOMETRIC_PRESENTATION_REPRESENTATION (  '', ( #3998 ), #3994 ) ;
#3996 = PRESENTATION_LAYER_ASSIGNMENT (  '', '', ( #3998 ) ) ;
#3997 = AXIS2_PLACEMENT_3D ( 'NONE', #2219, #2218, #2217 ) ;
#3998 = STYLED_ITEM ( 'NONE', ( #2972 ), #2998 ) ;
#3999 =( GEOMETRIC_REPRESENTATION_CONTEXT ( 3 ) GLOBAL_UNCERTAINTY_ASSIGNED_CONTEXT ( ( #3309 ) ) GLOBAL_UNIT_ASSIGNED_CONTEXT ( ( #2224, #2223, #2222 ) ) REPRESENTATION_CONTEXT ( 'NONE', 'WORKASPACE' ) );
#4000 = MECHANICAL_DESIGN_GEOMETRIC_PRESENTATION_REPRESENTATION (  '', ( #4003 ), #3999 ) ;
#4001 = PRESENTATION_LAYER_ASSIGNMENT (  '', '', ( #4003 ) ) ;
#4002 = AXIS2_PLACEMENT_3D ( 'NONE', #2245, #2243, #2242 ) ;
#4003 = STYLED_ITEM ( 'NONE', ( #2961 ), #2997 ) ;
#4004 =( GEOMETRIC_REPRESENTATION_CONTEXT ( 3 ) GLOBAL_UNCERTAINTY_ASSIGNED_CONTEXT ( ( #3248 ) ) GLOBAL_UNIT_ASSIGNED_CONTEXT ( ( #2252, #2249, #2247 ) ) REPRESENTATION_CONTEXT ( 'NONE', 'WORKASPACE' ) );
#4005 = MECHANICAL_DESIGN_GEOMETRIC_PRESENTATION_REPRESENTATION (  '', ( #4008 ), #4004 ) ;
#4006 = PRESENTATION_LAYER_ASSIGNMENT (  '', '', ( #4008 ) ) ;
#4007 = AXIS2_PLACEMENT_3D ( 'NONE', #2266, #2265, #2264 ) ;
#4008 = STYLED_ITEM ( 'NONE', ( #2956 ), #2996 ) ;
#4009 = MECHANICAL_DESIGN_GEOMETRIC_PRESENTATION_REPRESENTATION (  '', ( #4024 ), #3980 ) ;
#4010 =( GEOMETRIC_REPRESENTATION_CONTEXT ( 3 ) GLOBAL_UNCERTAINTY_ASSIGNED_CONTEXT ( ( #3272 ) ) GLOBAL_UNIT_ASSIGNED_CONTEXT ( ( #2383, #2382, #2381 ) ) REPRESENTATION_CONTEXT ( 'NONE', 'WORKASPACE' ) );
#4011 = EDGE_CURVE ( 'NONE', #2743, #2800, #426, .T. ) ;
#4012 =( GEOMETRIC_REPRESENTATION_CONTEXT ( 3 ) GLOBAL_UNCERTAINTY_ASSIGNED_CONTEXT ( ( #3246 ) ) GLOBAL_UNIT_ASSIGNED_CONTEXT ( ( #2269, #2268, #2267 ) ) REPRESENTATION_CONTEXT ( 'NONE', 'WORKASPACE' ) );
#4013 = MECHANICAL_DESIGN_GEOMETRIC_PRESENTATION_REPRESENTATION (  '', ( #4017 ), #4012 ) ;
#4014 = PRESENTATION_LAYER_ASSIGNMENT (  '', '', ( #4017 ) ) ;
#4015 = EDGE_CURVE ( 'NONE', #2827, #2817, #424, .T. ) ;
#4016 = AXIS2_PLACEMENT_3D ( 'NONE', #2278, #2277, #2276 ) ;
#4017 = STYLED_ITEM ( 'NONE', ( #2948 ), #2995 ) ;
#4018 =( GEOMETRIC_REPRESENTATION_CONTEXT ( 3 ) GLOBAL_UNCERTAINTY_ASSIGNED_CONTEXT ( ( #3247 ) ) GLOBAL_UNIT_ASSIGNED_CONTEXT ( ( #2281, #2280, #2279 ) ) REPRESENTATION_CONTEXT ( 'NONE', 'WORKASPACE' ) );
#4019 = MECHANICAL_DESIGN_GEOMETRIC_PRESENTATION_REPRESENTATION (  '', ( #4023 ), #4018 ) ;
#4020 = PRESENTATION_LAYER_ASSIGNMENT (  '', '', ( #4023 ) ) ;
#4021 = MECHANICAL_DESIGN_GEOMETRIC_PRESENTATION_REPRESENTATION (  '', ( #4046 ), #4010 ) ;
#4022 = AXIS2_PLACEMENT_3D ( 'NONE', #2289, #2288, #2287 ) ;
#4023 = STYLED_ITEM ( 'NONE', ( #3603 ), #2994 ) ;
#4024 = STYLED_ITEM ( 'NONE', ( #3542 ), #2989 ) ;
#4025 =( GEOMETRIC_REPRESENTATION_CONTEXT ( 3 ) GLOBAL_UNCERTAINTY_ASSIGNED_CONTEXT ( ( #3249 ) ) GLOBAL_UNIT_ASSIGNED_CONTEXT ( ( #2292, #2291, #2290 ) ) REPRESENTATION_CONTEXT ( 'NONE', 'WORKASPACE' ) );
#4026 = MECHANICAL_DESIGN_GEOMETRIC_PRESENTATION_REPRESENTATION (  '', ( #4031 ), #4025 ) ;
#4027 = PRESENTATION_LAYER_ASSIGNMENT (  '', '', ( #4024 ) ) ;
#4028 = EDGE_CURVE ( 'NONE', #2800, #2769, #428, .T. ) ;
#4029 = PRESENTATION_LAYER_ASSIGNMENT (  '', '', ( #4031 ) ) ;
#4030 = AXIS2_PLACEMENT_3D ( 'NONE', #2300, #2299, #2298 ) ;
#4031 = STYLED_ITEM ( 'NONE', ( #3622 ), #2993 ) ;
#4032 = MECHANICAL_DESIGN_GEOMETRIC_PRESENTATION_REPRESENTATION (  '', ( #4050 ), #4033 ) ;
#4033 =( GEOMETRIC_REPRESENTATION_CONTEXT ( 3 ) GLOBAL_UNCERTAINTY_ASSIGNED_CONTEXT ( ( #3274 ) ) GLOBAL_UNIT_ASSIGNED_CONTEXT ( ( #2405, #2404, #2403 ) ) REPRESENTATION_CONTEXT ( 'NONE', 'WORKASPACE' ) );
#4034 = EDGE_CURVE ( 'NONE', #2764, #2770, #430, .T. ) ;
#4035 = EDGE_CURVE ( 'NONE', #2745, #2769, #420, .T. ) ;
#4036 =( GEOMETRIC_REPRESENTATION_CONTEXT ( 3 ) GLOBAL_UNCERTAINTY_ASSIGNED_CONTEXT ( ( #3245 ) ) GLOBAL_UNIT_ASSIGNED_CONTEXT ( ( #2304, #2302, #2301 ) ) REPRESENTATION_CONTEXT ( 'NONE', 'WORKASPACE' ) );
#4037 = MECHANICAL_DESIGN_GEOMETRIC_PRESENTATION_REPRESENTATION (  '', ( #4054 ), #4036 ) ;
#4038 = EDGE_CURVE ( 'NONE', #2744, #2890, #432, .T. ) ;
#4039 = PRESENTATION_LAYER_ASSIGNMENT (  '', '', ( #4054 ) ) ;
#4040 = AXIS2_PLACEMENT_3D ( 'NONE', #2312, #2311, #2310 ) ;
#4041 = STYLED_ITEM ( 'NONE', ( #3534 ), #2987 ) ;
#4042 = AXIS2_PLACEMENT_3D ( 'NONE', #2402, #2401, #2400 ) ;
#4043 = PRESENTATION_LAYER_ASSIGNMENT (  '', '', ( #4041 ) ) ;
#4044 = MECHANICAL_DESIGN_GEOMETRIC_PRESENTATION_REPRESENTATION (  '', ( #4041 ), #4045 ) ;
#4045 =( GEOMETRIC_REPRESENTATION_CONTEXT ( 3 ) GLOBAL_UNCERTAINTY_ASSIGNED_CONTEXT ( ( #3273 ) ) GLOBAL_UNIT_ASSIGNED_CONTEXT ( ( #2393, #2392, #2391 ) ) REPRESENTATION_CONTEXT ( 'NONE', 'WORKASPACE' ) );
#4046 = STYLED_ITEM ( 'NONE', ( #3650 ), #2988 ) ;
#4047 = AXIS2_PLACEMENT_3D ( 'NONE', #2390, #2389, #2388 ) ;
#4048 = PRESENTATION_LAYER_ASSIGNMENT (  '', '', ( #4046 ) ) ;
#4049 = AXIS2_PLACEMENT_3D ( 'NONE', #2415, #2414, #2413 ) ;
#4050 = STYLED_ITEM ( 'NONE', ( #3525 ), #2986 ) ;
#4051 =( GEOMETRIC_REPRESENTATION_CONTEXT ( 3 ) GLOBAL_UNCERTAINTY_ASSIGNED_CONTEXT ( ( #3275 ) ) GLOBAL_UNIT_ASSIGNED_CONTEXT ( ( #2419, #2418, #2417 ) ) REPRESENTATION_CONTEXT ( 'NONE', 'WORKASPACE' ) );
#4052 = MECHANICAL_DESIGN_GEOMETRIC_PRESENTATION_REPRESENTATION (  '', ( #4055 ), #4051 ) ;
#4053 = PRESENTATION_LAYER_ASSIGNMENT (  '', '', ( #4055 ) ) ;
#4054 = STYLED_ITEM ( 'NONE', ( #3568 ), #2992 ) ;
#4055 = STYLED_ITEM ( 'NONE', ( #3560 ), #2985 ) ;
#4056 = PRESENTATION_LAYER_ASSIGNMENT (  '', '', ( #4050 ) ) ;
#4057 = AXIS2_PLACEMENT_3D ( 'NONE', #2565, #2592, #2539 ) ;
#4058 = PRESENTATION_LAYER_ASSIGNMENT (  '', '', ( #4071 ) ) ;
#4059 = MECHANICAL_DESIGN_GEOMETRIC_PRESENTATION_REPRESENTATION (  '', ( #4071 ), #4062 ) ;
#4060 = EDGE_CURVE ( 'NONE', #2775, #2770, #434, .T. ) ;
#4061 = EDGE_CURVE ( 'NONE', #2804, #2897, #438, .T. ) ;
#4062 =( GEOMETRIC_REPRESENTATION_CONTEXT ( 3 ) GLOBAL_UNCERTAINTY_ASSIGNED_CONTEXT ( ( #2253 ) ) GLOBAL_UNIT_ASSIGNED_CONTEXT ( ( #2550, #2420, #2492 ) ) REPRESENTATION_CONTEXT ( 'NONE', 'WORKASPACE' ) );
#4063 = MECHANICAL_DESIGN_GEOMETRIC_PRESENTATION_REPRESENTATION (  '', ( #4072 ), #4067 ) ;
#4064 = PRESENTATION_LAYER_ASSIGNMENT (  '', '', ( #4065 ) ) ;
#4065 = STYLED_ITEM ( 'NONE', ( #3523 ), #2983 ) ;
#4066 =( GEOMETRIC_REPRESENTATION_CONTEXT ( 3 ) GLOBAL_UNCERTAINTY_ASSIGNED_CONTEXT ( ( #3270 ) ) GLOBAL_UNIT_ASSIGNED_CONTEXT ( ( #2315, #2314, #2313 ) ) REPRESENTATION_CONTEXT ( 'NONE', 'WORKASPACE' ) );
#4067 =( GEOMETRIC_REPRESENTATION_CONTEXT ( 3 ) GLOBAL_UNCERTAINTY_ASSIGNED_CONTEXT ( ( #2251 ) ) GLOBAL_UNIT_ASSIGNED_CONTEXT ( ( #2259, #2578, #2568 ) ) REPRESENTATION_CONTEXT ( 'NONE', 'WORKASPACE' ) );
#4068 = PRESENTATION_LAYER_ASSIGNMENT (  '', '', ( #4072 ) ) ;
#4069 =( GEOMETRIC_REPRESENTATION_CONTEXT ( 3 ) GLOBAL_UNCERTAINTY_ASSIGNED_CONTEXT ( ( #2255 ) ) GLOBAL_UNIT_ASSIGNED_CONTEXT ( ( #2461, #2556, #2557 ) ) REPRESENTATION_CONTEXT ( 'NONE', 'WORKASPACE' ) );
#4070 = MECHANICAL_DESIGN_GEOMETRIC_PRESENTATION_REPRESENTATION (  '', ( #4065 ), #4069 ) ;
#4071 = STYLED_ITEM ( 'NONE', ( #3532 ), #2984 ) ;
#4072 = STYLED_ITEM ( 'NONE', ( #2811 ), #2272 ) ;
#4073 = PRESENTATION_LAYER_ASSIGNMENT (  '', '', ( #4076 ) ) ;
#4074 = MECHANICAL_DESIGN_GEOMETRIC_PRESENTATION_REPRESENTATION (  '', ( #4076 ), #4075 ) ;
#4075 =( GEOMETRIC_REPRESENTATION_CONTEXT ( 3 ) GLOBAL_UNCERTAINTY_ASSIGNED_CONTEXT ( ( #2244 ) ) GLOBAL_UNIT_ASSIGNED_CONTEXT ( ( #2468, #2355, #2611 ) ) REPRESENTATION_CONTEXT ( 'NONE', 'WORKASPACE' ) );
#4076 = STYLED_ITEM ( 'NONE', ( #2815 ), #2254 ) ;
#4077 =( GEOMETRIC_REPRESENTATION_CONTEXT ( 3 ) GLOBAL_UNCERTAINTY_ASSIGNED_CONTEXT ( ( #2248 ) ) GLOBAL_UNIT_ASSIGNED_CONTEXT ( ( #2430, #2497, #2509 ) ) REPRESENTATION_CONTEXT ( 'NONE', 'WORKASPACE' ) );
#4078 = MECHANICAL_DESIGN_GEOMETRIC_PRESENTATION_REPRESENTATION (  '', ( #4080 ), #4077 ) ;
#4079 = EDGE_CURVE ( 'NONE', #2771, #2765, #440, .T. ) ;
#4080 = STYLED_ITEM ( 'NONE', ( #2813 ), #2246 ) ;
#4081 = PRESENTATION_LAYER_ASSIGNMENT (  '', '', ( #4080 ) ) ;
#4082 = MECHANICAL_DESIGN_GEOMETRIC_PRESENTATION_REPRESENTATION (  '', ( #4087 ), #4066 ) ;
#4083 = PRESENTATION_LAYER_ASSIGNMENT (  '', '', ( #4087 ) ) ;
#4084 = EDGE_CURVE ( 'NONE', #2806, #2794, #442, .T. ) ;
#4085 = EDGE_CURVE ( 'NONE', #2791, #2807, #444, .T. ) ;
#4086 = EDGE_CURVE ( 'NONE', #2793, #2824, #446, .T. ) ;
#4087 = STYLED_ITEM ( 'NONE', ( #3533 ), #2991 ) ;
#4088 =( GEOMETRIC_REPRESENTATION_CONTEXT ( 3 ) GLOBAL_UNCERTAINTY_ASSIGNED_CONTEXT ( ( #3269 ) ) GLOBAL_UNIT_ASSIGNED_CONTEXT ( ( #2344, #2343, #2342 ) ) REPRESENTATION_CONTEXT ( 'NONE', 'WORKASPACE' ) );
#4089 = EDGE_CURVE ( 'NONE', #2790, #2847, #436, .T. ) ;
#4090 = EDGE_CURVE ( 'NONE', #2791, #2792, #38, .T. ) ;
#4091 = EDGE_CURVE ( 'NONE', #2799, #2790, #452, .T. ) ;
#4092 = EDGE_CURVE ( 'NONE', #2795, #2743, #448, .T. ) ;
#4093 = EDGE_CURVE ( 'NONE', #2798, #2847, #454, .T. ) ;
#4094 = EDGE_CURVE ( 'NONE', #2795, #2744, #456, .T. ) ;
#4095 = EDGE_CURVE ( 'NONE', #2819, #2793, #458, .T. ) ;
#4096 = EDGE_CURVE ( 'NONE', #2829, #2846, #460, .T. ) ;
#4097 = EDGE_CURVE ( 'NONE', #2794, #2802, #461, .T. ) ;
#4098 = AXIS2_PLACEMENT_3D ( 'NONE', #2351, #2350, #2349 ) ;
#4099 = STYLED_ITEM ( 'NONE', ( #3539 ), #2990 ) ;
#4100 = MECHANICAL_DESIGN_GEOMETRIC_PRESENTATION_REPRESENTATION (  '', ( #4099 ), #4088 ) ;
#4101 = PRESENTATION_LAYER_ASSIGNMENT (  '', '', ( #4099 ) ) ;
#4102 =( GEOMETRIC_REPRESENTATION_CONTEXT ( 3 ) GLOBAL_UNCERTAINTY_ASSIGNED_CONTEXT ( ( #992 ) ) GLOBAL_UNIT_ASSIGNED_CONTEXT ( ( #4814, #4810, #4808 ) ) REPRESENTATION_CONTEXT ( 'NONE', 'WORKASPACE' ) );
#4103 = EDGE_CURVE ( 'NONE', #2846, #2819, #450, .T. ) ;
#4104 = EDGE_CURVE ( 'NONE', #2794, #2845, #464, .T. ) ;
#4105 = EDGE_CURVE ( 'NONE', #2802, #2796, #466, .T. ) ;
#4106 = EDGE_CURVE ( 'NONE', #2796, #2797, #468, .T. ) ;
#4107 = EDGE_CURVE ( 'NONE', #2767, #2764, #470, .T. ) ;
#4108 = EDGE_CURVE ( 'NONE', #2845, #2797, #472, .T. ) ;
#4109 = EDGE_CURVE ( 'NONE', #2775, #2767, #474, .T. ) ;
#4110 = EDGE_CURVE ( 'NONE', #2806, #2805, #476, .T. ) ;
#4111 = EDGE_CURVE ( 'NONE', #2805, #2802, #462, .T. ) ;
#4112 = EDGE_CURVE ( 'NONE', #2798, #2799, #480, .T. ) ;
#4113 = EDGE_CURVE ( 'NONE', #2792, #2829, #482, .T. ) ;
#4114 = EDGE_CURVE ( 'NONE', #2890, #2745, #484, .T. ) ;
#4115 = EDGE_CURVE ( 'NONE', #2800, #2890, #486, .T. ) ;
#4116 = EDGE_CURVE ( 'NONE', #2824, #2807, #39, .T. ) ;
#4117 = ADVANCED_FACE ( 'NONE', ( #478 ), #41, .T. ) ;
#4118 = ADVANCED_FACE ( 'NONE', ( #495 ), #43, .T. ) ;
#4119 = ADVANCED_FACE ( 'NONE', ( #1830 ), #45, .T. ) ;
#4120 = ADVANCED_FACE ( 'NONE', ( #1836 ), #47, .T. ) ;
#4121 = ADVANCED_FACE ( 'NONE', ( #1840 ), #49, .T. ) ;
#4122 = ADVANCED_FACE ( 'NONE', ( #1844 ), #51, .T. ) ;
#4123 = ADVANCED_FACE ( 'NONE', ( #1848 ), #1853, .T. ) ;
#4124 = ADVANCED_FACE ( 'NONE', ( #1850 ), #1858, .T. ) ;
#4125 = ADVANCED_FACE ( 'NONE', ( #1855 ), #1863, .T. ) ;
#4126 = ADVANCED_FACE ( 'NONE', ( #1860 ), #1868, .T. ) ;
#4127 = ADVANCED_FACE ( 'NONE', ( #1865 ), #1873, .T. ) ;
#4128 = ADVANCED_FACE ( 'NONE', ( #1870 ), #1878, .T. ) ;
#4129 = ADVANCED_FACE ( 'NONE', ( #1875 ), #1883, .T. ) ;
#4130 = ADVANCED_FACE ( 'NONE', ( #1880 ), #1888, .T. ) ;
#4131 = ADVANCED_FACE ( 'NONE', ( #1885 ), #1682, .F. ) ;
#4132 = ADVANCED_FACE ( 'NONE', ( #1889 ), #1681, .F. ) ;
#4133 = ADVANCED_FACE ( 'NONE', ( #1893 ), #1901, .T. ) ;
#4134 = ADVANCED_FACE ( 'NONE', ( #1898 ), #1714, .F. ) ;
#4135 = ADVANCED_FACE ( 'NONE', ( #1902 ), #1713, .F. ) ;
#4136 = ADVANCED_FACE ( 'NONE', ( #1906 ), #1914, .T. ) ;
#4137 = ADVANCED_FACE ( 'NONE', ( #1911 ), #1746, .F. ) ;
#4138 = ADVANCED_FACE ( 'NONE', ( #1915 ), #1923, .T. ) ;
#4139 = ADVANCED_FACE ( 'NONE', ( #1920 ), #1767, .F. ) ;
#4140 = ADVANCED_FACE ( 'NONE', ( #1924 ), #1766, .F. ) ;
#4141 = ADVANCED_FACE ( 'NONE', ( #1928 ), #1936, .T. ) ;
#4142 = ADVANCED_FACE ( 'NONE', ( #1933 ), #1799, .F. ) ;
#4143 = ADVANCED_FACE ( 'NONE', ( #1937 ), #1798, .T. ) ;
#4144 = ADVANCED_FACE ( 'NONE', ( #1941 ), #1810, .F. ) ;
#4145 = ADVANCED_FACE ( 'NONE', ( #1945 ), #2012, .F. ) ;
#4146 = ADVANCED_FACE ( 'NONE', ( #1949 ), #2004, .F. ) ;
#4147 = ADVANCED_FACE ( 'NONE', ( #1953 ), #1961, .T. ) ;
#4148 = ADVANCED_FACE ( 'NONE', ( #1958 ), #2037, .F. ) ;
#4149 = ADVANCED_FACE ( 'NONE', ( #1962 ), #2036, .F. ) ;
#4150 = ADVANCED_FACE ( 'NONE', ( #1966 ), #1974, .T. ) ;
#4151 = ADVANCED_FACE ( 'NONE', ( #1971 ), #2069, .F. ) ;
#4152 = ADVANCED_FACE ( 'NONE', ( #1975 ), #1983, .T. ) ;
#4153 = ADVANCED_FACE ( 'NONE', ( #1980 ), #2090, .F. ) ;
#4154 = ADVANCED_FACE ( 'NONE', ( #1984 ), #2089, .F. ) ;
#4155 = ADVANCED_FACE ( 'NONE', ( #1988 ), #1996, .T. ) ;
#4156 = ADVANCED_FACE ( 'NONE', ( #1993 ), #2122, .F. ) ;
#4157 = ADVANCED_FACE ( 'NONE', ( #2189 ), #2121, .T. ) ;
#4158 = ADVANCED_FACE ( 'NONE', ( #2193 ), #2133, .F. ) ;
#4159 = UNCERTAINTY_MEASURE_WITH_UNIT (LENGTH_MEASURE( 1.000000000000000100E-005 ), #3256, 'distance_accuracy_value', 'NONE');
#4160 = UNCERTAINTY_MEASURE_WITH_UNIT (LENGTH_MEASURE( 1.000000000000000100E-005 ), #4302, 'distance_accuracy_value', 'NONE');
#4161 = UNCERTAINTY_MEASURE_WITH_UNIT (LENGTH_MEASURE( 1.000000000000000100E-005 ), #4321, 'distance_accuracy_value', 'NONE');
#4162 = UNCERTAINTY_MEASURE_WITH_UNIT (LENGTH_MEASURE( 1.000000000000000100E-005 ), #4338, 'distance_accuracy_value', 'NONE');
#4163 = UNCERTAINTY_MEASURE_WITH_UNIT (LENGTH_MEASURE( 1.000000000000000100E-005 ), #4359, 'distance_accuracy_value', 'NONE');
#4164 = UNCERTAINTY_MEASURE_WITH_UNIT (LENGTH_MEASURE( 1.000000000000000100E-005 ), #4381, 'distance_accuracy_value', 'NONE');
#4165 = UNCERTAINTY_MEASURE_WITH_UNIT (LENGTH_MEASURE( 1.000000000000000100E-005 ), #4401, 'distance_accuracy_value', 'NONE');
#4166 = UNCERTAINTY_MEASURE_WITH_UNIT (LENGTH_MEASURE( 1.000000000000000100E-005 ), #4423, 'distance_accuracy_value', 'NONE');
#4167 = UNCERTAINTY_MEASURE_WITH_UNIT (LENGTH_MEASURE( 1.000000000000000100E-005 ), #4434, 'distance_accuracy_value', 'NONE');
#4168 = UNCERTAINTY_MEASURE_WITH_UNIT (LENGTH_MEASURE( 1.000000000000000100E-005 ), #4449, 'distance_accuracy_value', 'NONE');
#4169 = UNCERTAINTY_MEASURE_WITH_UNIT (LENGTH_MEASURE( 1.000000000000000100E-005 ), #4460, 'distance_accuracy_value', 'NONE');
#4170 = UNCERTAINTY_MEASURE_WITH_UNIT (LENGTH_MEASURE( 1.000000000000000100E-005 ), #4471, 'distance_accuracy_value', 'NONE');
#4171 = UNCERTAINTY_MEASURE_WITH_UNIT (LENGTH_MEASURE( 1.000000000000000100E-005 ), #4483, 'distance_accuracy_value', 'NONE');
#4172 = UNCERTAINTY_MEASURE_WITH_UNIT (LENGTH_MEASURE( 1.000000000000000100E-005 ), #4495, 'distance_accuracy_value', 'NONE');
#4173 = UNCERTAINTY_MEASURE_WITH_UNIT (LENGTH_MEASURE( 1.000000000000000100E-005 ), #4505, 'distance_accuracy_value', 'NONE');
#4174 = UNCERTAINTY_MEASURE_WITH_UNIT (LENGTH_MEASURE( 1.000000000000000100E-005 ), #4515, 'distance_accuracy_value', 'NONE');
#4175 = UNCERTAINTY_MEASURE_WITH_UNIT (LENGTH_MEASURE( 1.000000000000000100E-005 ), #4525, 'distance_accuracy_value', 'NONE');
#4176 = UNCERTAINTY_MEASURE_WITH_UNIT (LENGTH_MEASURE( 1.000000000000000100E-005 ), #4535, 'distance_accuracy_value', 'NONE');
#4177 = UNCERTAINTY_MEASURE_WITH_UNIT (LENGTH_MEASURE( 1.000000000000000100E-005 ), #4545, 'distance_accuracy_value', 'NONE');
#4178 = UNCERTAINTY_MEASURE_WITH_UNIT (LENGTH_MEASURE( 1.000000000000000100E-005 ), #4555, 'distance_accuracy_value', 'NONE');
#4179 = UNCERTAINTY_MEASURE_WITH_UNIT (LENGTH_MEASURE( 1.000000000000000100E-005 ), #4565, 'distance_accuracy_value', 'NONE');
#4180 = UNCERTAINTY_MEASURE_WITH_UNIT (LENGTH_MEASURE( 1.000000000000000100E-005 ), #4574, 'distance_accuracy_value', 'NONE');
#4181 =( BOUNDED_SURFACE ( )  B_SPLINE_SURFACE ( 3, 2, ( 
 ( #4569, #4577, #4578 ),
 ( #4579, #4580, #4581 ),
 ( #4582, #4583, #4584 ),
 ( #4585, #4586, #4587 ),
 ( #4588, #4589, #4590 ),
 ( #4591, #4592, #4593 ),
 ( #4594, #4595, #4596 ),
 ( #4597, #4598, #4599 ),
 ( #4600, #4601, #4602 ),
 ( #4603, #4604, #4605 ),
 ( #4606, #4607, #4608 ),
 ( #4610, #4611, #4612 ),
 ( #4613, #4614, #4615 ),
 ( #4616, #4617, #4618 ),
 ( #4619, #4620, #4621 ),
 ( #4622, #4623, #4624 ) ),
 .UNSPECIFIED., .F., .F., .F. ) 
 B_SPLINE_SURFACE_WITH_KNOTS ( ( 4, 2, 2, 2, 2, 2, 2, 4 ),
 ( 3, 3 ),
 ( 0.001239033532375563600, 0.001306708255578422300, 0.001374382978781280800, 0.001509732425186998200, 0.001780431317998433000, 0.002051130210809867800, 0.002186479657215584800, 0.002321829103621302200 ),
 ( 0.0000000000000000000, 1.000000000000000000 ),
 .UNSPECIFIED. ) 
 GEOMETRIC_REPRESENTATION_ITEM ( )  RATIONAL_B_SPLINE_SURFACE ( (
 ( 1.000000000000000000, 0.7814900150344908900, 1.000000000000000000),
 ( 1.000000000000000000, 0.7814900150344908900, 1.000000000000000000),
 ( 1.000000000000000000, 0.7761966345764199600, 1.000000000000000000),
 ( 1.000000000000000000, 0.7671608979928761200, 1.000000000000000000),
 ( 1.000000000000000000, 0.7626213471036099600, 1.000000000000000000),
 ( 1.000000000000000000, 0.7491626430347191300, 1.000000000000000000),
 ( 1.000000000000000000, 0.7403690209463688100, 1.000000000000000000),
 ( 1.000000000000000000, 0.7169803638143023000, 1.000000000000000000),
 ( 1.000000000000000000, 0.7062536809623960500, 1.000000000000000000),
 ( 1.000000000000000000, 0.7080773323607709700, 1.000000000000000000),
 ( 1.000000000000000000, 0.7203426420466427800, 1.000000000000000000),
 ( 1.000000000000000000, 0.7447106927464677300, 1.000000000000000000),
 ( 1.000000000000000000, 0.7536323480411505300, 1.000000000000000000),
 ( 1.000000000000000000, 0.7715706986101983400, 1.000000000000000000),
 ( 1.000000000000000000, 0.7814900150344905600, 1.000000000000000000),
 ( 1.000000000000000000, 0.7814900150344905600, 1.000000000000000000) ) ) 
 REPRESENTATION_ITEM ( '' )  SURFACE ( )  );
#4182 = UNCERTAINTY_MEASURE_WITH_UNIT (LENGTH_MEASURE( 1.000000000000000100E-005 ), #4631, 'distance_accuracy_value', 'NONE');
#4183 =( BOUNDED_SURFACE ( )  B_SPLINE_SURFACE ( 3, 2, ( 
 ( #4626, #4634, #4635 ),
 ( #4637, #4638, #4639 ),
 ( #4640, #4641, #4642 ),
 ( #4643, #4644, #4645 ),
 ( #4646, #4647, #4648 ),
 ( #4649, #4650, #4651 ),
 ( #4652, #4653, #4654 ),
 ( #4655, #4656, #4657 ),
 ( #4658, #4659, #4660 ),
 ( #4661, #4662, #4663 ),
 ( #4664, #4665, #4666 ),
 ( #4667, #4668, #4669 ),
 ( #4670, #4671, #4672 ),
 ( #4673, #4674, #4675 ),
 ( #4676, #4677, #4678 ),
 ( #4679, #4680, #4681 ) ),
 .UNSPECIFIED., .F., .F., .F. ) 
 B_SPLINE_SURFACE_WITH_KNOTS ( ( 4, 2, 2, 2, 2, 2, 2, 4 ),
 ( 3, 3 ),
 ( 0.001217277299274722300, 0.001352621835134351900, 0.001487966370993981300, 0.001758655442713240200, 0.002029344514432499000, 0.002164689050292128600, 0.002232361318221943100, 0.002300033586151758100 ),
 ( 0.0000000000000000000, 1.000000000000000000 ),
 .UNSPECIFIED. ) 
 GEOMETRIC_REPRESENTATION_ITEM ( )  RATIONAL_B_SPLINE_SURFACE ( (
 ( 1.000000000000000000, 0.7814900150345532900, 1.000000000000000000),
 ( 1.000000000000000000, 0.7814900150345532900, 1.000000000000000000),
 ( 1.000000000000000000, 0.7715008245485741600, 1.000000000000000000),
 ( 1.000000000000000000, 0.7534524357628553700, 1.000000000000000000),
 ( 1.000000000000000000, 0.7445111830087470800, 1.000000000000000000),
 ( 1.000000000000000000, 0.7202069100199586200, 1.000000000000000000),
 ( 1.000000000000000000, 0.7079523788451798100, 1.000000000000000000),
 ( 1.000000000000000000, 0.7063515553694921200, 1.000000000000000000),
 ( 1.000000000000000000, 0.7170776800177654000, 1.000000000000000000),
 ( 1.000000000000000000, 0.7405631065294902000, 1.000000000000000000),
 ( 1.000000000000000000, 0.7493503681716684500, 1.000000000000000000),
 ( 1.000000000000000000, 0.7627421433498206000, 1.000000000000000000),
 ( 1.000000000000000000, 0.7672480231465570500, 1.000000000000000000),
 ( 1.000000000000000000, 0.7762126222691597700, 1.000000000000000000),
 ( 1.000000000000000000, 0.7814900150345544000, 1.000000000000000000),
 ( 1.000000000000000000, 0.7814900150345544000, 1.000000000000000000) ) ) 
 REPRESENTATION_ITEM ( '' )  SURFACE ( )  );
#4184 = B_SPLINE_CURVE_WITH_KNOTS ( 'NONE', 3,
 ( #4725, #4732, #4737, #4738 ),
 .UNSPECIFIED., .F., .F.,
 ( 4, 4 ),
 ( 0.0001928790426628467200, 0.0002147713818363826800 ),
 .UNSPECIFIED. ) ;
#4185 = B_SPLINE_CURVE_WITH_KNOTS ( 'NONE', 3,
 ( #4733, #4724, #4742, #4744, #4746, #4748, #4750, #4752 ),
 .UNSPECIFIED., .F., .F.,
 ( 4, 2, 2, 4 ),
 ( -5.999999992787842100E-008, 0.0004117119399742778200, 0.0006175979099613806600, 0.0008234838799484835100 ),
 .UNSPECIFIED. ) ;
#4186 = B_SPLINE_CURVE_WITH_KNOTS ( 'NONE', 3,
 ( #4755, #4758, #4765, #4767 ),
 .UNSPECIFIED., .F., .F.,
 ( 4, 4 ),
 ( 0.0000000000000000000, 9.541583485261310000E-006 ),
 .UNSPECIFIED. ) ;
#4187 = B_SPLINE_CURVE_WITH_KNOTS ( 'NONE', 3,
 ( #4768, #4770, #4782, #4784, #4786, #4788, #4790 ),
 .UNSPECIFIED., .F., .F.,
 ( 4, 3, 4 ),
 ( 7.577735913330353000E-005, 7.723485335065608800E-005, 8.529953599927149500E-005 ),
 .UNSPECIFIED. ) ;
#4188 = B_SPLINE_CURVE_WITH_KNOTS ( 'NONE', 3,
 ( #4795, #4772, #4800, #4802, #4804, #4806, #4807, #4809, #4811, #4813 ),
 .UNSPECIFIED., .F., .F.,
 ( 4, 2, 2, 2, 4 ),
 ( -5.999999992778096000E-008, 0.0002082198187584772700, 0.0004164996375168824600, 0.0006247794562752876300, 0.0008330592750336926900 ),
 .UNSPECIFIED. ) ;
#4189 = B_SPLINE_CURVE_WITH_KNOTS ( 'NONE', 3,
 ( #4815, #4818, #4830, #4831, #4833, #4835, #4837 ),
 .UNSPECIFIED., .F., .F.,
 ( 4, 3, 4 ),
 ( 7.577735913325829100E-005, 7.723485335068601200E-005, 8.529953599924349500E-005 ),
 .UNSPECIFIED. ) ;
#4190 = B_SPLINE_CURVE_WITH_KNOTS ( 'NONE', 3,
 ( #4820, #4739, #4846, #4848, #4850, #4852 ),
 .UNSPECIFIED., .F., .F.,
 ( 4, 2, 4 ),
 ( 2.853017811418101000E-017, 0.0003968946140260474100, 0.0007937892280520663100 ),
 .UNSPECIFIED. ) ;
#4191 = B_SPLINE_CURVE_WITH_KNOTS ( 'NONE', 3,
 ( #4855, #4858, #4867, #4869, #4870, #4871, #4873, #4875, #4876, #4878 ),
 .UNSPECIFIED., .F., .F.,
 ( 4, 2, 2, 2, 4 ),
 ( -5.999999992786268500E-008, 0.0002082198187584327600, 0.0004164996375167936100, 0.0006247794562751543800, 0.0008330592750335154200 ),
 .UNSPECIFIED. ) ;
#4192 = B_SPLINE_CURVE_WITH_KNOTS ( 'NONE', 3,
 ( #4897, #4893, #4899, #4900 ),
 .UNSPECIFIED., .F., .F.,
 ( 4, 4 ),
 ( 2.830207340245091800E-016, 9.643924795295117700E-006 ),
 .UNSPECIFIED. ) ;
#4193 = B_SPLINE_CURVE_WITH_KNOTS ( 'NONE', 3,
 ( #4910, #4911, #4917, #4918 ),
 .UNSPECIFIED., .F., .F.,
 ( 4, 4 ),
 ( 0.0000000000000000000, 9.643924791435117400E-006 ),
 .UNSPECIFIED. ) ;
#4194 = B_SPLINE_CURVE_WITH_KNOTS ( 'NONE', 3,
 ( #4928, #4929, #4938, #4939, #4940, #4941 ),
 .UNSPECIFIED., .F., .F.,
 ( 4, 2, 4 ),
 ( 9.886736319262497200E-015, 0.0001353198070716318400, 0.0002706396141333769500 ),
 .UNSPECIFIED. ) ;
#4195 = B_SPLINE_CURVE_WITH_KNOTS ( 'NONE', 3,
 ( #4953, #4945, #4959, #4960 ),
 .UNSPECIFIED., .F., .F.,
 ( 4, 4 ),
 ( 3.338521342301050400E-016, 9.643924795499659200E-006 ),
 .UNSPECIFIED. ) ;
#4196 = B_SPLINE_CURVE_WITH_KNOTS ( 'NONE', 3,
 ( #4962, #4956, #4964, #4965 ),
 .UNSPECIFIED., .F., .F.,
 ( 4, 4 ),
 ( 0.0000000000000000000, 0.0001375120903517517500 ),
 .UNSPECIFIED. ) ;
#4197 = B_SPLINE_CURVE_WITH_KNOTS ( 'NONE', 3,
 ( #4958, #4963, #4967, #4968, #4969, #4970 ),
 .UNSPECIFIED., .F., .F.,
 ( 4, 2, 4 ),
 ( 4.453491187496251900E-007, 0.0003976669162238321300, 0.0007948884833289146500 ),
 .UNSPECIFIED. ) ;
#4198 = B_SPLINE_CURVE_WITH_KNOTS ( 'NONE', 3,
 ( #4974, #4973, #4979, #4980 ),
 .UNSPECIFIED., .F., .F.,
 ( 4, 4 ),
 ( 1.569815003891344000E-015, 0.0001372741582402653500 ),
 .UNSPECIFIED. ) ;
#4199 = B_SPLINE_CURVE_WITH_KNOTS ( 'NONE', 3,
 ( #4984, #4982, #2204, #4986 ),
 .UNSPECIFIED., .F., .F.,
 ( 4, 4 ),
 ( 0.0000000000000000000, 9.541583485284332400E-006 ),
 .UNSPECIFIED. ) ;
#4200 = B_SPLINE_CURVE_WITH_KNOTS ( 'NONE', 3,
 ( #497, #501, #502, #503, #504, #505, #506 ),
 .UNSPECIFIED., .F., .F.,
 ( 4, 3, 4 ),
 ( 7.577735913326177400E-005, 7.723485335070349500E-005, 8.529953599925395800E-005 ),
 .UNSPECIFIED. ) ;
#4201 = B_SPLINE_CURVE_WITH_KNOTS ( 'NONE', 3,
 ( #4985, #507, #511, #512 ),
 .UNSPECIFIED., .F., .F.,
 ( 4, 4 ),
 ( 0.0000000000000000000, 9.541583485613714700E-006 ),
 .UNSPECIFIED. ) ;
#4202 = B_SPLINE_CURVE_WITH_KNOTS ( 'NONE', 3,
 ( #527, #525, #535, #536 ),
 .UNSPECIFIED., .F., .F.,
 ( 4, 4 ),
 ( 0.0000000000000000000, 2.218477695222380000E-005 ),
 .UNSPECIFIED. ) ;
#4203 = B_SPLINE_CURVE_WITH_KNOTS ( 'NONE', 3,
 ( #534, #533, #541, #542 ),
 .UNSPECIFIED., .F., .F.,
 ( 4, 4 ),
 ( 0.0001928790426627646700, 0.0002147713818362806900 ),
 .UNSPECIFIED. ) ;
#4204 = B_SPLINE_CURVE_WITH_KNOTS ( 'NONE', 3,
 ( #540, #539, #544, #545 ),
 .UNSPECIFIED., .F., .F.,
 ( 4, 4 ),
 ( 0.0001928790426590658900, 0.0002147713818324036600 ),
 .UNSPECIFIED. ) ;
#4205 = CARTESIAN_POINT ( 'NONE',  ( 0.2183333333333057900, 1.100000000000000100, 1.500000000000107200 ) ) ;
#4206 = FILL_AREA_STYLE_COLOUR ( '', #2927 ) ;
#4207 = CARTESIAN_POINT ( 'NONE',  ( -0.6831048583502472600, 0.7249999999999999800, -1.283333333333118100 ) ) ;
#4208 = CARTESIAN_POINT ( 'NONE',  ( 0.6273857625084524600, 0.4749999999999999800, 1.433333333333491900 ) ) ;
#4209 = CARTESIAN_POINT ( 'NONE',  ( 0.6549999999999732700, 0.3499999999999999800, 1.500000000000107200 ) ) ;
#4210 = CARTESIAN_POINT ( 'NONE',  ( 0.6273857625084524600, 0.9750000000000000900, 1.433333333333491700 ) ) ;
#4211 = CARTESIAN_POINT ( 'NONE',  ( 0.6273857625084524600, 0.4749999999999999800, 1.433333333333491900 ) ) ;
#4212 = CARTESIAN_POINT ( 'NONE',  ( -0.7107190958418049300, 0.9750000000000000900, -1.349999999999838400 ) ) ;
#4213 = CARTESIAN_POINT ( 'NONE',  ( -0.7383333333333626000, 0.3499999999999999800, -1.416666666666558200 ) ) ;
#4214 = FILL_AREA_STYLE ('',( #2494 ) ) ;
#4215 = CARTESIAN_POINT ( 'NONE',  ( -0.5997715250169145500, 0.7249999999999999800, -1.366666666666450200 ) ) ;
#4216 = CARTESIAN_POINT ( 'NONE',  ( -0.6273857625084717800, 0.4749999999999999800, -1.433333333333170800 ) ) ;
#4217 =( NAMED_UNIT ( * ) PLANE_ANGLE_UNIT ( ) SI_UNIT ( $, .RADIAN. ) );
#4218 = CARTESIAN_POINT ( 'NONE',  ( -0.8497715250169127800, 0.7249999999999999800, -1.116666666666454900 ) ) ;
#4219 = CARTESIAN_POINT ( 'NONE',  ( -0.6273857625084718900, 0.9750000000000000900, -1.433333333333170800 ) ) ;
#4220 = SURFACE_SIDE_STYLE ('',( #2968 ) ) ;
#4221 = SURFACE_SIDE_STYLE ('',( #2953 ) ) ;
#4222 =( NAMED_UNIT ( * ) SI_UNIT ( $, .STERADIAN. ) SOLID_ANGLE_UNIT ( ) );
#4223 =( LENGTH_UNIT ( ) NAMED_UNIT ( * ) SI_UNIT ( .MILLI., .METRE. ) );
#4224 =( LENGTH_UNIT ( ) NAMED_UNIT ( * ) SI_UNIT ( .MILLI., .METRE. ) );
#4225 = SURFACE_STYLE_USAGE ( .BOTH. , #4220 ) ;
#4226 = SURFACE_STYLE_USAGE ( .BOTH. , #4227 ) ;
#4227 = SURFACE_SIDE_STYLE ('',( #3306 ) ) ;
#4228 = FILL_AREA_STYLE ('',( #4764 ) ) ;
#4229 = DIRECTION ( 'NONE',  ( -0.7071067811865106000, 0.0000000000000000000, -0.7071067811865845400 ) ) ;
#4230 = CARTESIAN_POINT ( 'NONE',  ( 0.2091285875028114600, 0.4749999999999999800, 1.433333333333491900 ) ) ;
#4231 = FILL_AREA_STYLE_COLOUR ( '', #3298 ) ;
#4232 = CARTESIAN_POINT ( 'NONE',  ( 0.6550000000000015800, 1.100000000000000100, -1.499999999999863200 ) ) ;
#4233 = CARTESIAN_POINT ( 'NONE',  ( 0.2091285875028114400, 0.9750000000000000900, 1.433333333333491700 ) ) ;
#4234 = CARTESIAN_POINT ( 'NONE',  ( -0.6550000000000292300, 0.3499999999999999800, -1.499999999999891200 ) ) ;
#4235 =( LENGTH_UNIT ( ) NAMED_UNIT ( * ) SI_UNIT ( .MILLI., .METRE. ) );
#4236 = CARTESIAN_POINT ( 'NONE',  ( -0.6550000000000292300, 1.100000000000000100, -1.499999999999891000 ) ) ;
#4237 = CARTESIAN_POINT ( 'NONE',  ( -0.6273857625084717800, 0.9750000000000000900, -1.433333333333170800 ) ) ;
#4238 = CARTESIAN_POINT ( 'NONE',  ( -0.5997715250169143300, 0.7249999999999999800, -1.366666666666451100 ) ) ;
#4239 = CARTESIAN_POINT ( 'NONE',  ( -0.6273857625084717800, 0.4749999999999999800, -1.433333333333170800 ) ) ;
#4240 = CARTESIAN_POINT ( 'NONE',  ( 0.6273857625084803300, 0.9750000000000000900, -1.433333333333143700 ) ) ;
#4241 = CARTESIAN_POINT ( 'NONE',  ( -0.6550000000000292300, 0.3499999999999999800, -1.499999999999891000 ) ) ;
#4242 = CARTESIAN_POINT ( 'NONE',  ( -0.2183333333333522500, 1.100000000000000100, -1.499999999999881700 ) ) ;
#4243 =( NAMED_UNIT ( * ) SI_UNIT ( $, .STERADIAN. ) SOLID_ANGLE_UNIT ( ) );
#4244 = CARTESIAN_POINT ( 'NONE',  ( -0.9050000000000293400, 0.3499999999999999800, -1.249999999999892100 ) ) ;
#4245 = CARTESIAN_POINT ( 'NONE',  ( 0.5997715250169592900, 0.7249999999999999800, -1.366666666666424200 ) ) ;
#4246 = CARTESIAN_POINT ( 'NONE',  ( 0.7383333333333255100, 1.100000000000000100, -1.416666666666539500 ) ) ;
#4247 = CARTESIAN_POINT ( 'NONE',  ( 0.5997715250169591800, 0.7249999999999999800, -1.366666666666424200 ) ) ;
#4248 = CARTESIAN_POINT ( 'NONE',  ( -0.2183333333333522500, 0.3499999999999999800, -1.499999999999881700 ) ) ;
#4249 = CARTESIAN_POINT ( 'NONE',  ( -0.2091285875028210400, 0.4749999999999999800, -1.433333333333161900 ) ) ;
#4250 = CARTESIAN_POINT ( 'NONE',  ( -0.2091285875028210100, 0.9750000000000000900, -1.433333333333161700 ) ) ;
#4251 =( NAMED_UNIT ( * ) SI_UNIT ( $, .STERADIAN. ) SOLID_ANGLE_UNIT ( ) );
#4252 = SURFACE_STYLE_USAGE ( .BOTH. , #4761 ) ;
#4253 = CARTESIAN_POINT ( 'NONE',  ( 1.250000000000027100, 0.3499999999999999800, 1.250000000000107200 ) ) ;
#4254 = CARTESIAN_POINT ( 'NONE',  ( 0.2091285875028297300, 0.4749999999999999800, -1.433333333333152400 ) ) ;
#4255 = CARTESIAN_POINT ( 'NONE',  ( 0.2091285875028297000, 0.9750000000000000900, -1.433333333333152400 ) ) ;
#4256 = CARTESIAN_POINT ( 'NONE',  ( 0.1999238416723171700, 0.7249999999999999800, 1.366666666666876100 ) ) ;
#4257 =( NAMED_UNIT ( * ) PLANE_ANGLE_UNIT ( ) SI_UNIT ( $, .RADIAN. ) );
#4258 = CARTESIAN_POINT ( 'NONE',  ( 0.2183333333333057900, 0.3499999999999999800, 1.500000000000107200 ) ) ;
#4259 = CARTESIAN_POINT ( 'NONE',  ( 1.183333333333377100, 0.4749999999999999800, 1.183333333333491200 ) ) ;
#4260 = CARTESIAN_POINT ( 'NONE',  ( 0.2183333333333247200, 0.3499999999999999800, -1.499999999999872300 ) ) ;
#4261 = FILL_AREA_STYLE_COLOUR ( '', #2940 ) ;
#4262 = CARTESIAN_POINT ( 'NONE',  ( 0.6549999999999732700, 1.100000000000000100, 1.500000000000107200 ) ) ;
#4263 = CARTESIAN_POINT ( 'NONE',  ( 0.1999238416723345400, 0.7249999999999999800, -1.366666666666433300 ) ) ;
#4264 = CARTESIAN_POINT ( 'NONE',  ( -0.1999238416722898800, 0.7249999999999999800, -1.366666666666441800 ) ) ;
#4265 = CARTESIAN_POINT ( 'NONE',  ( 0.2183333333333247200, 1.100000000000000100, -1.499999999999872300 ) ) ;
#4266 = FILL_AREA_STYLE_COLOUR ( '', #3289 ) ;
#4267 = CARTESIAN_POINT ( 'NONE',  ( -0.7940524291751378500, 0.4749999999999999800, -1.266666666666505600 ) ) ;
#4268 = CARTESIAN_POINT ( 'NONE',  ( -0.7383333333333626000, 1.100000000000000100, -1.416666666666558200 ) ) ;
#4269 = FILL_AREA_STYLE ('',( #4231 ) ) ;
#4270 = CARTESIAN_POINT ( 'NONE',  ( -0.7664381916835801800, 0.7249999999999999800, -1.199999999999787200 ) ) ;
#4271 = CARTESIAN_POINT ( 'NONE',  ( -0.8216666666666958600, 1.100000000000000100, -1.333333333333224900 ) ) ;
#4272 = CARTESIAN_POINT ( 'NONE',  ( -0.7940524291751378500, 0.9750000000000000900, -1.266666666666505400 ) ) ;
#4273 = CARTESIAN_POINT ( 'NONE',  ( -1.135000000000045100, 0.3499999999999999800, -1.249999999999892100 ) ) ;
#4274 = CARTESIAN_POINT ( 'NONE',  ( -0.8773857625084710000, 0.9750000000000000900, -1.183333333333173500 ) ) ;
#4275 = CARTESIAN_POINT ( 'NONE',  ( -1.081350809725068800, 0.4749999999999999800, -1.183333333333173500 ) ) ;
#4276 = CARTESIAN_POINT ( 'NONE',  ( -0.9050000000000293400, 0.3499999999999999800, -1.249999999999892100 ) ) ;
#4277 = CARTESIAN_POINT ( 'NONE',  ( -1.027701619450092500, 0.7249999999999999800, -1.116666666666454900 ) ) ;
#4278 = CARTESIAN_POINT ( 'NONE',  ( -0.8216666666666958600, 0.3499999999999999800, -1.333333333333224900 ) ) ;
#4279 = CARTESIAN_POINT ( 'NONE',  ( -1.081350809725068800, 0.9750000000000000900, -1.183333333333173500 ) ) ;
#4280 = CARTESIAN_POINT ( 'NONE',  ( 0.6273857625084802200, 0.9750000000000000900, -1.433333333333143700 ) ) ;
#4281 = CARTESIAN_POINT ( 'NONE',  ( -1.135000000000045100, 1.100000000000000100, -1.249999999999892100 ) ) ;
#4282 = CARTESIAN_POINT ( 'NONE',  ( -1.250000000000053100, 0.3499999999999999800, -1.249999999999892100 ) ) ;
#4283 = CARTESIAN_POINT ( 'NONE',  ( -0.7107190958418049300, 0.4749999999999999800, -1.349999999999838400 ) ) ;
#4284 = CARTESIAN_POINT ( 'NONE',  ( -1.183333333333367800, 0.4749999999999999800, -1.183333333333173500 ) ) ;
#4285 = CARTESIAN_POINT ( 'NONE',  ( -0.8773857625084708900, 0.4749999999999999800, -1.183333333333173500 ) ) ;
#4286 = CARTESIAN_POINT ( 'NONE',  ( -1.116666666666682200, 0.7249999999999999800, -1.116666666666454900 ) ) ;
#4287 = CARTESIAN_POINT ( 'NONE',  ( 0.5997715250169316500, 0.7249999999999999800, 1.366666666666876100 ) ) ;
#4288 = CARTESIAN_POINT ( 'NONE',  ( -1.183333333333367800, 0.9750000000000000900, -1.183333333333173500 ) ) ;
#4289 =( LENGTH_UNIT ( ) NAMED_UNIT ( * ) SI_UNIT ( .MILLI., .METRE. ) );
#4290 = CARTESIAN_POINT ( 'NONE',  ( -1.250000000000053100, 1.100000000000000100, -1.249999999999892100 ) ) ;
#4291 =( NAMED_UNIT ( * ) PLANE_ANGLE_UNIT ( ) SI_UNIT ( $, .RADIAN. ) );
#4292 = PLANE ( 'NONE',  #3586 ) ;
#4293 =( NAMED_UNIT ( * ) SI_UNIT ( $, .STERADIAN. ) SOLID_ANGLE_UNIT ( ) );
#4294 = PLANE ( 'NONE',  #3581 ) ;
#4295 = FILL_AREA_STYLE_COLOUR ( '', #3299 ) ;
#4296 = CARTESIAN_POINT ( 'NONE',  ( 0.8773857625084530200, 0.4749999999999999800, -1.183333333333173500 ) ) ;
#4297 = FILL_AREA_STYLE ('',( #4266 ) ) ;
#4298 = CARTESIAN_POINT ( 'NONE',  ( 0.8497715250169332000, 0.7249999999999999800, -1.116666666666454900 ) ) ;
#4299 = SURFACE_SIDE_STYLE ('',( #3290 ) ) ;
#4300 = CARTESIAN_POINT ( 'NONE',  ( 0.8773857625084531300, 0.9750000000000000900, -1.183333333333173500 ) ) ;
#4301 = SURFACE_STYLE_USAGE ( .BOTH. , #4299 ) ;
#4302 =( LENGTH_UNIT ( ) NAMED_UNIT ( * ) SI_UNIT ( .MILLI., .METRE. ) );
#4303 = CARTESIAN_POINT ( 'NONE',  ( 0.9049999999999730500, 1.100000000000000100, -1.249999999999892100 ) ) ;
#4304 =( NAMED_UNIT ( * ) PLANE_ANGLE_UNIT ( ) SI_UNIT ( $, .RADIAN. ) );
#4305 = CARTESIAN_POINT ( 'NONE',  ( 0.8216666666666492300, 0.3499999999999999800, -1.333333333333216000 ) ) ;
#4306 =( NAMED_UNIT ( * ) SI_UNIT ( $, .STERADIAN. ) SOLID_ANGLE_UNIT ( ) );
#4307 = CARTESIAN_POINT ( 'NONE',  ( 0.7940524291751288600, 0.4749999999999999800, -1.266666666666497000 ) ) ;
#4308 = CARTESIAN_POINT ( 'NONE',  ( 0.7664381916836081600, 0.7249999999999999800, -1.199999999999777700 ) ) ;
#4309 = CARTESIAN_POINT ( 'NONE',  ( -0.9050000000000292300, 1.450000000000000200, -1.249999999999892100 ) ) ;
#4310 = CARTESIAN_POINT ( 'NONE',  ( 0.7940524291751289700, 0.9750000000000000900, -1.266666666666497200 ) ) ;
#4311 = DIRECTION ( 'NONE',  ( 0.7071067811865461300, -0.0000000000000000000, 0.7071067811865489100 ) ) ;
#4312 = CARTESIAN_POINT ( 'NONE',  ( 1.183333333333376900, 0.9750000000000000900, 1.183333333333491200 ) ) ;
#4313 = DIRECTION ( 'NONE',  ( 0.7071067811865489100, 0.0000000000000000000, -0.7071067811865461300 ) ) ;
#4314 = CARTESIAN_POINT ( 'NONE',  ( 0.8216666666666492300, 1.100000000000000100, -1.333333333333216000 ) ) ;
#4315 = PLANE ( 'NONE',  #3592 ) ;
#4316 = FILL_AREA_STYLE_COLOUR ( '', #3293 ) ;
#4317 = FILL_AREA_STYLE ('',( #4295 ) ) ;
#4318 = SURFACE_SIDE_STYLE ('',( #3300 ) ) ;
#4319 = CARTESIAN_POINT ( 'NONE',  ( 0.7383333333333255100, 0.3499999999999999800, -1.416666666666539500 ) ) ;
#4320 = SURFACE_STYLE_USAGE ( .BOTH. , #4318 ) ;
#4321 =( LENGTH_UNIT ( ) NAMED_UNIT ( * ) SI_UNIT ( .MILLI., .METRE. ) );
#4322 =( NAMED_UNIT ( * ) PLANE_ANGLE_UNIT ( ) SI_UNIT ( $, .RADIAN. ) );
#4323 =( NAMED_UNIT ( * ) SI_UNIT ( $, .STERADIAN. ) SOLID_ANGLE_UNIT ( ) );
#4324 = CARTESIAN_POINT ( 'NONE',  ( -1.250000000000053100, 1.450000000000000200, -1.249999999999892100 ) ) ;
#4325 = DIRECTION ( 'NONE',  ( 0.0000000000000000000, 0.0000000000000000000, 1.000000000000000000 ) ) ;
#4326 = DIRECTION ( 'NONE',  ( 1.000000000000000000, 0.0000000000000000000, -0.0000000000000000000 ) ) ;
#4327 = PLANE ( 'NONE',  #3597 ) ;
#4328 = CARTESIAN_POINT ( 'NONE',  ( 1.250000000000027100, 1.100000000000000100, 1.250000000000107200 ) ) ;
#4329 = CARTESIAN_POINT ( 'NONE',  ( 0.7107190958418047000, 0.4749999999999999800, -1.349999999999820200 ) ) ;
#4330 = FILL_AREA_STYLE_COLOUR ( '', #3262 ) ;
#4331 = CARTESIAN_POINT ( 'NONE',  ( 0.6831048583502835600, 0.7249999999999999800, -1.283333333333101200 ) ) ;
#4332 = FILL_AREA_STYLE ('',( #4316 ) ) ;
#4333 = CARTESIAN_POINT ( 'NONE',  ( 0.7107190958418047000, 0.9750000000000000900, -1.349999999999820200 ) ) ;
#4334 = SURFACE_SIDE_STYLE ('',( #3294 ) ) ;
#4335 = SURFACE_STYLE_USAGE ( .BOTH. , #4337 ) ;
#4336 = SURFACE_STYLE_USAGE ( .BOTH. , #4334 ) ;
#4337 = SURFACE_SIDE_STYLE ('',( #3285 ) ) ;
#4338 =( LENGTH_UNIT ( ) NAMED_UNIT ( * ) SI_UNIT ( .MILLI., .METRE. ) );
#4339 = FILL_AREA_STYLE ('',( #4406 ) ) ;
#4340 =( NAMED_UNIT ( * ) PLANE_ANGLE_UNIT ( ) SI_UNIT ( $, .RADIAN. ) );
#4341 = FILL_AREA_STYLE_COLOUR ( '', #3296 ) ;
#4342 =( NAMED_UNIT ( * ) SI_UNIT ( $, .STERADIAN. ) SOLID_ANGLE_UNIT ( ) );
#4343 = CARTESIAN_POINT ( 'NONE',  ( 0.9049999999999730500, 0.3499999999999999800, -1.249999999999892100 ) ) ;
#4344 = CARTESIAN_POINT ( 'NONE',  ( -1.250000000000053100, 1.450000000000000200, 1.250000000000075100 ) ) ;
#4345 = CARTESIAN_POINT ( 'NONE',  ( 0.9049999999999730500, 1.100000000000000100, -1.249999999999892100 ) ) ;
#4346 = DIRECTION ( 'NONE',  ( 1.000000000000000000, -0.0000000000000000000, 0.0000000000000000000 ) ) ;
#4347 = CARTESIAN_POINT ( 'NONE',  ( 0.8773857625084531300, 0.9750000000000000900, -1.183333333333173500 ) ) ;
#4348 = DIRECTION ( 'NONE',  ( 0.0000000000000000000, 0.0000000000000000000, -1.000000000000000000 ) ) ;
#4349 = CARTESIAN_POINT ( 'NONE',  ( 0.8497715250169332000, 0.7249999999999999800, -1.116666666666454900 ) ) ;
#4350 = PLANE ( 'NONE',  #3602 ) ;
#4351 = CARTESIAN_POINT ( 'NONE',  ( 0.8773857625084530200, 0.4749999999999999800, -1.183333333333173500 ) ) ;
#4352 = FILL_AREA_STYLE_COLOUR ( '', #3258 ) ;
#4353 = CARTESIAN_POINT ( 'NONE',  ( 0.9049999999999730500, 0.3499999999999999800, -1.249999999999892100 ) ) ;
#4354 = FILL_AREA_STYLE ('',( #4330 ) ) ;
#4355 = CARTESIAN_POINT ( 'NONE',  ( 1.019999999999991100, 1.100000000000000100, -1.249999999999896700 ) ) ;
#4356 = SURFACE_SIDE_STYLE ('',( #3265 ) ) ;
#4357 = SURFACE_STYLE_USAGE ( .BOTH. , #4356 ) ;
#4358 = CARTESIAN_POINT ( 'NONE',  ( 1.116666666666727100, 0.7249999999999999800, 1.116666666666875000 ) ) ;
#4359 =( LENGTH_UNIT ( ) NAMED_UNIT ( * ) SI_UNIT ( .MILLI., .METRE. ) );
#4360 =( NAMED_UNIT ( * ) PLANE_ANGLE_UNIT ( ) SI_UNIT ( $, .RADIAN. ) );
#4361 = CARTESIAN_POINT ( 'NONE',  ( 0.9793682861167611900, 0.9750000000000000900, -1.183333333333177900 ) ) ;
#4362 =( NAMED_UNIT ( * ) SI_UNIT ( $, .STERADIAN. ) SOLID_ANGLE_UNIT ( ) );
#4363 = CARTESIAN_POINT ( 'NONE',  ( 1.250000000000027100, 0.3499999999999999800, 1.250000000000107500 ) ) ;
#4364 = CARTESIAN_POINT ( 'NONE',  ( 0.9387365722335305800, 0.7249999999999999800, -1.116666666666459100 ) ) ;
#4365 = CARTESIAN_POINT ( 'NONE',  ( -0.9050000000000292300, 1.450000000000000200, 1.250000000000107200 ) ) ;
#4366 = CARTESIAN_POINT ( 'NONE',  ( 0.9793682861167611900, 0.4749999999999999800, -1.183333333333177900 ) ) ;
#4367 = DIRECTION ( 'NONE',  ( 9.302140378425712300E-014, 0.0000000000000000000, -1.000000000000000000 ) ) ;
#4368 = CARTESIAN_POINT ( 'NONE',  ( 1.019999999999991100, 0.3499999999999999800, -1.249999999999896700 ) ) ;
#4369 = DIRECTION ( 'NONE',  ( -1.000000000000000000, 0.0000000000000000000, -9.302140378425712300E-014 ) ) ;
#4370 = CARTESIAN_POINT ( 'NONE',  ( 1.135000000000009300, 1.100000000000000100, -1.249999999999901600 ) ) ;
#4371 = PLANE ( 'NONE',  #3611 ) ;
#4372 = CARTESIAN_POINT ( 'NONE',  ( 1.081350809725069300, 0.9750000000000000900, -1.183333333333182100 ) ) ;
#4373 = CARTESIAN_POINT ( 'NONE',  ( 1.027701619450128500, 0.7249999999999999800, -1.116666666666462400 ) ) ;
#4374 = FILL_AREA_STYLE_COLOUR ( '', #3266 ) ;
#4375 = FILL_AREA_STYLE ('',( #4352 ) ) ;
#4376 = FILL_AREA_STYLE_COLOUR ( '', #3279 ) ;
#4377 = SURFACE_SIDE_STYLE ('',( #3268 ) ) ;
#4378 =( LENGTH_UNIT ( ) NAMED_UNIT ( * ) SI_UNIT ( .MILLI., .METRE. ) );
#4379 = SURFACE_STYLE_USAGE ( .BOTH. , #4377 ) ;
#4380 = CARTESIAN_POINT ( 'NONE',  ( 1.081350809725069000, 0.4749999999999999800, -1.183333333333182100 ) ) ;
#4381 =( LENGTH_UNIT ( ) NAMED_UNIT ( * ) SI_UNIT ( .MILLI., .METRE. ) );
#4382 = CARTESIAN_POINT ( 'NONE',  ( 1.135000000000009300, 0.3499999999999999800, -1.249999999999901600 ) ) ;
#4383 =( NAMED_UNIT ( * ) PLANE_ANGLE_UNIT ( ) SI_UNIT ( $, .RADIAN. ) );
#4384 = CARTESIAN_POINT ( 'NONE',  ( 1.250000000000027100, 1.100000000000000100, -1.249999999999906100 ) ) ;
#4385 =( NAMED_UNIT ( * ) SI_UNIT ( $, .STERADIAN. ) SOLID_ANGLE_UNIT ( ) );
#4386 = CARTESIAN_POINT ( 'NONE',  ( 1.183333333333376900, 0.9750000000000000900, -1.183333333333186400 ) ) ;
#4387 = CARTESIAN_POINT ( 'NONE',  ( 1.116666666666727100, 0.7249999999999999800, -1.116666666666466400 ) ) ;
#4388 = CARTESIAN_POINT ( 'NONE',  ( 0.6549999999999732700, 1.450000000000000200, 1.500000000000107200 ) ) ;
#4389 = DIRECTION ( 'NONE',  ( 0.0000000000000000000, 0.0000000000000000000, -1.000000000000000000 ) ) ;
#4390 = DIRECTION ( 'NONE',  ( -1.000000000000000000, 0.0000000000000000000, -0.0000000000000000000 ) ) ;
#4391 = PLANE ( 'NONE',  #3621 ) ;
#4392 = CARTESIAN_POINT ( 'NONE',  ( 1.250000000000027100, 0.3499999999999999800, -1.249999999999906100 ) ) ;
#4393 = FILL_AREA_STYLE_COLOUR ( '', #2976 ) ;
#4394 = CARTESIAN_POINT ( 'NONE',  ( 1.183333333333377100, 0.4749999999999999800, -1.183333333333186600 ) ) ;
#4395 = FILL_AREA_STYLE ('',( #4374 ) ) ;
#4396 = CARTESIAN_POINT ( 'NONE',  ( 1.116666666666727100, 0.7249999999999999800, -1.116666666666466400 ) ) ;
#4397 = SURFACE_SIDE_STYLE ('',( #3259 ) ) ;
#4398 = FILL_AREA_STYLE ('',( #4825 ) ) ;
#4399 = SURFACE_STYLE_USAGE ( .BOTH. , #4397 ) ;
#4400 = CARTESIAN_POINT ( 'NONE',  ( 1.183333333333376900, 0.9750000000000000900, -1.183333333333186400 ) ) ;
#4401 =( LENGTH_UNIT ( ) NAMED_UNIT ( * ) SI_UNIT ( .MILLI., .METRE. ) );
#4402 = CARTESIAN_POINT ( 'NONE',  ( 1.250000000000027100, 1.100000000000000100, -1.249999999999906100 ) ) ;
#4403 =( NAMED_UNIT ( * ) PLANE_ANGLE_UNIT ( ) SI_UNIT ( $, .RADIAN. ) );
#4404 =( NAMED_UNIT ( * ) SI_UNIT ( $, .STERADIAN. ) SOLID_ANGLE_UNIT ( ) );
#4405 = CARTESIAN_POINT ( 'NONE',  ( 1.250000000000027100, 0.3499999999999999800, -1.249999999999906100 ) ) ;
#4406 = FILL_AREA_STYLE_COLOUR ( '', #3284 ) ;
#4407 = CARTESIAN_POINT ( 'NONE',  ( 0.9049999999999730500, 1.450000000000000200, 1.250000000000107200 ) ) ;
#4408 = SURFACE_SIDE_STYLE ('',( #2938 ) ) ;
#4409 = DIRECTION ( 'NONE',  ( -0.7071067811865479100, 0.0000000000000000000, -0.7071067811865472400 ) ) ;
#4410 = SURFACE_STYLE_USAGE ( .BOTH. , #4408 ) ;
#4411 = DIRECTION ( 'NONE',  ( -0.7071067811865472400, 0.0000000000000000000, 0.7071067811865479100 ) ) ;
#4412 = FILL_AREA_STYLE ('',( #4376 ) ) ;
#4413 = PLANE ( 'NONE',  #3627 ) ;
#4414 = SURFACE_SIDE_STYLE ('',( #3280 ) ) ;
#4415 = FILL_AREA_STYLE_COLOUR ( '', #2943 ) ;
#4416 = SURFACE_STYLE_USAGE ( .BOTH. , #4414 ) ;
#4417 = FILL_AREA_STYLE ('',( #4393 ) ) ;
#4418 =( LENGTH_UNIT ( ) NAMED_UNIT ( * ) SI_UNIT ( .MILLI., .METRE. ) );
#4419 = SURFACE_SIDE_STYLE ('',( #2978 ) ) ;
#4420 = CARTESIAN_POINT ( 'NONE',  ( 1.183333333333376900, 0.9750000000000000900, -0.3944444444442938300 ) ) ;
#4421 = SURFACE_STYLE_USAGE ( .BOTH. , #4419 ) ;
#4422 =( NAMED_UNIT ( * ) PLANE_ANGLE_UNIT ( ) SI_UNIT ( $, .RADIAN. ) );
#4423 =( LENGTH_UNIT ( ) NAMED_UNIT ( * ) SI_UNIT ( .MILLI., .METRE. ) );
#4424 =( NAMED_UNIT ( * ) PLANE_ANGLE_UNIT ( ) SI_UNIT ( $, .RADIAN. ) );
#4425 =( NAMED_UNIT ( * ) SI_UNIT ( $, .STERADIAN. ) SOLID_ANGLE_UNIT ( ) );
#4426 = CARTESIAN_POINT ( 'NONE',  ( 1.250000000000027100, 1.450000000000000200, 1.250000000000107200 ) ) ;
#4427 = DIRECTION ( 'NONE',  ( 0.0000000000000000000, 0.0000000000000000000, -1.000000000000000000 ) ) ;
#4428 = DIRECTION ( 'NONE',  ( -1.000000000000000000, 0.0000000000000000000, -0.0000000000000000000 ) ) ;
#4429 = PLANE ( 'NONE',  #3633 ) ;
#4430 = FILL_AREA_STYLE_COLOUR ( '', #3250 ) ;
#4431 = FILL_AREA_STYLE ('',( #4415 ) ) ;
#4432 = SURFACE_SIDE_STYLE ('',( #2942 ) ) ;
#4433 = SURFACE_STYLE_USAGE ( .BOTH. , #4432 ) ;
#4434 =( LENGTH_UNIT ( ) NAMED_UNIT ( * ) SI_UNIT ( .MILLI., .METRE. ) );
#4435 =( NAMED_UNIT ( * ) PLANE_ANGLE_UNIT ( ) SI_UNIT ( $, .RADIAN. ) );
#4436 = CARTESIAN_POINT ( 'NONE',  ( 0.6273857625084524600, 0.9750000000000000900, 1.433333333333491700 ) ) ;
#4437 =( NAMED_UNIT ( * ) SI_UNIT ( $, .STERADIAN. ) SOLID_ANGLE_UNIT ( ) );
#4438 = CARTESIAN_POINT ( 'NONE',  ( 0.5997715250169316500, 0.7249999999999999800, 1.366666666666876100 ) ) ;
#4439 = CARTESIAN_POINT ( 'NONE',  ( -0.2091285875028295300, 0.9750000000000000900, 1.433333333333491700 ) ) ;
#4440 = CARTESIAN_POINT ( 'NONE',  ( 1.250000000000027100, 1.450000000000000200, -1.249999999999906100 ) ) ;
#4441 = DIRECTION ( 'NONE',  ( -1.000000000000000000, 0.0000000000000000000, 0.0000000000000000000 ) ) ;
#4442 = DIRECTION ( 'NONE',  ( 0.0000000000000000000, 0.0000000000000000000, 1.000000000000000000 ) ) ;
#4443 = PLANE ( 'NONE',  #3639 ) ;
#4444 = FILL_AREA_STYLE_COLOUR ( '', #97 ) ;
#4445 = FILL_AREA_STYLE ('',( #4430 ) ) ;
#4446 = SURFACE_SIDE_STYLE ('',( #997 ) ) ;
#4447 = SURFACE_STYLE_USAGE ( .BOTH. , #4446 ) ;
#4448 = CARTESIAN_POINT ( 'NONE',  ( 1.250000000000027100, 1.100000000000000100, -0.4166666666665683200 ) ) ;
#4449 =( LENGTH_UNIT ( ) NAMED_UNIT ( * ) SI_UNIT ( .MILLI., .METRE. ) );
#4450 =( NAMED_UNIT ( * ) PLANE_ANGLE_UNIT ( ) SI_UNIT ( $, .RADIAN. ) );
#4451 =( NAMED_UNIT ( * ) SI_UNIT ( $, .STERADIAN. ) SOLID_ANGLE_UNIT ( ) );
#4452 = CARTESIAN_POINT ( 'NONE',  ( 0.9049999999999730500, 1.450000000000000200, -1.249999999999892100 ) ) ;
#4453 = DIRECTION ( 'NONE',  ( 4.085399490524449300E-014, -0.0000000000000000000, 1.000000000000000000 ) ) ;
#4454 = DIRECTION ( 'NONE',  ( 1.000000000000000000, 0.0000000000000000000, -4.085399490524449300E-014 ) ) ;
#4455 = PLANE ( 'NONE',  #3645 ) ;
#4456 = FILL_AREA_STYLE_COLOUR ( '', #101 ) ;
#4457 = FILL_AREA_STYLE ('',( #4444 ) ) ;
#4458 = SURFACE_SIDE_STYLE ('',( #96 ) ) ;
#4459 = SURFACE_STYLE_USAGE ( .BOTH. , #4458 ) ;
#4460 =( LENGTH_UNIT ( ) NAMED_UNIT ( * ) SI_UNIT ( .MILLI., .METRE. ) );
#4461 =( NAMED_UNIT ( * ) PLANE_ANGLE_UNIT ( ) SI_UNIT ( $, .RADIAN. ) );
#4462 =( NAMED_UNIT ( * ) SI_UNIT ( $, .STERADIAN. ) SOLID_ANGLE_UNIT ( ) );
#4463 = CARTESIAN_POINT ( 'NONE',  ( 0.6550000000000016900, 1.450000000000000200, -1.499999999999863000 ) ) ;
#4464 = DIRECTION ( 'NONE',  ( -0.7071067811865469100, 0.0000000000000000000, 0.7071067811865482400 ) ) ;
#4465 = DIRECTION ( 'NONE',  ( 0.7071067811865482400, 0.0000000000000000000, 0.7071067811865469100 ) ) ;
#4466 = PLANE ( 'NONE',  #3651 ) ;
#4467 = FILL_AREA_STYLE_COLOUR ( '', #105 ) ;
#4468 = FILL_AREA_STYLE ('',( #4456 ) ) ;
#4469 = SURFACE_SIDE_STYLE ('',( #100 ) ) ;
#4470 = SURFACE_STYLE_USAGE ( .BOTH. , #4469 ) ;
#4471 =( LENGTH_UNIT ( ) NAMED_UNIT ( * ) SI_UNIT ( .MILLI., .METRE. ) );
#4472 =( NAMED_UNIT ( * ) PLANE_ANGLE_UNIT ( ) SI_UNIT ( $, .RADIAN. ) );
#4473 =( NAMED_UNIT ( * ) SI_UNIT ( $, .STERADIAN. ) SOLID_ANGLE_UNIT ( ) );
#4474 = CARTESIAN_POINT ( 'NONE',  ( -0.6550000000000292300, 1.450000000000000200, -1.499999999999891000 ) ) ;
#4475 = DIRECTION ( 'NONE',  ( -2.135298935124072200E-014, 0.0000000000000000000, 1.000000000000000000 ) ) ;
#4476 = DIRECTION ( 'NONE',  ( 1.000000000000000000, 0.0000000000000000000, 2.135298935124072200E-014 ) ) ;
#4477 = DIRECTION ( 'NONE',  ( 0.0000000000000000000, -1.000000000000000000, 0.0000000000000000000 ) ) ;
#4478 = FILL_AREA_STYLE_COLOUR ( '', #109 ) ;
#4479 = FILL_AREA_STYLE ('',( #4467 ) ) ;
#4480 = SURFACE_SIDE_STYLE ('',( #104 ) ) ;
#4481 = SURFACE_STYLE_USAGE ( .BOTH. , #4221 ) ;
#4482 = SURFACE_STYLE_USAGE ( .BOTH. , #4480 ) ;
#4483 =( LENGTH_UNIT ( ) NAMED_UNIT ( * ) SI_UNIT ( .MILLI., .METRE. ) );
#4484 =( NAMED_UNIT ( * ) PLANE_ANGLE_UNIT ( ) SI_UNIT ( $, .RADIAN. ) );
#4485 =( NAMED_UNIT ( * ) SI_UNIT ( $, .STERADIAN. ) SOLID_ANGLE_UNIT ( ) );
#4486 = CARTESIAN_POINT ( 'NONE',  ( 0.0000000000000000000, 1.450000000000000200, 0.0000000000000000000 ) ) ;
#4487 = DIRECTION ( 'NONE',  ( 0.0000000000000000000, -1.000000000000000000, 0.0000000000000000000 ) ) ;
#4488 = DIRECTION ( 'NONE',  ( 0.0000000000000000000, -0.0000000000000000000, -1.000000000000000000 ) ) ;
#4489 = CARTESIAN_POINT ( 'NONE',  ( -1.050000000000053100, 1.450000000000000200, -1.049999999999891900 ) ) ;
#4490 = FILL_AREA_STYLE_COLOUR ( '', #110 ) ;
#4491 = FILL_AREA_STYLE ('',( #4478 ) ) ;
#4492 = FILL_AREA_STYLE ('',( #4206 ) ) ;
#4493 = SURFACE_SIDE_STYLE ('',( #108 ) ) ;
#4494 = SURFACE_STYLE_USAGE ( .BOTH. , #4493 ) ;
#4495 =( LENGTH_UNIT ( ) NAMED_UNIT ( * ) SI_UNIT ( .MILLI., .METRE. ) );
#4496 =( NAMED_UNIT ( * ) PLANE_ANGLE_UNIT ( ) SI_UNIT ( $, .RADIAN. ) );
#4497 =( NAMED_UNIT ( * ) SI_UNIT ( $, .STERADIAN. ) SOLID_ANGLE_UNIT ( ) );
#4498 = DIRECTION ( 'NONE',  ( 0.0000000000000000000, 0.0000000000000000000, -1.000000000000000000 ) ) ;
#4499 = CARTESIAN_POINT ( 'NONE',  ( -0.5721572875254122800, 1.450000000000000200, -1.299999999999889200 ) ) ;
#4500 = DIRECTION ( 'NONE',  ( 0.0000000000000000000, -1.000000000000000000, 0.0000000000000000000 ) ) ;
#4501 = FILL_AREA_STYLE_COLOUR ( '', #115 ) ;
#4502 = FILL_AREA_STYLE ('',( #4490 ) ) ;
#4503 = SURFACE_SIDE_STYLE ('',( #113 ) ) ;
#4504 = SURFACE_STYLE_USAGE ( .BOTH. , #4503 ) ;
#4505 =( LENGTH_UNIT ( ) NAMED_UNIT ( * ) SI_UNIT ( .MILLI., .METRE. ) );
#4506 =( NAMED_UNIT ( * ) PLANE_ANGLE_UNIT ( ) SI_UNIT ( $, .RADIAN. ) );
#4507 =( NAMED_UNIT ( * ) SI_UNIT ( $, .STERADIAN. ) SOLID_ANGLE_UNIT ( ) );
#4508 = DIRECTION ( 'NONE',  ( 0.0000000000000000000, 0.0000000000000000000, -1.000000000000000000 ) ) ;
#4509 = CARTESIAN_POINT ( 'NONE',  ( 0.5721572875253812000, 1.450000000000000200, -1.299999999999864600 ) ) ;
#4510 = DIRECTION ( 'NONE',  ( 0.0000000000000000000, -1.000000000000000000, 0.0000000000000000000 ) ) ;
#4511 = FILL_AREA_STYLE_COLOUR ( '', #120 ) ;
#4512 = FILL_AREA_STYLE ('',( #4501 ) ) ;
#4513 = SURFACE_SIDE_STYLE ('',( #118 ) ) ;
#4514 = SURFACE_STYLE_USAGE ( .BOTH. , #4513 ) ;
#4515 =( LENGTH_UNIT ( ) NAMED_UNIT ( * ) SI_UNIT ( .MILLI., .METRE. ) );
#4516 =( NAMED_UNIT ( * ) PLANE_ANGLE_UNIT ( ) SI_UNIT ( $, .RADIAN. ) );
#4517 =( NAMED_UNIT ( * ) SI_UNIT ( $, .STERADIAN. ) SOLID_ANGLE_UNIT ( ) );
#4518 = DIRECTION ( 'NONE',  ( 0.0000000000000000000, 0.0000000000000000000, -1.000000000000000000 ) ) ;
#4519 = CARTESIAN_POINT ( 'NONE',  ( 1.050000000000027100, 1.450000000000000200, -1.049999999999897900 ) ) ;
#4520 = DIRECTION ( 'NONE',  ( 0.0000000000000000000, -1.000000000000000000, 0.0000000000000000000 ) ) ;
#4521 = FILL_AREA_STYLE_COLOUR ( '', #125 ) ;
#4522 = FILL_AREA_STYLE ('',( #4511 ) ) ;
#4523 = SURFACE_SIDE_STYLE ('',( #123 ) ) ;
#4524 = SURFACE_STYLE_USAGE ( .BOTH. , #4523 ) ;
#4525 =( LENGTH_UNIT ( ) NAMED_UNIT ( * ) SI_UNIT ( .MILLI., .METRE. ) );
#4526 =( NAMED_UNIT ( * ) PLANE_ANGLE_UNIT ( ) SI_UNIT ( $, .RADIAN. ) );
#4527 =( NAMED_UNIT ( * ) SI_UNIT ( $, .STERADIAN. ) SOLID_ANGLE_UNIT ( ) );
#4528 = DIRECTION ( 'NONE',  ( 0.0000000000000000000, 0.0000000000000000000, -1.000000000000000000 ) ) ;
#4529 = CARTESIAN_POINT ( 'NONE',  ( 1.050000000000027100, 1.450000000000000200, 1.050000000000106800 ) ) ;
#4530 = DIRECTION ( 'NONE',  ( 0.0000000000000000000, -1.000000000000000000, 0.0000000000000000000 ) ) ;
#4531 = FILL_AREA_STYLE_COLOUR ( '', #130 ) ;
#4532 = FILL_AREA_STYLE ('',( #4521 ) ) ;
#4533 = SURFACE_SIDE_STYLE ('',( #128 ) ) ;
#4534 = SURFACE_STYLE_USAGE ( .BOTH. , #4533 ) ;
#4535 =( LENGTH_UNIT ( ) NAMED_UNIT ( * ) SI_UNIT ( .MILLI., .METRE. ) );
#4536 =( NAMED_UNIT ( * ) PLANE_ANGLE_UNIT ( ) SI_UNIT ( $, .RADIAN. ) );
#4537 =( NAMED_UNIT ( * ) SI_UNIT ( $, .STERADIAN. ) SOLID_ANGLE_UNIT ( ) );
#4538 = DIRECTION ( 'NONE',  ( 0.0000000000000000000, 0.0000000000000000000, -1.000000000000000000 ) ) ;
#4539 = CARTESIAN_POINT ( 'NONE',  ( 0.5721572875253542200, 1.450000000000000200, 1.300000000000107100 ) ) ;
#4540 = DIRECTION ( 'NONE',  ( 0.0000000000000000000, -1.000000000000000000, 0.0000000000000000000 ) ) ;
#4541 = FILL_AREA_STYLE_COLOUR ( '', #135 ) ;
#4542 = FILL_AREA_STYLE ('',( #4531 ) ) ;
#4543 = SURFACE_SIDE_STYLE ('',( #133 ) ) ;
#4544 = SURFACE_STYLE_USAGE ( .BOTH. , #4543 ) ;
#4545 =( LENGTH_UNIT ( ) NAMED_UNIT ( * ) SI_UNIT ( .MILLI., .METRE. ) );
#4546 =( NAMED_UNIT ( * ) PLANE_ANGLE_UNIT ( ) SI_UNIT ( $, .RADIAN. ) );
#4547 =( NAMED_UNIT ( * ) SI_UNIT ( $, .STERADIAN. ) SOLID_ANGLE_UNIT ( ) );
#4548 = DIRECTION ( 'NONE',  ( 0.0000000000000000000, 0.0000000000000000000, -1.000000000000000000 ) ) ;
#4549 = CARTESIAN_POINT ( 'NONE',  ( -0.5721572875254104000, 1.450000000000000200, 1.300000000000107100 ) ) ;
#4550 = DIRECTION ( 'NONE',  ( 0.0000000000000000000, -1.000000000000000000, 0.0000000000000000000 ) ) ;
#4551 = FILL_AREA_STYLE_COLOUR ( '', #140 ) ;
#4552 = FILL_AREA_STYLE ('',( #4541 ) ) ;
#4553 = SURFACE_SIDE_STYLE ('',( #138 ) ) ;
#4554 = SURFACE_STYLE_USAGE ( .BOTH. , #4553 ) ;
#4555 =( LENGTH_UNIT ( ) NAMED_UNIT ( * ) SI_UNIT ( .MILLI., .METRE. ) );
#4556 =( NAMED_UNIT ( * ) PLANE_ANGLE_UNIT ( ) SI_UNIT ( $, .RADIAN. ) );
#4557 =( NAMED_UNIT ( * ) SI_UNIT ( $, .STERADIAN. ) SOLID_ANGLE_UNIT ( ) );
#4558 = DIRECTION ( 'NONE',  ( 0.0000000000000000000, 0.0000000000000000000, -1.000000000000000000 ) ) ;
#4559 = CARTESIAN_POINT ( 'NONE',  ( -1.050000000000053100, 1.450000000000000200, 1.050000000000093500 ) ) ;
#4560 = DIRECTION ( 'NONE',  ( 0.0000000000000000000, -1.000000000000000000, 0.0000000000000000000 ) ) ;
#4561 = FILL_AREA_STYLE_COLOUR ( '', #145 ) ;
#4562 = FILL_AREA_STYLE ('',( #4551 ) ) ;
#4563 = SURFACE_SIDE_STYLE ('',( #143 ) ) ;
#4564 = SURFACE_STYLE_USAGE ( .BOTH. , #4563 ) ;
#4565 =( LENGTH_UNIT ( ) NAMED_UNIT ( * ) SI_UNIT ( .MILLI., .METRE. ) );
#4566 =( NAMED_UNIT ( * ) PLANE_ANGLE_UNIT ( ) SI_UNIT ( $, .RADIAN. ) );
#4567 =( NAMED_UNIT ( * ) SI_UNIT ( $, .STERADIAN. ) SOLID_ANGLE_UNIT ( ) );
#4568 = DIRECTION ( 'NONE',  ( 0.0000000000000000000, 0.0000000000000000000, -1.000000000000000000 ) ) ;
#4569 = CARTESIAN_POINT ( 'NONE',  ( -1.257774821328718300, 1.114577789991243700, 1.081304233093464800 ) ) ;
#4570 = FILL_AREA_STYLE_COLOUR ( '', #152 ) ;
#4571 = FILL_AREA_STYLE ('',( #4561 ) ) ;
#4572 = SURFACE_SIDE_STYLE ('',( #148 ) ) ;
#4573 = SURFACE_STYLE_USAGE ( .BOTH. , #4572 ) ;
#4574 =( LENGTH_UNIT ( ) NAMED_UNIT ( * ) SI_UNIT ( .MILLI., .METRE. ) );
#4575 =( NAMED_UNIT ( * ) PLANE_ANGLE_UNIT ( ) SI_UNIT ( $, .RADIAN. ) );
#4576 =( NAMED_UNIT ( * ) SI_UNIT ( $, .STERADIAN. ) SOLID_ANGLE_UNIT ( ) );
#4577 = CARTESIAN_POINT ( 'NONE',  ( -1.225780153773327700, 1.054587788324903500, 1.225780153773378300 ) ) ;
#4578 = CARTESIAN_POINT ( 'NONE',  ( -1.081304233093451500, 1.114577789991321600, 1.257774821328789400 ) ) ;
#4579 = CARTESIAN_POINT ( 'NONE',  ( -1.247865041178529500, 1.095996952209644900, 1.071394452924021800 ) ) ;
#4580 = CARTESIAN_POINT ( 'NONE',  ( -1.215664458571038300, 1.035620859837494300, 1.215664458589152500 ) ) ;
#4581 = CARTESIAN_POINT ( 'NONE',  ( -1.071394452905548400, 1.095996952215655200, 1.247865041181776000 ) ) ;
#4582 = CARTESIAN_POINT ( 'NONE',  ( -1.240479507135278300, 1.082035702063109500, 1.062138428087312500 ) ) ;
#4583 = CARTESIAN_POINT ( 'NONE',  ( -1.210078661856274200, 1.022127998368738100, 1.210078661851331700 ) ) ;
#4584 = CARTESIAN_POINT ( 'NONE',  ( -1.062138428093281300, 1.082035702063289100, 1.240479507135143500 ) ) ;
#4585 = CARTESIAN_POINT ( 'NONE',  ( -1.225498517855058600, 1.051201588549825400, 1.044056603790035400 ) ) ;
#4586 = CARTESIAN_POINT ( 'NONE',  ( -1.198137282402492700, 0.9921910723009392800, 1.198137282406788900 ) ) ;
#4587 = CARTESIAN_POINT ( 'NONE',  ( -1.044056603784983900, 1.051201588549965500, 1.225498517854965600 ) ) ;
#4588 = CARTESIAN_POINT ( 'NONE',  ( -1.218428352891664000, 1.035605966676682400, 1.035462559297653000 ) ) ;
#4589 = CARTESIAN_POINT ( 'NONE',  ( -1.192699483790313100, 0.9772902064186941300, 1.192699483790475000 ) ) ;
#4590 = CARTESIAN_POINT ( 'NONE',  ( -1.035462559297504900, 1.035605966676724600, 1.218428352891807000 ) ) ;
#4591 = CARTESIAN_POINT ( 'NONE',  ( -1.198590126701749600, 0.9882957401842582500, 1.011198635613139700 ) ) ;
#4592 = CARTESIAN_POINT ( 'NONE',  ( -1.177893563980267000, 0.9327442778711073600, 1.177893563980450600 ) ) ;
#4593 = CARTESIAN_POINT ( 'NONE',  ( -1.011198635612962500, 0.9882957401842960000, 1.198590126701899000 ) ) ;
#4594 = CARTESIAN_POINT ( 'NONE',  ( -1.187171274647991400, 0.9560359389537617100, 0.9970166171681593700 ) ) ;
#4595 = CARTESIAN_POINT ( 'NONE',  ( -1.170302682193436800, 0.9038461648742905900, 1.170302682193552300 ) ) ;
#4596 = CARTESIAN_POINT ( 'NONE',  ( -0.9970166171680663300, 0.9560359389538107800, 1.187171274648117100 ) ) ;
#4597 = CARTESIAN_POINT ( 'NONE',  ( -1.159112701371987300, 0.8562887533742211700, 0.9618385117741621300 ) ) ;
#4598 = CARTESIAN_POINT ( 'NONE',  ( -1.153023650685502900, 0.8185800966175020800, 1.153023650685618400 ) ) ;
#4599 = CARTESIAN_POINT ( 'NONE',  ( -0.9618385117740397800, 0.8562887533742533600, 1.159112701372135800 ) ) ;
#4600 = CARTESIAN_POINT ( 'NONE',  ( -1.149151326226563100, 0.7863116373920695500, 0.9489100014389345600 ) ) ;
#4601 = CARTESIAN_POINT ( 'NONE',  ( -1.149633208492979200, 0.7689608471672375600, 1.149633208493118200 ) ) ;
#4602 = CARTESIAN_POINT ( 'NONE',  ( -0.9489100014387958900, 0.7863116373921168500, 1.149151326226718300 ) ) ;
#4603 = CARTESIAN_POINT ( 'NONE',  ( -1.150965487600128700, 0.6455627208970938800, 0.9512400352925264300 ) ) ;
#4604 = CARTESIAN_POINT ( 'NONE',  ( -1.150416169279893500, 0.6681970343846310700, 1.150416169280032500 ) ) ;
#4605 = CARTESIAN_POINT ( 'NONE',  ( -0.9512400352923877600, 0.6455627208970423600, 1.150965487600283500 ) ) ;
#4606 = CARTESIAN_POINT ( 'NONE',  ( -1.162606310226530900, 0.5764345246194534400, 0.9663038192974252600 ) ) ;
#4607 = CARTESIAN_POINT ( 'NONE',  ( -1.154696445790647200, 0.6178253264116992900, 1.154696445790687200 ) ) ;
#4608 = CARTESIAN_POINT ( 'NONE',  ( -0.9663038192973789600, 0.5764345246195100600, 1.162606310226648200 ) ) ;
#4609 = CARTESIAN_POINT ( 'NONE',  ( 0.6549999999999732700, 0.3499999999999999800, 1.500000000000107200 ) ) ;
#4610 = CARTESIAN_POINT ( 'NONE',  ( -1.192763044718585500, 0.4775701092931277100, 1.003966805699052100 ) ) ;
#4611 = CARTESIAN_POINT ( 'NONE',  ( -1.173995233389711000, 0.5316208072137255100, 1.173995233389854000 ) ) ;
#4612 = CARTESIAN_POINT ( 'NONE',  ( -1.003966805698932800, 0.4775701092930299500, 1.192763044718719600 ) ) ;
#4613 = CARTESIAN_POINT ( 'NONE',  ( -1.204791947819142500, 0.4456814602055965700, 1.018839154619615200 ) ) ;
#4614 = CARTESIAN_POINT ( 'NONE',  ( -1.182288743191956600, 0.5025453704817732800, 1.182288743192020400 ) ) ;
#4615 = CARTESIAN_POINT ( 'NONE',  ( -1.018839154619561400, 0.4456814602055687600, 1.204791947819243500 ) ) ;
#4616 = CARTESIAN_POINT ( 'NONE',  ( -1.232259445998802800, 0.3834666692868554700, 1.052288130510861100 ) ) ;
#4617 = CARTESIAN_POINT ( 'NONE',  ( -1.203197677051389900, 0.4435361445320855100, 1.203197677051492500 ) ) ;
#4618 = CARTESIAN_POINT ( 'NONE',  ( -1.052288130510797800, 0.3834666692867653700, 1.232259445998904200 ) ) ;
#4619 = CARTESIAN_POINT ( 'NONE',  ( -1.247060842600380400, 0.3555109201243846200, 1.070590254365181500 ) ) ;
#4620 = CARTESIAN_POINT ( 'NONE',  ( -1.214532184809828900, 0.4165021534814780100, 1.214532184809988600 ) ) ;
#4621 = CARTESIAN_POINT ( 'NONE',  ( -1.070590254365047800, 0.3555109201243264500, 1.247060842600453500 ) ) ;
#4622 = CARTESIAN_POINT ( 'NONE',  ( -1.267033791561597000, 0.3180616408221142400, 1.090563203326332600 ) ) ;
#4623 = CARTESIAN_POINT ( 'NONE',  ( -1.235039124006206400, 0.3780516424884545800, 1.235039124006246200 ) ) ;
#4624 = CARTESIAN_POINT ( 'NONE',  ( -1.090563203326330200, 0.3180616408220365300, 1.267033791561657400 ) ) ;
#4625 = CARTESIAN_POINT ( 'NONE',  ( 0.5817885872215421400, 1.099564673370530700, 1.499767960559932600 ) ) ;
#4626 = CARTESIAN_POINT ( 'NONE',  ( -1.267038560904408600, 0.3180526983043418500, -1.090567972668972800 ) ) ;
#4627 = CARTESIAN_POINT ( 'NONE',  ( 0.5721572875253542200, 1.099999999999999900, 1.500000000000107200 ) ) ;
#4628 = FILL_AREA_STYLE ('',( #4570 ) ) ;
#4629 = SURFACE_SIDE_STYLE ('',( #151 ) ) ;
#4630 = SURFACE_STYLE_USAGE ( .BOTH. , #4629 ) ;
#4631 =( LENGTH_UNIT ( ) NAMED_UNIT ( * ) SI_UNIT ( .MILLI., .METRE. ) );
#4632 =( NAMED_UNIT ( * ) PLANE_ANGLE_UNIT ( ) SI_UNIT ( $, .RADIAN. ) );
#4633 =( NAMED_UNIT ( * ) SI_UNIT ( $, .STERADIAN. ) SOLID_ANGLE_UNIT ( ) );
#4634 = CARTESIAN_POINT ( 'NONE',  ( -1.235043893348981600, 0.3780426999707508000, -1.235043893348813300 ) ) ;
#4635 = CARTESIAN_POINT ( 'NONE',  ( -1.090567972669125300, 0.3180526983043786000, -1.267038560904236700 ) ) ;
#4636 = CARTESIAN_POINT ( 'NONE',  ( 1.250000000000027100, 1.100000000000000100, 1.250000000000107500 ) ) ;
#4637 = CARTESIAN_POINT ( 'NONE',  ( -1.247085564367527400, 0.3554645668109836500, -1.070614976093630800 ) ) ;
#4638 = CARTESIAN_POINT ( 'NONE',  ( -1.214551310941128100, 0.4164662919519698200, -1.214551310976692800 ) ) ;
#4639 = CARTESIAN_POINT ( 'NONE',  ( -1.070614976059189900, 0.3554645667961485200, -1.247085564375277400 ) ) ;
#4640 = CARTESIAN_POINT ( 'NONE',  ( -1.232137724414333200, 0.3836989810928754800, -1.052141941111570200 ) ) ;
#4641 = CARTESIAN_POINT ( 'NONE',  ( -1.203096560558252600, 0.4437711056416886500, -1.203096560558086600 ) ) ;
#4642 = CARTESIAN_POINT ( 'NONE',  ( -1.052141941111724100, 0.3836989810929093400, -1.232137724414152000 ) ) ;
#4643 = CARTESIAN_POINT ( 'NONE',  ( -1.204531398229379300, 0.4463156098568502600, -1.018519798670126000 ) ) ;
#4644 = CARTESIAN_POINT ( 'NONE',  ( -1.182096376802110400, 0.5031406043672054200, -1.182096376801915500 ) ) ;
#4645 = CARTESIAN_POINT ( 'NONE',  ( -1.018519798670309000, 0.4463156098568753500, -1.204531398229189000 ) ) ;
#4646 = CARTESIAN_POINT ( 'NONE',  ( -1.192502371309414500, 0.4783147501820893500, -1.003643371696955500 ) ) ;
#4647 = CARTESIAN_POINT ( 'NONE',  ( -1.173820701258755400, 0.5322849217584005900, -1.173820701258554600 ) ) ;
#4648 = CARTESIAN_POINT ( 'NONE',  ( -1.003643371697150700, 0.4783147501820874700, -1.192502371309221500 ) ) ;
#4649 = CARTESIAN_POINT ( 'NONE',  ( -1.162466335356048300, 0.5771169536759983600, -0.9661246857006273700 ) ) ;
#4650 = CARTESIAN_POINT ( 'NONE',  ( -1.154630813692808500, 0.6183612570436147800, -1.154630813692592900 ) ) ;
#4651 = CARTESIAN_POINT ( 'NONE',  ( -0.9661246857008370900, 0.5771169536760643000, -1.162466335355823600 ) ) ;
#4652 = CARTESIAN_POINT ( 'NONE',  ( -1.150841109037773900, 0.6466302718522841700, -0.9510803011605167800 ) ) ;
#4653 = CARTESIAN_POINT ( 'NONE',  ( -1.150362519454620300, 0.6689591202500678700, -1.150362519454419100 ) ) ;
#4654 = CARTESIAN_POINT ( 'NONE',  ( -0.9510803011607180700, 0.6466302718522900500, -1.150841109037563400 ) ) ;
#4655 = CARTESIAN_POINT ( 'NONE',  ( -1.149248768270352700, 0.7874706738058845400, -0.9490351387975091100 ) ) ;
#4656 = CARTESIAN_POINT ( 'NONE',  ( -1.149675466324198400, 0.7697768919908573000, -1.149675466323977700 ) ) ;
#4657 = CARTESIAN_POINT ( 'NONE',  ( -0.9490351387977300500, 0.7874706738058808700, -1.149248768270141300 ) ) ;
#4658 = CARTESIAN_POINT ( 'NONE',  ( -1.159206173456110500, 0.8568520617057403500, -0.9619593477724612800 ) ) ;
#4659 = CARTESIAN_POINT ( 'NONE',  ( -1.153059650302517700, 0.8190026143443728300, -1.153059650302316500 ) ) ;
#4660 = CARTESIAN_POINT ( 'NONE',  ( -0.9619593477726573500, 0.8568520617057228100, -1.159206173455902000 ) ) ;
#4661 = CARTESIAN_POINT ( 'NONE',  ( -1.187415930476061200, 0.9567883698986484600, -0.9973215002783242200 ) ) ;
#4662 = CARTESIAN_POINT ( 'NONE',  ( -1.170460299260988000, 0.9045035500208790100, -1.170460299260786900 ) ) ;
#4663 = CARTESIAN_POINT ( 'NONE',  ( -0.9973215002785201800, 0.9567883698986280300, -1.187415930475862900 ) ) ;
#4664 = CARTESIAN_POINT ( 'NONE',  ( -1.198851033769672700, 0.9889710290088967700, -1.011519980860928300 ) ) ;
#4665 = CARTESIAN_POINT ( 'NONE',  ( -1.178079795508494700, 0.9333671008512954800, -1.178079795508285100 ) ) ;
#4666 = CARTESIAN_POINT ( 'NONE',  ( -1.011519980861127900, 0.9889710290088860000, -1.198851033769482400 ) ) ;
#4667 = CARTESIAN_POINT ( 'NONE',  ( -1.218614498995253200, 1.036022706070440100, -1.035689089480847000 ) ) ;
#4668 = CARTESIAN_POINT ( 'NONE',  ( -1.192842051493764800, 0.9776876902906290700, -1.192842051493584000 ) ) ;
#4669 = CARTESIAN_POINT ( 'NONE',  ( -1.035689089481017600, 1.036022706070405300, -1.218614498995060700 ) ) ;
#4670 = CARTESIAN_POINT ( 'NONE',  ( -1.225639567021311800, 1.051499729573025100, -1.044227298663624100 ) ) ;
#4671 = CARTESIAN_POINT ( 'NONE',  ( -1.198248815713244500, 0.9924801190768186600, -1.198248815713041300 ) ) ;
#4672 = CARTESIAN_POINT ( 'NONE',  ( -1.044227298663815700, 1.051499729572991300, -1.225639567021122600 ) ) ;
#4673 = CARTESIAN_POINT ( 'NONE',  ( -1.240509455268722800, 1.082089419836509000, -1.062174119208415300 ) ) ;
#4674 = CARTESIAN_POINT ( 'NONE',  ( -1.210104495511273600, 1.022183330368534600, -1.210104495511113500 ) ) ;
#4675 = CARTESIAN_POINT ( 'NONE',  ( -1.062174119208563400, 1.082089419836484100, -1.240509455268544300 ) ) ;
#4676 = CARTESIAN_POINT ( 'NONE',  ( -1.247871464153939500, 1.096008995288537900, -1.071400875918491600 ) ) ;
#4677 = CARTESIAN_POINT ( 'NONE',  ( -1.215671137551380200, 1.035633382908715900, -1.215671137551196800 ) ) ;
#4678 = CARTESIAN_POINT ( 'NONE',  ( -1.071400875918571100, 1.096008995288350300, -1.247871464153677000 ) ) ;
#4679 = CARTESIAN_POINT ( 'NONE',  ( -1.257769853816901100, 1.114568475906585500, -1.081299265581460800 ) ) ;
#4680 = CARTESIAN_POINT ( 'NONE',  ( -1.225775186261473900, 1.054578474240177400, -1.225775186261300700 ) ) ;
#4681 = CARTESIAN_POINT ( 'NONE',  ( -1.081299265581618300, 1.114568475906549700, -1.257769853816724600 ) ) ;
#4682 = CARTESIAN_POINT ( 'NONE',  ( -0.7066042097762373900, 1.099564673370570200, -1.448067636900328900 ) ) ;
#4683 = CARTESIAN_POINT ( 'NONE',  ( -0.5817885872245918100, 0.3504353266118375700, 1.499767960569266900 ) ) ;
#4684 = CARTESIAN_POINT ( 'NONE',  ( -1.248778674118007100, 1.097702978896564400, -1.072068953665809500 ) ) ;
#4685 = CARTESIAN_POINT ( 'NONE',  ( -0.9050000000000292300, 1.100000000000000100, -1.249999999999892100 ) ) ;
#4686 = CARTESIAN_POINT ( 'NONE',  ( 1.072068953665955600, 1.097702978896561100, -1.248778674117850200 ) ) ;
#4687 = CARTESIAN_POINT ( 'NONE',  ( 1.248778674116876300, 1.097702978894479700, -1.072068953675759500 ) ) ;
#4688 = CARTESIAN_POINT ( 'NONE',  ( -0.5721572875254079500, 1.100000000000000100, -1.499999999999889000 ) ) ;
#4689 = CARTESIAN_POINT ( 'NONE',  ( -1.250000000000053100, 1.100000000000000100, 1.050000000000093500 ) ) ;
#4690 = CARTESIAN_POINT ( 'NONE',  ( -1.250000000000053100, 1.450000000000000200, 1.050000000000093500 ) ) ;
#4691 = CARTESIAN_POINT ( 'NONE',  ( -0.5817885872200061500, 0.3504353266293085400, -1.499767960559742000 ) ) ;
#4692 = CARTESIAN_POINT ( 'NONE',  ( 0.7066042097742130100, 1.099564673370529800, -1.448067636902350000 ) ) ;
#4693 = CARTESIAN_POINT ( 'NONE',  ( 0.7066042097788058900, 0.3504353266111880400, 1.448067636911665600 ) ) ;
#4694 = CARTESIAN_POINT ( 'NONE',  ( -0.7135786437627198400, 1.100000000000000100, 1.441421356237416500 ) ) ;
#4695 = CARTESIAN_POINT ( 'NONE',  ( 0.7066042097761969800, 1.099564673370571500, 1.448067636900531200 ) ) ;
#4696 = CARTESIAN_POINT ( 'NONE',  ( 0.7135786437626906500, 1.100000000000000100, -1.441421356237174300 ) ) ;
#4697 = CARTESIAN_POINT ( 'NONE',  ( -0.7066042097788947100, 0.3504353266109352900, -1.448067636911605400 ) ) ;
#4698 = CARTESIAN_POINT ( 'NONE',  ( 0.9049999999999730500, 1.100000000000000100, 1.250000000000107200 ) ) ;
#4699 = CARTESIAN_POINT ( 'NONE',  ( 0.5817885872198155200, 0.3504353266297344800, 1.499767960559733600 ) ) ;
#4700 = CARTESIAN_POINT ( 'NONE',  ( -1.072068953676412100, 1.097702978894379300, -1.248778674116686900 ) ) ;
#4701 = CARTESIAN_POINT ( 'NONE',  ( 0.9049999999999730500, 1.100000000000000100, -1.249999999999892100 ) ) ;
#4702 = CARTESIAN_POINT ( 'NONE',  ( 0.7066042097753526500, 0.3504353266294187900, -1.448067636901167100 ) ) ;
#4703 = CARTESIAN_POINT ( 'NONE',  ( -0.9050000000000292300, 1.450000000000000200, -1.249999999999892100 ) ) ;
#4704 = CARTESIAN_POINT ( 'NONE',  ( -0.5817885872216203000, 1.099564673370528700, -1.499767960559713200 ) ) ;
#4705 = CARTESIAN_POINT ( 'NONE',  ( -0.7135786437627216200, 1.100000000000000100, -1.441421356237199100 ) ) ;
#4706 = CARTESIAN_POINT ( 'NONE',  ( -0.5817885872190639000, 1.099564673370541100, 1.499767960559880400 ) ) ;
#4707 = CARTESIAN_POINT ( 'NONE',  ( 0.7135786437626638900, 1.100000000000000100, 1.441421356237416300 ) ) ;
#4708 = CARTESIAN_POINT ( 'NONE',  ( 0.5817885872190634600, 1.099564673370539500, -1.499767960559635700 ) ) ;
#4709 = CARTESIAN_POINT ( 'NONE',  ( 0.5817885872247029500, 0.3504353266114148000, -1.499767960569249100 ) ) ;
#4710 = CARTESIAN_POINT ( 'NONE',  ( -0.5721572875254106200, 1.100000000000000100, 1.500000000000107200 ) ) ;
#4711 = CARTESIAN_POINT ( 'NONE',  ( 0.5721572875253856400, 1.100000000000000100, -1.499999999999864800 ) ) ;
#4712 = CARTESIAN_POINT ( 'NONE',  ( 0.5721572875253542200, 1.450000000000000200, 1.500000000000107200 ) ) ;
#4713 = CARTESIAN_POINT ( 'NONE',  ( 1.050000000000027100, 1.100000000000000100, 1.250000000000107200 ) ) ;
#4714 = CARTESIAN_POINT ( 'NONE',  ( 1.250000000000027100, 1.100000000000000100, -1.049999999999897900 ) ) ;
#4715 = CARTESIAN_POINT ( 'NONE',  ( -1.050000000000053100, 1.450000000000000200, -1.249999999999892100 ) ) ;
#4716 = CARTESIAN_POINT ( 'NONE',  ( 1.072068953676331000, 1.097702978894385300, 1.248778674116906200 ) ) ;
#4717 = CARTESIAN_POINT ( 'NONE',  ( -0.7135786437627214000, 1.450000000000000200, -1.441421356237199100 ) ) ;
#4718 = CARTESIAN_POINT ( 'NONE',  ( 1.248778674117982700, 1.097702978896566400, 1.072068953666008000 ) ) ;
#4719 = CARTESIAN_POINT ( 'NONE',  ( -1.050000000000053100, 1.100000000000000100, -1.249999999999892100 ) ) ;
#4720 = CARTESIAN_POINT ( 'NONE',  ( 0.9049999999999730500, 1.450000000000000200, 1.250000000000107200 ) ) ;
#4721 = CARTESIAN_POINT ( 'NONE',  ( 0.9050000000000544300, -0.05000000000000000300, 1.250000000000015100 ) ) ;
#4722 = DIRECTION ( 'NONE',  ( -0.0000000000000000000, 1.000000000000000000, -0.0000000000000000000 ) ) ;
#4723 = DIRECTION ( 'NONE',  ( -0.0000000000000000000, -1.000000000000000000, -0.0000000000000000000 ) ) ;
#4724 = CARTESIAN_POINT ( 'NONE',  ( -1.193703906869001400, 0.4555551746206465400, 1.006235837930311600 ) ) ;
#4725 = CARTESIAN_POINT ( 'NONE',  ( -1.248778674116900500, 1.097702978894477000, 1.072068953675974400 ) ) ;
#4726 = CARTESIAN_POINT ( 'NONE',  ( 0.5721572875254056200, -0.05000000000000000300, 1.300000000000006700 ) ) ;
#4727 = DIRECTION ( 'NONE',  ( 0.0000000000000000000, -1.000000000000000000, 0.0000000000000000000 ) ) ;
#4728 = DIRECTION ( 'NONE',  ( 0.0000000000000000000, 0.0000000000000000000, -1.000000000000000000 ) ) ;
#4729 = CARTESIAN_POINT ( 'NONE',  ( -1.349999999999999000, 0.3499999999999999800, -1.099999999999985000 ) ) ;
#4730 = DIRECTION ( 'NONE',  ( -0.0000000000000000000, 1.000000000000000000, -0.0000000000000000000 ) ) ;
#4731 = DIRECTION ( 'NONE',  ( 0.0000000000000000000, 0.0000000000000000000, -1.000000000000000000 ) ) ;
#4732 = CARTESIAN_POINT ( 'NONE',  ( -1.249581262056007600, 1.099217105898114400, 1.064839912882414000 ) ) ;
#4733 = CARTESIAN_POINT ( 'NONE',  ( -1.250000000000053100, 0.3499999999999999800, 1.073529411764808400 ) ) ;
#4734 = CARTESIAN_POINT ( 'NONE',  ( 1.349999999999971000, 0.0000000000000000000, -1.099999999999963700 ) ) ;
#4735 = DIRECTION ( 'NONE',  ( 0.0000000000000000000, -1.000000000000000000, 0.0000000000000000000 ) ) ;
#4736 = DIRECTION ( 'NONE',  ( 0.0000000000000000000, 0.0000000000000000000, -1.000000000000000000 ) ) ;
#4737 = CARTESIAN_POINT ( 'NONE',  ( -1.250000000000053100, 1.100000000000000100, 1.057486701706117600 ) ) ;
#4738 = CARTESIAN_POINT ( 'NONE',  ( -1.250000000000053100, 1.100000000000000100, 1.050000000000093500 ) ) ;
#4739 = CARTESIAN_POINT ( 'NONE',  ( -0.5516615256985435400, 0.9853635968144749400, 1.438931425180346000 ) ) ;
#4740 = CARTESIAN_POINT ( 'NONE',  ( 1.183333333333376900, 0.9750000000000000900, 1.183333333333491000 ) ) ;
#4741 = CARTESIAN_POINT ( 'NONE',  ( -0.6550000000000292300, 1.100000000000000100, -1.499999999999891200 ) ) ;
#4742 = CARTESIAN_POINT ( 'NONE',  ( -1.150420566626186000, 0.5832083813937922700, 0.9505401928703419700 ) ) ;
#4743 =( NAMED_UNIT ( * ) SI_UNIT ( $, .STERADIAN. ) SOLID_ANGLE_UNIT ( ) );
#4744 = CARTESIAN_POINT ( 'NONE',  ( -1.149794425611414500, 0.7927441609162647600, 0.9497359519080055300 ) ) ;
#4745 = CARTESIAN_POINT ( 'NONE',  ( -0.9050000000000293400, 1.100000000000000100, -1.249999999999892100 ) ) ;
#4746 = CARTESIAN_POINT ( 'NONE',  ( -1.160349528060252000, 0.8610274459629135800, 0.9633945522689502100 ) ) ;
#4747 = CARTESIAN_POINT ( 'NONE',  ( 0.6550000000000015800, 0.3499999999999999800, -1.499999999999863200 ) ) ;
#4748 = CARTESIAN_POINT ( 'NONE',  ( -1.195899482895238100, 0.9867166216385177000, 1.007954028571037100 ) ) ;
#4749 = CARTESIAN_POINT ( 'NONE',  ( 0.6273857625084803300, 0.4749999999999999800, -1.433333333333143700 ) ) ;
#4750 = CARTESIAN_POINT ( 'NONE',  ( -1.220401817585814000, 1.044168453070807100, 1.038124688829563900 ) ) ;
#4751 = DIRECTION ( 'NONE',  ( -0.7071067811865845400, 0.0000000000000000000, 0.7071067811865106000 ) ) ;
#4752 = CARTESIAN_POINT ( 'NONE',  ( -1.248778674116900500, 1.097702978894477000, 1.072068953675974400 ) ) ;
#4753 = CARTESIAN_POINT ( 'NONE',  ( 1.116666666666727100, 0.7249999999999999800, 1.116666666666874800 ) ) ;
#4754 = CARTESIAN_POINT ( 'NONE',  ( 1.183333333333377100, 0.4749999999999999800, 1.183333333333491200 ) ) ;
#4755 = CARTESIAN_POINT ( 'NONE',  ( 0.7135786437626638900, 1.100000000000000100, 1.441421356237416300 ) ) ;
#4756 = CARTESIAN_POINT ( 'NONE',  ( 0.6550000000000015800, 1.100000000000000100, -1.499999999999863200 ) ) ;
#4757 = CARTESIAN_POINT ( 'NONE',  ( 0.9049999999999445200, 0.3499999999999999800, 1.249999999999990000 ) ) ;
#4758 = CARTESIAN_POINT ( 'NONE',  ( 0.7113055488904854700, 1.100000000000000100, 1.443694451109594600 ) ) ;
#4759 = CARTESIAN_POINT ( 'NONE',  ( 0.5721572875253914100, -0.05000000000000000300, -1.299999999999981600 ) ) ;
#4760 = DIRECTION ( 'NONE',  ( 0.0000000000000000000, -1.000000000000000000, 0.0000000000000000000 ) ) ;
#4761 = SURFACE_SIDE_STYLE ('',( #3281 ) ) ;
#4762 = DIRECTION ( 'NONE',  ( 0.0000000000000000000, 0.0000000000000000000, -1.000000000000000000 ) ) ;
#4763 = FILL_AREA_STYLE ('',( #4341 ) ) ;
#4764 = FILL_AREA_STYLE_COLOUR ( '', #3305 ) ;
#4765 = CARTESIAN_POINT ( 'NONE',  ( 0.7089744666937982700, 1.099854091611805400, 1.445915419480976000 ) ) ;
#4766 = CARTESIAN_POINT ( 'NONE',  ( 0.6550000000000015800, 0.3499999999999999800, -1.499999999999863200 ) ) ;
#4767 = CARTESIAN_POINT ( 'NONE',  ( 0.7066042097761969800, 1.099564673370571500, 1.448067636900531200 ) ) ;
#4768 = CARTESIAN_POINT ( 'NONE',  ( 0.5817885872215421400, 1.099564673370530700, 1.499767960559932600 ) ) ;
#4769 = CARTESIAN_POINT ( 'NONE',  ( 1.135000000000009100, 1.100000000000000100, 1.250000000000107200 ) ) ;
#4770 = CARTESIAN_POINT ( 'NONE',  ( 0.5812992687871654200, 1.099608958341183700, 1.499791551792682100 ) ) ;
#4771 =( NAMED_UNIT ( * ) SI_UNIT ( $, .STERADIAN. ) SOLID_ANGLE_UNIT ( ) );
#4772 = CARTESIAN_POINT ( 'NONE',  ( 1.221524674372063100, 0.4033912355524061400, -1.039491411607034000 ) ) ;
#4773 = CARTESIAN_POINT ( 'NONE',  ( 0.6273857625084804400, 0.4749999999999999800, -1.433333333333143700 ) ) ;
#4774 = CARTESIAN_POINT ( 'NONE',  ( -0.5721572875254156100, 0.0000000000000000000, 1.299999999999997400 ) ) ;
#4775 =( NAMED_UNIT ( * ) PLANE_ANGLE_UNIT ( ) SI_UNIT ( $, .RADIAN. ) );
#4776 = DIRECTION ( 'NONE',  ( 0.0000000000000000000, -1.000000000000000000, 0.0000000000000000000 ) ) ;
#4777 = CARTESIAN_POINT ( 'NONE',  ( 1.081350809725068800, 0.9750000000000000900, 1.183333333333491200 ) ) ;
#4778 = DIRECTION ( 'NONE',  ( 0.0000000000000000000, 0.0000000000000000000, -1.000000000000000000 ) ) ;
#4779 = CARTESIAN_POINT ( 'NONE',  ( 1.027701619450128500, 0.7249999999999999800, 1.116666666666875000 ) ) ;
#4780 = CARTESIAN_POINT ( 'NONE',  ( 0.5721572875253273500, 0.3499999999999999800, -1.499999999999992000 ) ) ;
#4781 = CARTESIAN_POINT ( 'NONE',  ( 1.081350809725068800, 0.4749999999999999800, 1.183333333333491200 ) ) ;
#4782 = CARTESIAN_POINT ( 'NONE',  ( 0.5808095458450560600, 1.099649889058362400, 1.499813360327666700 ) ) ;
#4783 = CARTESIAN_POINT ( 'NONE',  ( 1.135000000000009100, 0.3499999999999999800, 1.250000000000107200 ) ) ;
#4784 = CARTESIAN_POINT ( 'NONE',  ( 0.5803195062624352300, 1.099687449851820500, 1.499833376054479300 ) ) ;
#4785 = CARTESIAN_POINT ( 'NONE',  ( -0.2183333333333617200, 1.100000000000000100, 1.500000000000107200 ) ) ;
#4786 = CARTESIAN_POINT ( 'NONE',  ( 0.5776064198733003000, 1.099895403823520900, 1.499944192400567000 ) ) ;
#4787 = CARTESIAN_POINT ( 'NONE',  ( 1.019999999999991100, 1.100000000000000100, 1.250000000000107200 ) ) ;
#4788 = CARTESIAN_POINT ( 'NONE',  ( 0.5748805875220155400, 1.100000000000000100, 1.500000000000107200 ) ) ;
#4789 =( NAMED_UNIT ( * ) PLANE_ANGLE_UNIT ( ) SI_UNIT ( $, .RADIAN. ) );
#4790 = CARTESIAN_POINT ( 'NONE',  ( 0.5721572875253542200, 1.099999999999999900, 1.500000000000107200 ) ) ;
#4791 = CARTESIAN_POINT ( 'NONE',  ( 0.9793682861167605200, 0.9750000000000000900, 1.183333333333491200 ) ) ;
#4792 = DIRECTION ( 'NONE',  ( 0.0000000000000000000, -1.000000000000000000, 0.0000000000000000000 ) ) ;
#4793 = CARTESIAN_POINT ( 'NONE',  ( 0.9387365722335300200, 0.7249999999999999800, 1.116666666666875000 ) ) ;
#4794 =( LENGTH_UNIT ( ) NAMED_UNIT ( * ) SI_UNIT ( .MILLI., .METRE. ) );
#4795 = CARTESIAN_POINT ( 'NONE',  ( 1.250000000000027100, 0.3499999999999999800, -1.073529411764681600 ) ) ;
#4796 = CARTESIAN_POINT ( 'NONE',  ( 0.9793682861167607400, 0.4749999999999999800, 1.183333333333491200 ) ) ;
#4797 = CARTESIAN_POINT ( 'NONE',  ( 1.019999999999991100, 0.3499999999999999800, 1.250000000000107200 ) ) ;
#4798 = CARTESIAN_POINT ( 'NONE',  ( 0.9049999999999730500, 1.100000000000000100, 1.250000000000107200 ) ) ;
#4799 = CARTESIAN_POINT ( 'NONE',  ( 0.8773857625084522400, 0.9750000000000000900, 1.183333333333491200 ) ) ;
#4800 = CARTESIAN_POINT ( 'NONE',  ( 1.196865520821005900, 0.4607419826768345800, -1.009150720239316200 ) ) ;
#4801 = CARTESIAN_POINT ( 'NONE',  ( 0.8497715250169314300, 0.7249999999999999800, 1.116666666666875000 ) ) ;
#4802 = CARTESIAN_POINT ( 'NONE',  ( 1.160929755414400700, 0.5860840915642823200, -0.9641354026355617400 ) ) ;
#4803 = CARTESIAN_POINT ( 'NONE',  ( 0.8773857625084522400, 0.4749999999999999800, 1.183333333333491200 ) ) ;
#4804 = CARTESIAN_POINT ( 'NONE',  ( 1.150094210546448200, 0.6541789618098746700, -0.9501210081408990600 ) ) ;
#4805 = CARTESIAN_POINT ( 'NONE',  ( 1.116666666666727100, 0.7249999999999999800, -0.3722222222220193900 ) ) ;
#4806 = CARTESIAN_POINT ( 'NONE',  ( 1.149907050411132400, 0.7939378380139634500, -0.9498806114880804500 ) ) ;
#4807 = CARTESIAN_POINT ( 'NONE',  ( 1.160421750526950300, 0.8614571653674696300, -0.9634878659942723900 ) ) ;
#4808 =( NAMED_UNIT ( * ) SI_UNIT ( $, .STERADIAN. ) SOLID_ANGLE_UNIT ( ) );
#4809 = CARTESIAN_POINT ( 'NONE',  ( 1.196140601537743800, 0.9873932015393420700, -1.008253442274255300 ) ) ;
#4810 =( NAMED_UNIT ( * ) PLANE_ANGLE_UNIT ( ) SI_UNIT ( $, .RADIAN. ) );
#4811 = CARTESIAN_POINT ( 'NONE',  ( 1.220453442440863100, 1.044265846245175900, -1.038186442242698500 ) ) ;
#4812 = CARTESIAN_POINT ( 'NONE',  ( 1.183333333333377100, 0.4749999999999999800, -0.3944444444442938800 ) ) ;
#4813 = CARTESIAN_POINT ( 'NONE',  ( 1.248778674116876300, 1.097702978894479700, -1.072068953675759500 ) ) ;
#4814 =( LENGTH_UNIT ( ) NAMED_UNIT ( * ) SI_UNIT ( .MILLI., .METRE. ) );
#4815 = CARTESIAN_POINT ( 'NONE',  ( 0.7066042097742130100, 1.099564673370529800, -1.448067636902350000 ) ) ;
#4816 = CARTESIAN_POINT ( 'NONE',  ( 1.250000000000027100, 0.3499999999999999800, -0.4166666666665683200 ) ) ;
#4817 = CARTESIAN_POINT ( 'NONE',  ( 1.250000000000027100, 1.100000000000000100, 0.4166666666667695500 ) ) ;
#4818 = CARTESIAN_POINT ( 'NONE',  ( 0.7069668916779926500, 1.099608958341184600, -1.447738318039879300 ) ) ;
#4819 = SURFACE_STYLE_USAGE ( .BOTH. , #4821 ) ;
#4820 = CARTESIAN_POINT ( 'NONE',  ( -0.5817885872190639000, 1.099564673370541100, 1.499767960559880400 ) ) ;
#4821 = SURFACE_SIDE_STYLE ('',( #2965 ) ) ;
#4822 = CARTESIAN_POINT ( 'NONE',  ( 0.5721572875254056200, 0.0000000000000000000, 1.300000000000006700 ) ) ;
#4823 = FILL_AREA_STYLE ('',( #4261 ) ) ;
#4824 = DIRECTION ( 'NONE',  ( 0.0000000000000000000, -1.000000000000000000, 0.0000000000000000000 ) ) ;
#4825 = FILL_AREA_STYLE_COLOUR ( '', #2939 ) ;
#4826 = DIRECTION ( 'NONE',  ( 0.0000000000000000000, 0.0000000000000000000, -1.000000000000000000 ) ) ;
#4827 = CARTESIAN_POINT ( 'NONE',  ( 0.9049999999999730500, 0.3499999999999999800, 1.250000000000107200 ) ) ;
#4828 = CARTESIAN_POINT ( 'NONE',  ( -0.6550000000000576500, 0.0000000000000000000, -1.500000000000004000 ) ) ;
#4829 = CARTESIAN_POINT ( 'NONE',  ( 1.183333333333376900, 0.9750000000000000900, 0.3944444444445985900 ) ) ;
#4830 = CARTESIAN_POINT ( 'NONE',  ( 0.7073285990542550500, 1.099649889058365900, -1.447407452589569500 ) ) ;
#4831 = CARTESIAN_POINT ( 'NONE',  ( 0.7076892626223542100, 1.099687449851825400, -1.447075095533791000 ) ) ;
#4832 = CARTESIAN_POINT ( 'NONE',  ( 0.9049999999999730500, 1.100000000000000100, 1.250000000000107200 ) ) ;
#4833 = CARTESIAN_POINT ( 'NONE',  ( 0.7096860633958266300, 1.099895403823522700, -1.445235012739886300 ) ) ;
#4834 = CARTESIAN_POINT ( 'NONE',  ( 0.8773857625084522400, 0.9750000000000000900, 1.183333333333491200 ) ) ;
#4835 = CARTESIAN_POINT ( 'NONE',  ( 0.7116529798678598000, 1.100000000000000100, -1.443347020132004900 ) ) ;
#4836 = CARTESIAN_POINT ( 'NONE',  ( 0.8497715250169314300, 0.7249999999999999800, 1.116666666666875000 ) ) ;
#4837 = CARTESIAN_POINT ( 'NONE',  ( 0.7135786437626906500, 1.100000000000000100, -1.441421356237174300 ) ) ;
#4838 = CARTESIAN_POINT ( 'NONE',  ( 0.8773857625084522400, 0.4749999999999999800, 1.183333333333491200 ) ) ;
#4839 = DIRECTION ( 'NONE',  ( -1.000000000000000000, -0.0000000000000000000, -9.766095904831242800E-015 ) ) ;
#4840 = CARTESIAN_POINT ( 'NONE',  ( 0.9049999999999730500, 0.3499999999999999800, 1.250000000000107200 ) ) ;
#4841 = CARTESIAN_POINT ( 'NONE',  ( 0.8216666666666397900, 1.100000000000000100, 1.333333333333440500 ) ) ;
#4842 = CARTESIAN_POINT ( 'NONE',  ( 0.7940524291751189800, 0.9750000000000000900, 1.266666666666824700 ) ) ;
#4843 = CARTESIAN_POINT ( 'NONE',  ( 1.116666666666727100, 0.7249999999999999800, 0.3722222222224276800 ) ) ;
#4844 = CARTESIAN_POINT ( 'NONE',  ( 0.7664381916835981700, 0.7249999999999999800, 1.200000000000208700 ) ) ;
#4845 = CARTESIAN_POINT ( 'NONE',  ( 0.7940524291751189800, 0.4749999999999999800, 1.266666666666824700 ) ) ;
#4846 = CARTESIAN_POINT ( 'NONE',  ( -0.5306859420567151500, 0.8577239607463912300, 1.399906041323441000 ) ) ;
#4847 = CARTESIAN_POINT ( 'NONE',  ( 1.183333333333377100, 0.4749999999999999800, 0.3944444444445987000 ) ) ;
#4848 = CARTESIAN_POINT ( 'NONE',  ( -0.5307861072962895000, 0.5912823788160949100, 1.400094309738639100 ) ) ;
#4849 = CARTESIAN_POINT ( 'NONE',  ( 0.8216666666666397900, 0.3499999999999999800, 1.333333333333440500 ) ) ;
#4850 = CARTESIAN_POINT ( 'NONE',  ( -0.5516853143280031600, 0.4645462288661876300, 1.438979462317797600 ) ) ;
#4851 = CARTESIAN_POINT ( 'NONE',  ( 0.7383333333333065300, 1.100000000000000100, 1.416666666666773800 ) ) ;
#4852 = CARTESIAN_POINT ( 'NONE',  ( -0.5817885872245918100, 0.3504353266118375700, 1.499767960569266900 ) ) ;
#4853 = CARTESIAN_POINT ( 'NONE',  ( 0.7107190958417856100, 0.9750000000000000900, 1.350000000000158000 ) ) ;
#4854 = CARTESIAN_POINT ( 'NONE',  ( -0.1999238416722973500, 0.7249999999999999800, 1.366666666666876100 ) ) ;
#4855 = CARTESIAN_POINT ( 'NONE',  ( 1.073529411764690300, 0.3499999999999999800, 1.249999999999990000 ) ) ;
#4856 = CARTESIAN_POINT ( 'NONE',  ( 0.6831048583502649100, 0.7249999999999999800, 1.283333333333542800 ) ) ;
#4857 = CARTESIAN_POINT ( 'NONE',  ( 0.7107190958417858300, 0.4749999999999999800, 1.350000000000158000 ) ) ;
#4858 = CARTESIAN_POINT ( 'NONE',  ( 1.039491411698399100, 0.4033912355978017100, 1.221524674347968400 ) ) ;
#4859 = CARTESIAN_POINT ( 'NONE',  ( 1.250000000000027100, 0.3499999999999999800, 0.4166666666667695500 ) ) ;
#4860 = CARTESIAN_POINT ( 'NONE',  ( -1.349999999999999000, 0.0000000000000000000, 1.099999999999990100 ) ) ;
#4861 = CARTESIAN_POINT ( 'NONE',  ( 0.7383333333333065300, 0.3499999999999999800, 1.416666666666773800 ) ) ;
#4862 = DIRECTION ( 'NONE',  ( 0.0000000000000000000, -1.000000000000000000, 0.0000000000000000000 ) ) ;
#4863 = CARTESIAN_POINT ( 'NONE',  ( 0.6549999999999732700, 1.100000000000000100, 1.500000000000107200 ) ) ;
#4864 = DIRECTION ( 'NONE',  ( 0.0000000000000000000, 0.0000000000000000000, -1.000000000000000000 ) ) ;
#4865 =( NAMED_UNIT ( * ) PLANE_ANGLE_UNIT ( ) SI_UNIT ( $, .RADIAN. ) );
#4866 =( NAMED_UNIT ( * ) SI_UNIT ( $, .STERADIAN. ) SOLID_ANGLE_UNIT ( ) );
#4867 = CARTESIAN_POINT ( 'NONE',  ( 1.009150720239446700, 0.4607419826769217400, 1.196865520821080100 ) ) ;
#4868 = CARTESIAN_POINT ( 'NONE',  ( -0.2091285875028295300, 0.4749999999999999800, 1.433333333333491900 ) ) ;
#4869 = CARTESIAN_POINT ( 'NONE',  ( 0.9641354026357563700, 0.5860840915643748000, 1.160929755414508600 ) ) ;
#4870 = CARTESIAN_POINT ( 'NONE',  ( 0.9501210081411216600, 0.6541789618099649300, 1.150094210546570100 ) ) ;
#4871 = CARTESIAN_POINT ( 'NONE',  ( 0.9498806114883249200, 0.7939378380140473800, 1.149907050411272100 ) ) ;
#4872 = CARTESIAN_POINT ( 'NONE',  ( 1.183333333333377100, 0.4749999999999999800, -1.183333333333186600 ) ) ;
#4873 = CARTESIAN_POINT ( 'NONE',  ( 0.9634878659945127500, 0.8614571653675537900, 1.160421750527093100 ) ) ;
#4874 = CARTESIAN_POINT ( 'NONE',  ( -0.2183333333333617200, 0.3499999999999999800, 1.500000000000107200 ) ) ;
#4875 = CARTESIAN_POINT ( 'NONE',  ( 1.008253442274456000, 0.9873932015394109000, 1.196140601537877300 ) ) ;
#4876 = CARTESIAN_POINT ( 'NONE',  ( 1.038186442242899500, 1.044265846245275000, 1.220453442441002700 ) ) ;
#4877 =( NAMED_UNIT ( * ) SI_UNIT ( $, .STERADIAN. ) SOLID_ANGLE_UNIT ( ) );
#4878 = CARTESIAN_POINT ( 'NONE',  ( 1.072068953676331000, 1.097702978894385300, 1.248778674116906200 ) ) ;
#4879 = CARTESIAN_POINT ( 'NONE',  ( -0.6550000000000292300, 1.100000000000000100, 1.500000000000107200 ) ) ;
#4880 = CARTESIAN_POINT ( 'NONE',  ( 1.250000000000027100, 1.450000000000000200, -1.049999999999897900 ) ) ;
#4881 = CARTESIAN_POINT ( 'NONE',  ( -0.6273857625084705600, 0.9750000000000000900, 1.433333333333491700 ) ) ;
#4882 = DIRECTION ( 'NONE',  ( -1.000000000000000000, -0.0000000000000000000, -2.135298935124072200E-014 ) ) ;
#4883 = CARTESIAN_POINT ( 'NONE',  ( -0.5997715250169118900, 0.7249999999999999800, 1.366666666666876100 ) ) ;
#4884 = DIRECTION ( 'NONE',  ( -0.0000000000000000000, 1.000000000000000000, -0.0000000000000000000 ) ) ;
#4885 = CARTESIAN_POINT ( 'NONE',  ( -0.6273857625084704500, 0.4749999999999999800, 1.433333333333491900 ) ) ;
#4886 = CARTESIAN_POINT ( 'NONE',  ( -0.5721572875254079500, 1.450000000000000200, -1.499999999999889200 ) ) ;
#4887 = CARTESIAN_POINT ( 'NONE',  ( -0.6550000000000292300, 0.3499999999999999800, 1.500000000000107200 ) ) ;
#4888 = DIRECTION ( 'NONE',  ( -0.0000000000000000000, 1.000000000000000000, -0.0000000000000000000 ) ) ;
#4889 = CARTESIAN_POINT ( 'NONE',  ( -0.6550000000000292300, 1.450000000000000200, -1.499999999999891000 ) ) ;
#4890 = CARTESIAN_POINT ( 'NONE',  ( -1.050000000000053100, 1.450000000000000200, -1.049999999999891900 ) ) ;
#4891 = DIRECTION ( 'NONE',  ( -0.0000000000000000000, 1.000000000000000000, -0.0000000000000000000 ) ) ;
#4892 = DIRECTION ( 'NONE',  ( 0.0000000000000000000, 0.0000000000000000000, -1.000000000000000000 ) ) ;
#4893 = CARTESIAN_POINT ( 'NONE',  ( -0.5785907149515647800, 0.3501459083695718200, 1.499922137777284400 ) ) ;
#4894 = CARTESIAN_POINT ( 'NONE',  ( -1.050000000000053100, 1.450000000000000200, 1.050000000000093500 ) ) ;
#4895 = DIRECTION ( 'NONE',  ( -0.0000000000000000000, 1.000000000000000000, -0.0000000000000000000 ) ) ;
#4896 = DIRECTION ( 'NONE',  ( 0.0000000000000000000, 0.0000000000000000000, -1.000000000000000000 ) ) ;
#4897 = CARTESIAN_POINT ( 'NONE',  ( -0.5817885872245918100, 0.3504353266118375700, 1.499767960569266900 ) ) ;
#4898 = DIRECTION ( 'NONE',  ( -3.580757560562601300E-015, -0.0000000000000000000, 1.000000000000000000 ) ) ;
#4899 = CARTESIAN_POINT ( 'NONE',  ( -0.5753719291238573700, 0.3500000000000007000, 1.500000000000107200 ) ) ;
#4900 = CARTESIAN_POINT ( 'NONE',  ( -0.5721572875254098400, 0.3499999999999999800, 1.499999999999992000 ) ) ;
#4901 = CARTESIAN_POINT ( 'NONE',  ( 0.7135786437626348000, 0.3499999999999999800, -1.441421356237301500 ) ) ;
#4902 = CARTESIAN_POINT ( 'NONE',  ( 1.399999999999993000, -0.05000000000000000300, 1.241421356237294000 ) ) ;
#4903 = DIRECTION ( 'NONE',  ( -0.0000000000000000000, 1.000000000000000000, -0.0000000000000000000 ) ) ;
#4904 = CARTESIAN_POINT ( 'NONE',  ( 0.5721572875253542200, 1.450000000000000200, 1.300000000000107100 ) ) ;
#4905 = DIRECTION ( 'NONE',  ( -0.0000000000000000000, 1.000000000000000000, -0.0000000000000000000 ) ) ;
#4906 = DIRECTION ( 'NONE',  ( 0.0000000000000000000, 0.0000000000000000000, -1.000000000000000000 ) ) ;
#4907 = CARTESIAN_POINT ( 'NONE',  ( 0.9050000000000526500, -0.05000000000000000300, -1.249999999999980900 ) ) ;
#4908 = CARTESIAN_POINT ( 'NONE',  ( 0.9049999999999730500, 1.100000000000000100, -1.249999999999892100 ) ) ;
#4909 = DIRECTION ( 'NONE',  ( -0.0000000000000000000, 1.000000000000000000, -0.0000000000000000000 ) ) ;
#4910 = CARTESIAN_POINT ( 'NONE',  ( -0.7135786437627198400, 0.3499999999999999800, 1.441421356237301100 ) ) ;
#4911 = CARTESIAN_POINT ( 'NONE',  ( -0.7113055488902910700, 0.3499999999999999200, 1.443694451109729800 ) ) ;
#4912 = CARTESIAN_POINT ( 'NONE',  ( 1.050000000000018700, 1.450000000000000200, -1.249999999999897900 ) ) ;
#4913 = CARTESIAN_POINT ( 'NONE',  ( -1.349999999999994100, -0.05000000000000000300, 1.099999999999971900 ) ) ;
#4914 = DIRECTION ( 'NONE',  ( 0.0000000000000000000, -1.000000000000000000, 0.0000000000000000000 ) ) ;
#4915 = DIRECTION ( 'NONE',  ( 0.0000000000000000000, 0.0000000000000000000, -1.000000000000000000 ) ) ;
#4916 = CARTESIAN_POINT ( 'NONE',  ( 0.4999999999999965600, -0.05000000000000000300, -1.499999999999984000 ) ) ;
#4917 = CARTESIAN_POINT ( 'NONE',  ( -0.7089744666930372100, 0.3501459083889370500, 1.445915419480986200 ) ) ;
#4918 = CARTESIAN_POINT ( 'NONE',  ( -0.7066042097753406600, 0.3504353266296789100, 1.448067636901254400 ) ) ;
#4919 = DIRECTION ( 'NONE',  ( -0.0000000000000000000, 1.000000000000000000, -0.0000000000000000000 ) ) ;
#4920 = CARTESIAN_POINT ( 'NONE',  ( -1.400000000000003000, -0.05000000000000000300, 1.241421356237284900 ) ) ;
#4921 = DIRECTION ( 'NONE',  ( -1.000000000000000000, -0.0000000000000000000, 4.085399490524449300E-014 ) ) ;
#4922 = DIRECTION ( 'NONE',  ( 0.0000000000000000000, -1.000000000000000000, 0.0000000000000000000 ) ) ;
#4923 = CARTESIAN_POINT ( 'NONE',  ( -1.400000000000011000, -0.05000000000000000300, -1.241421356237303100 ) ) ;
#4924 = DIRECTION ( 'NONE',  ( -0.7071067811865477900, -0.0000000000000000000, -0.7071067811865473500 ) ) ;
#4925 = DIRECTION ( 'NONE',  ( -0.0000000000000000000, 1.000000000000000000, -0.0000000000000000000 ) ) ;
#4926 = DIRECTION ( 'NONE',  ( -0.0000000000000000000, 1.000000000000000000, -0.0000000000000000000 ) ) ;
#4927 = CARTESIAN_POINT ( 'NONE',  ( 0.6549999999999449600, 0.3499999999999999800, -1.499999999999991100 ) ) ;
#4928 = CARTESIAN_POINT ( 'NONE',  ( -1.072068953676412100, 1.097702978894379300, -1.248778674116686900 ) ) ;
#4929 = CARTESIAN_POINT ( 'NONE',  ( -1.116566856318712600, 1.088382866050533700, -1.243838394905200300 ) ) ;
#4930 = CARTESIAN_POINT ( 'NONE',  ( -1.349999999999999000, 0.3499999999999999800, 1.099999999999990100 ) ) ;
#4931 = DIRECTION ( 'NONE',  ( -0.0000000000000000000, 1.000000000000000000, -0.0000000000000000000 ) ) ;
#4932 = DIRECTION ( 'NONE',  ( 0.0000000000000000000, 0.0000000000000000000, -1.000000000000000000 ) ) ;
#4933 = CARTESIAN_POINT ( 'NONE',  ( 0.9050000000000526500, -0.05000000000000000300, -1.249999999999980900 ) ) ;
#4934 = DIRECTION ( 'NONE',  ( 0.7071067811865922000, -0.0000000000000000000, 0.7071067811865028300 ) ) ;
#4935 = DIRECTION ( 'NONE',  ( 1.000000000000000000, -0.0000000000000000000, -1.382349632163594300E-013 ) ) ;
#4936 = CARTESIAN_POINT ( 'NONE',  ( -0.7135786437627198400, 1.450000000000000200, 1.441421356237416500 ) ) ;
#4937 = CARTESIAN_POINT ( 'NONE',  ( 1.349999999999983000, 0.0000000000000000000, -1.249999999999980900 ) ) ;
#4938 = CARTESIAN_POINT ( 'NONE',  ( -1.159131172275770900, 1.083035447846936600, -1.223696076598863400 ) ) ;
#4939 = CARTESIAN_POINT ( 'NONE',  ( -1.223643754337589500, 1.083028129109143500, -1.159214405495290400 ) ) ;
#4940 = CARTESIAN_POINT ( 'NONE',  ( -1.243837773324269800, 1.088381693403008600, -1.116572454991481500 ) ) ;
#4941 = CARTESIAN_POINT ( 'NONE',  ( -1.248778674118007100, 1.097702978896564400, -1.072068953665809500 ) ) ;
#4942 = DIRECTION ( 'NONE',  ( -0.0000000000000000000, 1.000000000000000000, -0.0000000000000000000 ) ) ;
#4943 = CARTESIAN_POINT ( 'NONE',  ( 0.5721572875254016300, -0.05000000000000000300, -1.499999999999994000 ) ) ;
#4944 = DIRECTION ( 'NONE',  ( 1.000000000000000000, -0.0000000000000000000, -0.0000000000000000000 ) ) ;
#4945 = CARTESIAN_POINT ( 'NONE',  ( -0.7089744666979251900, 0.3501459083684046500, -1.445915419491362600 ) ) ;
#4946 = CARTESIAN_POINT ( 'NONE',  ( 0.7135786437627023000, -0.05000000000000000300, 1.441421356237343900 ) ) ;
#4947 = CARTESIAN_POINT ( 'NONE',  ( -0.5721572875254098400, 0.0000000000000000000, 1.299999999999991800 ) ) ;
#4948 = DIRECTION ( 'NONE',  ( 0.0000000000000000000, -1.000000000000000000, 0.0000000000000000000 ) ) ;
#4949 = DIRECTION ( 'NONE',  ( 0.0000000000000000000, 0.0000000000000000000, -1.000000000000000000 ) ) ;
#4950 = CARTESIAN_POINT ( 'NONE',  ( 0.9050000000000544300, -0.05000000000000000300, 1.250000000000015100 ) ) ;
#4951 = DIRECTION ( 'NONE',  ( -1.000000000000000000, -0.0000000000000000000, 6.334664378568009900E-014 ) ) ;
#4952 = CARTESIAN_POINT ( 'NONE',  ( -0.6550000000000576500, 0.3499999999999999800, -1.500000000000004000 ) ) ;
#4953 = CARTESIAN_POINT ( 'NONE',  ( -0.7066042097788947100, 0.3504353266109352900, -1.448067636911605400 ) ) ;
#4954 = DIRECTION ( 'NONE',  ( -1.000000000000000000, -0.0000000000000000000, -9.766095904831244300E-015 ) ) ;
#4955 = DIRECTION ( 'NONE',  ( -0.7071067811865908700, -0.0000000000000000000, 0.7071067811865042700 ) ) ;
#4956 = CARTESIAN_POINT ( 'NONE',  ( -0.6723236086053633300, 0.3546211307951919700, 1.479194771882507800 ) ) ;
#4957 = CARTESIAN_POINT ( 'NONE',  ( -0.5721572875254112800, 0.0000000000000000000, -1.500000000000003100 ) ) ;
#4958 = CARTESIAN_POINT ( 'NONE',  ( 0.5817885872198155200, 0.3504353266297344800, 1.499767960559733600 ) ) ;
#4959 = CARTESIAN_POINT ( 'NONE',  ( -0.7113055488893073000, 0.3499999999999992600, -1.443694451110613800 ) ) ;
#4960 = CARTESIAN_POINT ( 'NONE',  ( -0.7135786437627491500, 0.3499999999999999800, -1.441421356237312400 ) ) ;
#4961 = DIRECTION ( 'NONE',  ( 1.000000000000000000, 0.0000000000000000000, 1.532605026963987300E-013 ) ) ;
#4962 = CARTESIAN_POINT ( 'NONE',  ( -0.7066042097753406600, 0.3504353266296789100, 1.448067636901254400 ) ) ;
#4963 = CARTESIAN_POINT ( 'NONE',  ( 0.5516853143249855800, 0.4645462288824111500, 1.438979462312061300 ) ) ;
#4964 = CARTESIAN_POINT ( 'NONE',  ( -0.6280375138685767600, 0.3546210106858030400, 1.497538187217268800 ) ) ;
#4965 = CARTESIAN_POINT ( 'NONE',  ( -0.5817885872245918100, 0.3504353266118375700, 1.499767960569266900 ) ) ;
#4966 = CARTESIAN_POINT ( 'NONE',  ( 1.349999999999983000, -0.05000000000000000300, 1.249999999999987100 ) ) ;
#4967 = CARTESIAN_POINT ( 'NONE',  ( 0.5307861072952041500, 0.5912823788297391100, 1.400094309736597400 ) ) ;
#4968 = CARTESIAN_POINT ( 'NONE',  ( 0.5306859420577937400, 0.8577239607541965500, 1.399906041325466700 ) ) ;
#4969 = CARTESIAN_POINT ( 'NONE',  ( 0.5516615256993949700, 0.9853635968179207400, 1.438931425182099700 ) ) ;
#4970 = CARTESIAN_POINT ( 'NONE',  ( 0.5817885872215421400, 1.099564673370530700, 1.499767960559932600 ) ) ;
#4971 = CARTESIAN_POINT ( 'NONE',  ( -0.5721572875254377100, 0.3499999999999999800, -1.500000000000003100 ) ) ;
#4972 = DIRECTION ( 'NONE',  ( -0.0000000000000000000, 1.000000000000000000, -0.0000000000000000000 ) ) ;
#4973 = CARTESIAN_POINT ( 'NONE',  ( 0.6723272046815472700, 1.095379308301214400, -1.479191506608829500 ) ) ;
#4974 = CARTESIAN_POINT ( 'NONE',  ( 0.7066042097742130100, 1.099564673370529800, -1.448067636902350000 ) ) ;
#4975 = CARTESIAN_POINT ( 'NONE',  ( 1.349999999999984800, 0.0000000000000000000, 1.099999999999980800 ) ) ;
#4976 = DIRECTION ( 'NONE',  ( 0.0000000000000000000, -1.000000000000000000, 0.0000000000000000000 ) ) ;
#4977 = DIRECTION ( 'NONE',  ( 0.0000000000000000000, 0.0000000000000000000, -1.000000000000000000 ) ) ;
#4978 = CARTESIAN_POINT ( 'NONE',  ( 0.7135786437626637800, 1.450000000000000200, 1.441421356237416500 ) ) ;
#4979 = CARTESIAN_POINT ( 'NONE',  ( 0.6280339857021969300, 1.095379308625316700, -1.497538357318774400 ) ) ;
#4980 = CARTESIAN_POINT ( 'NONE',  ( 0.5817885872190634600, 1.099564673370539500, -1.499767960559635700 ) ) ;
#4981 = DIRECTION ( 'NONE',  ( 0.0000000000000000000, -1.000000000000000000, 0.0000000000000000000 ) ) ;
#4982 = CARTESIAN_POINT ( 'NONE',  ( -0.7113055488905379900, 1.100000000000000100, -1.443694451109382500 ) ) ;
#4983 = DIRECTION ( 'NONE',  ( -0.0000000000000000000, 1.000000000000000000, -0.0000000000000000000 ) ) ;
#4984 = CARTESIAN_POINT ( 'NONE',  ( -0.7135786437627216200, 1.100000000000000100, -1.441421356237199100 ) ) ;
#4985 = CARTESIAN_POINT ( 'NONE',  ( 0.5721572875253856400, 1.100000000000000100, -1.499999999999864800 ) ) ;
#4986 = CARTESIAN_POINT ( 'NONE',  ( -0.7066042097762373900, 1.099564673370570200, -1.448067636900328900 ) ) ;
#4987 = NEXT_ASSEMBLY_USAGE_OCCURRENCE ( 'NAUO1', ' ', ' ', #3954, #3953, $ ) ;
ENDSEC;
END-ISO-10303-21;
