ISO-10303-21;
HEADER;
FILE_DESCRIPTION (( 'STEP AP214' ),
    '1' );
FILE_NAME ('EFC3J018NUZTDG.STEP',
    '2024-06-16T10:00:09',
    ( '' ),
    ( '' ),
    'SwSTEP 2.0',
    'SolidWorks 2023',
    '' );
FILE_SCHEMA (( 'AUTOMOTIVE_DESIGN' ));
ENDSEC;

DATA;
#1 = CARTESIAN_POINT ( 'NONE',  ( 0.02175196850393701017, 0.008858267716535434683, 0.000000000000000000 ) ) ;
#2 = CARTESIAN_POINT ( 'NONE',  ( 0.02175196850393701017, -0.02263779527559055260, 0.000000000000000000 ) ) ;
#3 = CARTESIAN_POINT ( 'NONE',  ( 0.05922398905044669315, -0.03484251968503936786, 0.004921259842519685838 ) ) ;
#4 = SURFACE_STYLE_USAGE ( .BOTH. , #1994 ) ;
#5 = EDGE_CURVE ( 'NONE', #93, #2114, #1471, .T. ) ;
#6 = PLANE ( 'NONE',  #483 ) ;
#7 = ORIENTED_EDGE ( 'NONE', *, *, #245, .F. ) ;
#8 = CARTESIAN_POINT ( 'NONE',  ( 0.04734251968503937202, 0.01574803149606299191, 0.000000000000000000 ) ) ;
#9 = CARTESIAN_POINT ( 'NONE',  ( -0.06003937007874015491, 0.03484251968503937480, 0.004921259842519684971 ) ) ;
#10 = FACE_OUTER_BOUND ( 'NONE', #2218, .T. ) ;
#11 = LENGTH_MEASURE_WITH_UNIT ( LENGTH_MEASURE( 0.02539999999999999897 ), #2429 );
#12 = FILL_AREA_STYLE ('',( #1970 ) ) ;
#13 = ORIENTED_EDGE ( 'NONE', *, *, #1442, .T. ) ;
#14 =( CONVERSION_BASED_UNIT ( 'INCH', #2240 ) LENGTH_UNIT ( ) NAMED_UNIT ( #1700 ) );
#15 = SURFACE_SIDE_STYLE ('',( #2229 ) ) ;
#16 = CARTESIAN_POINT ( 'NONE',  ( 0.000000000000000000, -0.01574803149606299191, 0.0007874015748031497038 ) ) ;
#17 = AXIS2_PLACEMENT_3D ( 'NONE', #671, #1567, #2014 ) ;
#18 = LINE ( 'NONE', #1599, #1748 ) ;
#19 = CARTESIAN_POINT ( 'NONE',  ( 0.000000000000000000, 0.000000000000000000, 0.0007874015748031497038 ) ) ;
#20 =( GEOMETRIC_REPRESENTATION_CONTEXT ( 3 ) GLOBAL_UNCERTAINTY_ASSIGNED_CONTEXT ( ( #1228 ) ) GLOBAL_UNIT_ASSIGNED_CONTEXT ( ( #957, #1178, #694 ) ) REPRESENTATION_CONTEXT ( 'NONE', 'WORKASPACE' ) );
#21 = ORIENTED_EDGE ( 'NONE', *, *, #1864, .F. ) ;
#22 =( NAMED_UNIT ( * ) SI_UNIT ( $, .STERADIAN. ) SOLID_ANGLE_UNIT ( ) );
#23 = VERTEX_POINT ( 'NONE', #1329 ) ;
#24 =( NAMED_UNIT ( * ) PLANE_ANGLE_UNIT ( ) SI_UNIT ( $, .RADIAN. ) );
#25 = SURFACE_SIDE_STYLE ('',( #1784 ) ) ;
#26 = EDGE_CURVE ( 'NONE', #2041, #2489, #1568, .T. ) ;
#27 =( NAMED_UNIT ( * ) SI_UNIT ( $, .STERADIAN. ) SOLID_ANGLE_UNIT ( ) );
#28 = DIRECTION ( 'NONE',  ( 1.000000000000000000, 0.000000000000000000, -0.000000000000000000 ) ) ;
#29 = ORIENTED_EDGE ( 'NONE', *, *, #2300, .F. ) ;
#30 = FACE_OUTER_BOUND ( 'NONE', #2651, .T. ) ;
#31 =( GEOMETRIC_REPRESENTATION_CONTEXT ( 3 ) GLOBAL_UNCERTAINTY_ASSIGNED_CONTEXT ( ( #1689 ) ) GLOBAL_UNIT_ASSIGNED_CONTEXT ( ( #2210, #2019, #212 ) ) REPRESENTATION_CONTEXT ( 'NONE', 'WORKASPACE' ) );
#32 = UNCERTAINTY_MEASURE_WITH_UNIT (LENGTH_MEASURE( 1.000000000000000082E-05 ), #2070, 'distance_accuracy_value', 'NONE');
#33 = MECHANICAL_DESIGN_GEOMETRIC_PRESENTATION_REPRESENTATION (  '', ( #826 ), #1146 ) ;
#34 = MECHANICAL_DESIGN_GEOMETRIC_PRESENTATION_REPRESENTATION (  '', ( #2549 ), #598 ) ;
#35 = COLOUR_RGB ( '',0.8313725490196077761, 0.8313725490196077761, 0.8313725490196077761 ) ;
#36 = AXIS2_PLACEMENT_3D ( 'NONE', #2493, #106, #2521 ) ;
#37 = SURFACE_STYLE_USAGE ( .BOTH. , #1349 ) ;
#38 = VERTEX_POINT ( 'NONE', #2444 ) ;
#39 = PRESENTATION_STYLE_ASSIGNMENT (( #2289 ) ) ;
#40 = CIRCLE ( 'NONE', #1615, 0.0007874015748031495954 ) ;
#41 = CARTESIAN_POINT ( 'NONE',  ( -0.05971321766742276188, 0.03383608299759683496, 0.005708661417322844975 ) ) ;
#42 =( NAMED_UNIT ( * ) SI_UNIT ( $, .STERADIAN. ) SOLID_ANGLE_UNIT ( ) );
#43 = COLOUR_RGB ( '',0.2862745098039215508, 0.2862745098039215508, 0.2862745098039215508 ) ;
#44 = AXIS2_PLACEMENT_3D ( 'NONE', #474, #255, #1618 ) ;
#45 = FACE_OUTER_BOUND ( 'NONE', #468, .T. ) ;
#46 =( NAMED_UNIT ( * ) SI_UNIT ( $, .STERADIAN. ) SOLID_ANGLE_UNIT ( ) );
#47 = DIRECTION ( 'NONE',  ( 1.000000000000000000, 0.000000000000000000, 0.000000000000000000 ) ) ;
#48 = ORIENTED_EDGE ( 'NONE', *, *, #1010, .F. ) ;
#49 =( CONVERSION_BASED_UNIT ( 'INCH', #2263 ) LENGTH_UNIT ( ) NAMED_UNIT ( #348 ) );
#50 = FILL_AREA_STYLE ('',( #726 ) ) ;
#51 = CARTESIAN_POINT ( 'NONE',  ( -0.05925196850393700532, 0.03287401574803149734, 0.005708661417322834566 ) ) ;
#52 = FILL_AREA_STYLE ('',( #2249 ) ) ;
#53 = CARTESIAN_POINT ( 'NONE',  ( -0.02175196850393701017, 0.02263779527559055260, 0.0007874015748031497038 ) ) ;
#54 = VERTEX_POINT ( 'NONE', #1772 ) ;
#55 = CARTESIAN_POINT ( 'NONE',  ( -0.02175196850393701017, 0.008858267716535434683, 0.000000000000000000 ) ) ;
#56 = VERTEX_POINT ( 'NONE', #2192 ) ;
#57 = DIRECTION ( 'NONE',  ( -0.000000000000000000, -0.000000000000000000, 1.000000000000000000 ) ) ;
#58 = FILL_AREA_STYLE_COLOUR ( '', #1984 ) ;
#59 = EDGE_CURVE ( 'NONE', #2873, #1162, #2680, .T. ) ;
#60 = COLOUR_RGB ( '',0.2862745098039215508, 0.2862745098039215508, 0.2862745098039215508 ) ;
#61 = UNCERTAINTY_MEASURE_WITH_UNIT (LENGTH_MEASURE( 1.000000000000000082E-05 ), #1266, 'distance_accuracy_value', 'NONE');
#62 = ORIENTED_EDGE ( 'NONE', *, *, #2451, .F. ) ;
#63 = DIRECTION ( 'NONE',  ( 0.000000000000000000, 1.000000000000000000, 0.000000000000000000 ) ) ;
#64 = MECHANICAL_DESIGN_GEOMETRIC_PRESENTATION_REPRESENTATION (  '', ( #214 ), #20 ) ;
#65 = FILL_AREA_STYLE_COLOUR ( '', #317 ) ;
#66 = VECTOR ( 'NONE', #2684, 39.37007874015748143 ) ;
#67 = DIRECTION ( 'NONE',  ( -0.000000000000000000, -0.000000000000000000, -1.000000000000000000 ) ) ;
#68 = CIRCLE ( 'NONE', #439, 0.006889763779527559827 ) ;
#69 = SURFACE_SIDE_STYLE ('',( #731 ) ) ;
#70 = DIMENSIONAL_EXPONENTS ( 1.000000000000000000, 0.000000000000000000, 0.000000000000000000, 0.000000000000000000, 0.000000000000000000, 0.000000000000000000, 0.000000000000000000 ) ;
#71 = ORIENTED_EDGE ( 'NONE', *, *, #2326, .F. ) ;
#72 = DIRECTION ( 'NONE',  ( 0.000000000000000000, 0.000000000000000000, 1.000000000000000000 ) ) ;
#73 = PRODUCT_DEFINITION_SHAPE ( 'NONE', 'NONE',  #2877 ) ;
#74 = APPLICATION_PROTOCOL_DEFINITION ( 'draft international standard', 'automotive_design', 1998, #2426 ) ;
#75 = PRODUCT_DEFINITION_FORMATION_WITH_SPECIFIED_SOURCE ( 'ANY', '', #738, .NOT_KNOWN. ) ;
#76 =( CONVERSION_BASED_UNIT ( 'INCH', #1155 ) LENGTH_UNIT ( ) NAMED_UNIT ( #856 ) );
#77 = VECTOR ( 'NONE', #1187, 39.37007874015748143 ) ;
#78 = PRODUCT_DEFINITION_FORMATION_WITH_SPECIFIED_SOURCE ( 'ANY', '', #2087, .NOT_KNOWN. ) ;
#79 = EDGE_CURVE ( 'NONE', #1894, #2519, #1302, .T. ) ;
#80 =( GEOMETRIC_REPRESENTATION_CONTEXT ( 3 ) GLOBAL_UNCERTAINTY_ASSIGNED_CONTEXT ( ( #2037 ) ) GLOBAL_UNIT_ASSIGNED_CONTEXT ( ( #2136, #346, #2590 ) ) REPRESENTATION_CONTEXT ( 'NONE', 'WORKASPACE' ) );
#81 = ORIENTED_EDGE ( 'NONE', *, *, #2361, .F. ) ;
#82 = DIRECTION ( 'NONE',  ( 1.000000000000000000, 0.000000000000000000, 0.000000000000000000 ) ) ;
#83 = SURFACE_SIDE_STYLE ('',( #2246 ) ) ;
#84 = MECHANICAL_DESIGN_GEOMETRIC_PRESENTATION_REPRESENTATION (  '', ( #2358 ), #830 ) ;
#85 = MECHANICAL_DESIGN_GEOMETRIC_PRESENTATION_REPRESENTATION (  '', ( #1881 ), #2122 ) ;
#86 = ADVANCED_FACE ( 'NONE', ( #1555 ), #659, .F. ) ;
#87 = PRESENTATION_LAYER_ASSIGNMENT (  '', '', ( #2506 ) ) ;
#88 = STYLED_ITEM ( 'NONE', ( #771 ), #1350 ) ;
#89 = CARTESIAN_POINT ( 'NONE',  ( 0.02175196850393701017, 0.008858267716535434683, 0.000000000000000000 ) ) ;
#90 = MECHANICAL_DESIGN_GEOMETRIC_PRESENTATION_REPRESENTATION (  '', ( #2646 ), #1791 ) ;
#91 = DIRECTION ( 'NONE',  ( 0.000000000000000000, -1.000000000000000000, -0.000000000000000000 ) ) ;
#92 =( GEOMETRIC_REPRESENTATION_CONTEXT ( 3 ) GLOBAL_UNCERTAINTY_ASSIGNED_CONTEXT ( ( #1884 ) ) GLOBAL_UNIT_ASSIGNED_CONTEXT ( ( #578, #115, #784 ) ) REPRESENTATION_CONTEXT ( 'NONE', 'WORKASPACE' ) );
#93 = VERTEX_POINT ( 'NONE', #2836 ) ;
#94 = VERTEX_POINT ( 'NONE', #1082 ) ;
#95 = LENGTH_MEASURE_WITH_UNIT ( LENGTH_MEASURE( 0.02539999999999999897 ), #1402 );
#96 = DIRECTION ( 'NONE',  ( 0.000000000000000000, 0.000000000000000000, 1.000000000000000000 ) ) ;
#97 = PRODUCT_CONTEXT ( 'NONE', #433, 'mechanical' ) ;
#98 = DIRECTION ( 'NONE',  ( -1.000000000000000000, 0.000000000000000000, 0.000000000000000000 ) ) ;
#99 = DIRECTION ( 'NONE',  ( -1.000000000000000000, 0.000000000000000000, -0.000000000000000000 ) ) ;
#100 = UNCERTAINTY_MEASURE_WITH_UNIT (LENGTH_MEASURE( 1.000000000000000082E-05 ), #2474, 'distance_accuracy_value', 'NONE');
#101 = ORIENTED_EDGE ( 'NONE', *, *, #343, .F. ) ;
#102 = LENGTH_MEASURE_WITH_UNIT ( LENGTH_MEASURE( 0.02539999999999999897 ), #1872 );
#103 =( NAMED_UNIT ( * ) PLANE_ANGLE_UNIT ( ) SI_UNIT ( $, .RADIAN. ) );
#104 = PRESENTATION_STYLE_ASSIGNMENT (( #533 ) ) ;
#105 = ORIENTED_EDGE ( 'NONE', *, *, #1676, .F. ) ;
#106 = DIRECTION ( 'NONE',  ( -0.000000000000000000, -1.000000000000000000, -0.000000000000000000 ) ) ;
#107 = SHAPE_DEFINITION_REPRESENTATION ( #1186, #539 ) ;
#108 = DIMENSIONAL_EXPONENTS ( 1.000000000000000000, 0.000000000000000000, 0.000000000000000000, 0.000000000000000000, 0.000000000000000000, 0.000000000000000000, 0.000000000000000000 ) ;
#109 = DIRECTION ( 'NONE',  ( 1.000000000000000000, 0.000000000000000000, -0.000000000000000000 ) ) ;
#110 =( NAMED_UNIT ( * ) SI_UNIT ( $, .STERADIAN. ) SOLID_ANGLE_UNIT ( ) );
#111 = CARTESIAN_POINT ( 'NONE',  ( 0.000000000000000000, -0.01574803149606299191, 0.000000000000000000 ) ) ;
#112 = FACE_OUTER_BOUND ( 'NONE', #783, .T. ) ;
#113 = DIRECTION ( 'NONE',  ( 0.000000000000000000, 0.000000000000000000, 1.000000000000000000 ) ) ;
#114 = ORIENTED_EDGE ( 'NONE', *, *, #1337, .T. ) ;
#115 =( NAMED_UNIT ( * ) PLANE_ANGLE_UNIT ( ) SI_UNIT ( $, .RADIAN. ) );
#116 = DIRECTION ( 'NONE',  ( 1.000000000000000000, 0.000000000000000000, 0.000000000000000000 ) ) ;
#117 = PRESENTATION_LAYER_ASSIGNMENT (  '', '', ( #1314 ) ) ;
#118 = PRODUCT ( 'ONsemi Updated Logo', 'ONsemi Updated Logo', '', ( #2538 ) ) ;
#119 = FILL_AREA_STYLE_COLOUR ( '', #2585 ) ;
#120 = VERTEX_POINT ( 'NONE', #2620 ) ;
#121 = MECHANICAL_DESIGN_GEOMETRIC_PRESENTATION_REPRESENTATION (  '', ( #1005 ), #1515 ) ;
#122 = DIRECTION ( 'NONE',  ( 1.000000000000000000, 0.000000000000000000, -0.000000000000000000 ) ) ;
#123 = EDGE_CURVE ( 'NONE', #2064, #153, #2546, .T. ) ;
#124 = LENGTH_MEASURE_WITH_UNIT ( LENGTH_MEASURE( 0.02539999999999999897 ), #820 );
#125 =( NAMED_UNIT ( * ) PLANE_ANGLE_UNIT ( ) SI_UNIT ( $, .RADIAN. ) );
#126 = PRESENTATION_STYLE_ASSIGNMENT (( #1035 ) ) ;
#127 = UNCERTAINTY_MEASURE_WITH_UNIT (LENGTH_MEASURE( 1.000000000000000082E-05 ), #892, 'distance_accuracy_value', 'NONE');
#128 = ORIENTED_EDGE ( 'NONE', *, *, #996, .T. ) ;
#129 = SURFACE_SIDE_STYLE ('',( #2115 ) ) ;
#130 = MECHANICAL_DESIGN_GEOMETRIC_PRESENTATION_REPRESENTATION (  '', ( #875 ), #371 ) ;
#131 = DIRECTION ( 'NONE',  ( 1.000000000000000000, 0.000000000000000000, 0.000000000000000000 ) ) ;
#132 = SURFACE_STYLE_USAGE ( .BOTH. , #1217 ) ;
#133 = ORIENTED_EDGE ( 'NONE', *, *, #2211, .F. ) ;
#134 = MECHANICAL_DESIGN_GEOMETRIC_PRESENTATION_REPRESENTATION (  '', ( #1239 ), #1151 ) ;
#135 = CARTESIAN_POINT ( 'NONE',  ( -0.05922398905044667927, -0.03484251968503938174, 0.004921259842519684971 ) ) ;
#136 = VECTOR ( 'NONE', #2632, 39.37007874015748143 ) ;
#137 = ORIENTED_EDGE ( 'NONE', *, *, #1014, .T. ) ;
#138 = AXIS2_PLACEMENT_3D ( 'NONE', #1305, #1546, #469 ) ;
#139 = EDGE_LOOP ( 'NONE', ( #1827, #1249, #128, #467 ) ) ;
#140 = DIRECTION ( 'NONE',  ( 0.000000000000000000, 0.000000000000000000, -1.000000000000000000 ) ) ;
#141 = PRESENTATION_LAYER_ASSIGNMENT (  '', '', ( #2729 ) ) ;
#142 = AXIS2_PLACEMENT_3D ( 'NONE', #2445, #1331, #237 ) ;
#143 = DIRECTION ( 'NONE',  ( 1.000000000000000000, 0.000000000000000000, -0.000000000000000000 ) ) ;
#144 = PRESENTATION_LAYER_ASSIGNMENT (  '', '', ( #456 ) ) ;
#145 = CARTESIAN_POINT ( 'NONE',  ( 0.02175196850393701017, -0.02263779527559055260, 0.0007874015748031497038 ) ) ;
#146 = VECTOR ( 'NONE', #2720, 39.37007874015748143 ) ;
#147 = DIRECTION ( 'NONE',  ( 1.000000000000000000, 0.000000000000000000, -0.000000000000000000 ) ) ;
#148 = SURFACE_STYLE_USAGE ( .BOTH. , #2133 ) ;
#149 = EDGE_LOOP ( 'NONE', ( #2589, #1323, #1671, #1224 ) ) ;
#150 = DIMENSIONAL_EXPONENTS ( 1.000000000000000000, 0.000000000000000000, 0.000000000000000000, 0.000000000000000000, 0.000000000000000000, 0.000000000000000000, 0.000000000000000000 ) ;
#151 = ORIENTED_EDGE ( 'NONE', *, *, #2817, .T. ) ;
#152 = FILL_AREA_STYLE ('',( #2139 ) ) ;
#153 = VERTEX_POINT ( 'NONE', #1313 ) ;
#154 =( NAMED_UNIT ( * ) SI_UNIT ( $, .STERADIAN. ) SOLID_ANGLE_UNIT ( ) );
#155 = SURFACE_SIDE_STYLE ('',( #1253 ) ) ;
#156 = UNCERTAINTY_MEASURE_WITH_UNIT (LENGTH_MEASURE( 1.000000000000000082E-05 ), #2241, 'distance_accuracy_value', 'NONE');
#157 = EDGE_CURVE ( 'NONE', #2329, #2064, #2194, .T. ) ;
#158 = SURFACE_STYLE_USAGE ( .BOTH. , #129 ) ;
#159 = LENGTH_MEASURE_WITH_UNIT ( LENGTH_MEASURE( 0.02539999999999999897 ), #2147 );
#160 = SURFACE_STYLE_FILL_AREA ( #2565 ) ;
#161 = CARTESIAN_POINT ( 'NONE',  ( -0.06003937007874015491, 0.03484251968503937480, 0.000000000000000000 ) ) ;
#162 = ORIENTED_EDGE ( 'NONE', *, *, #1034, .T. ) ;
#163 = SURFACE_STYLE_FILL_AREA ( #1260 ) ;
#164 = DIRECTION ( 'NONE',  ( 0.000000000000000000, -1.000000000000000000, 0.000000000000000000 ) ) ;
#165 =( NAMED_UNIT ( * ) SI_UNIT ( $, .STERADIAN. ) SOLID_ANGLE_UNIT ( ) );
#166 = MECHANICAL_DESIGN_GEOMETRIC_PRESENTATION_REPRESENTATION (  '', ( #1556 ), #437 ) ;
#167 = DIMENSIONAL_EXPONENTS ( 1.000000000000000000, 0.000000000000000000, 0.000000000000000000, 0.000000000000000000, 0.000000000000000000, 0.000000000000000000, 0.000000000000000000 ) ;
#168 = SURFACE_STYLE_FILL_AREA ( #2613 ) ;
#169 = CARTESIAN_POINT ( 'NONE',  ( -0.05807086614173229133, -0.03484251968503937480, 0.0007874015748031497038 ) ) ;
#170 = LINE ( 'NONE', #1925, #1919 ) ;
#171 = FILL_AREA_STYLE ('',( #1548 ) ) ;
#172 = SURFACE_STYLE_FILL_AREA ( #810 ) ;
#173 = SURFACE_SIDE_STYLE ('',( #160 ) ) ;
#174 = CARTESIAN_POINT ( 'NONE',  ( 0.04734251968503937202, 0.02263779527559055260, 0.000000000000000000 ) ) ;
#175 = LENGTH_MEASURE_WITH_UNIT ( LENGTH_MEASURE( 0.02539999999999999897 ), #1448 );
#176 = EDGE_CURVE ( 'NONE', #1562, #1081, #1751, .T. ) ;
#177 = CARTESIAN_POINT ( 'NONE',  ( 0.02175196850393701017, -0.01574803149606299191, 0.000000000000000000 ) ) ;
#178 =( LENGTH_UNIT ( ) NAMED_UNIT ( * ) SI_UNIT ( $, .METRE. ) );
#179 =( GEOMETRIC_REPRESENTATION_CONTEXT ( 3 ) GLOBAL_UNCERTAINTY_ASSIGNED_CONTEXT ( ( #1166 ) ) GLOBAL_UNIT_ASSIGNED_CONTEXT ( ( #382, #985, #1037 ) ) REPRESENTATION_CONTEXT ( 'NONE', 'WORKASPACE' ) );
#180 = CIRCLE ( 'NONE', #547, 0.004921259842519684971 ) ;
#181 = MECHANICAL_DESIGN_GEOMETRIC_PRESENTATION_REPRESENTATION (  '', ( #543 ), #1020 ) ;
#182 = CARTESIAN_POINT ( 'NONE',  ( -0.04734251968503937202, -0.02263779527559055260, 0.0007874015748031497038 ) ) ;
#183 = AXIS2_PLACEMENT_3D ( 'NONE', #1137, #1845, #311 ) ;
#184 = CARTESIAN_POINT ( 'NONE',  ( -0.05807086614173229133, 0.03287401574803149734, 0.000000000000000000 ) ) ;
#185 = AXIS2_PLACEMENT_3D ( 'NONE', #203, #1766, #1296 ) ;
#186 =( LENGTH_UNIT ( ) NAMED_UNIT ( * ) SI_UNIT ( $, .METRE. ) );
#187 = VECTOR ( 'NONE', #1759, 39.37007874015748143 ) ;
#188 = SURFACE_STYLE_FILL_AREA ( #871 ) ;
#189 = PRESENTATION_LAYER_ASSIGNMENT (  '', '', ( #1432 ) ) ;
#190 = LENGTH_MEASURE_WITH_UNIT ( LENGTH_MEASURE( 0.02539999999999999897 ), #231 );
#191 = COLOUR_RGB ( '',0.2862745098039215508, 0.2862745098039215508, 0.2862745098039215508 ) ;
#192 = ORIENTED_EDGE ( 'NONE', *, *, #1204, .F. ) ;
#193 = LINE ( 'NONE', #174, #684 ) ;
#194 =( CONVERSION_BASED_UNIT ( 'INCH', #218 ) LENGTH_UNIT ( ) NAMED_UNIT ( #2747 ) );
#195 = DIRECTION ( 'NONE',  ( -0.000000000000000000, -0.000000000000000000, 1.000000000000000000 ) ) ;
#196 = EDGE_CURVE ( 'NONE', #327, #1871, #950, .T. ) ;
#197 = UNCERTAINTY_MEASURE_WITH_UNIT (LENGTH_MEASURE( 1.000000000000000082E-05 ), #405, 'distance_accuracy_value', 'NONE');
#198 = FILL_AREA_STYLE_COLOUR ( '', #1374 ) ;
#199 =( NAMED_UNIT ( * ) PLANE_ANGLE_UNIT ( ) SI_UNIT ( $, .RADIAN. ) );
#200 =( NAMED_UNIT ( * ) PLANE_ANGLE_UNIT ( ) SI_UNIT ( $, .RADIAN. ) );
#201 = LENGTH_MEASURE_WITH_UNIT ( LENGTH_MEASURE( 0.02539999999999999897 ), #186 );
#202 = CARTESIAN_POINT ( 'NONE',  ( 0.05807086614173229133, -0.03405511811023621133, 0.005708661417322834566 ) ) ;
#203 = CARTESIAN_POINT ( 'NONE',  ( -0.02506417207020610050, -0.2009866715216259980, 7.874015748031495683E-05 ) ) ;
#204 = SURFACE_STYLE_FILL_AREA ( #1549 ) ;
#205 = DIRECTION ( 'NONE',  ( 0.000000000000000000, 0.000000000000000000, 1.000000000000000000 ) ) ;
#206 = CARTESIAN_POINT ( 'NONE',  ( -0.05971321766742276882, 0.03287401574803149734, 0.005708661417322844107 ) ) ;
#207 = SURFACE_STYLE_FILL_AREA ( #1510 ) ;
#208 = CARTESIAN_POINT ( 'NONE',  ( 0.02175196850393701017, -0.008858267716535434683, 0.000000000000000000 ) ) ;
#209 = EDGE_CURVE ( 'NONE', #1562, #1641, #2121, .T. ) ;
#210 = CARTESIAN_POINT ( 'NONE',  ( 0.04734251968503937202, 0.008858267716535434683, 0.0007874015748031497038 ) ) ;
#211 = AXIS2_PLACEMENT_3D ( 'NONE', #2267, #1592, #500 ) ;
#212 =( NAMED_UNIT ( * ) SI_UNIT ( $, .STERADIAN. ) SOLID_ANGLE_UNIT ( ) );
#213 = SURFACE_STYLE_USAGE ( .BOTH. , #1725 ) ;
#214 = STYLED_ITEM ( 'NONE', ( #1165 ), #2712 ) ;
#215 = PRESENTATION_STYLE_ASSIGNMENT (( #4 ) ) ;
#216 = ORIENTED_EDGE ( 'NONE', *, *, #2233, .F. ) ;
#217 = LENGTH_MEASURE_WITH_UNIT ( LENGTH_MEASURE( 0.02539999999999999897 ), #657 );
#218 = LENGTH_MEASURE_WITH_UNIT ( LENGTH_MEASURE( 0.02539999999999999897 ), #443 );
#219 = FILL_AREA_STYLE_COLOUR ( '', #378 ) ;
#220 = LINE ( 'NONE', #1327, #863 ) ;
#221 = DIRECTION ( 'NONE',  ( -0.000000000000000000, -0.000000000000000000, 1.000000000000000000 ) ) ;
#222 = CARTESIAN_POINT ( 'NONE',  ( -0.04734251968503937202, -0.01574803149606299191, 0.000000000000000000 ) ) ;
#223 = FILL_AREA_STYLE_COLOUR ( '', #191 ) ;
#224 =( NAMED_UNIT ( * ) SI_UNIT ( $, .STERADIAN. ) SOLID_ANGLE_UNIT ( ) );
#225 = CIRCLE ( 'NONE', #1570, 0.003669581256771143728 ) ;
#226 = AXIS2_PLACEMENT_3D ( 'NONE', #2328, #1398, #1220 ) ;
#227 = AXIS2_PLACEMENT_3D ( 'NONE', #945, #2682, #2468 ) ;
#228 = CARTESIAN_POINT ( 'NONE',  ( 0.05925196850393700532, -0.03287401574803149734, 0.005708661417322834566 ) ) ;
#229 = EDGE_CURVE ( 'NONE', #246, #2022, #700, .T. ) ;
#230 = STYLED_ITEM ( 'NONE', ( #1057 ), #1825 ) ;
#231 =( LENGTH_UNIT ( ) NAMED_UNIT ( * ) SI_UNIT ( $, .METRE. ) );
#232 = ORIENTED_EDGE ( 'NONE', *, *, #5, .F. ) ;
#233 = SURFACE_STYLE_FILL_AREA ( #2396 ) ;
#234 = FILL_AREA_STYLE_COLOUR ( '', #2386 ) ;
#235 = PRESENTATION_LAYER_ASSIGNMENT (  '', '', ( #730 ) ) ;
#236 =( CONVERSION_BASED_UNIT ( 'INCH', #11 ) LENGTH_UNIT ( ) NAMED_UNIT ( #1917 ) );
#237 = DIRECTION ( 'NONE',  ( -1.000000000000000000, 0.000000000000000000, 0.000000000000000000 ) ) ;
#238 = DIRECTION ( 'NONE',  ( 1.000000000000000000, 0.000000000000000000, 0.000000000000000000 ) ) ;
#239 = ORIENTED_EDGE ( 'NONE', *, *, #597, .F. ) ;
#240 = CARTESIAN_POINT ( 'NONE',  ( 0.000000000000000000, -0.01574803149606299191, 0.000000000000000000 ) ) ;
#241 = LENGTH_MEASURE_WITH_UNIT ( LENGTH_MEASURE( 0.02539999999999999897 ), #2666 );
#242 = DIRECTION ( 'NONE',  ( 0.000000000000000000, 0.000000000000000000, 1.000000000000000000 ) ) ;
#243 = LINE ( 'NONE', #1585, #722 ) ;
#244 = DIRECTION ( 'NONE',  ( -1.000000000000000000, 0.000000000000000000, 0.000000000000000000 ) ) ;
#245 = EDGE_CURVE ( 'NONE', #1401, #2424, #1701, .T. ) ;
#246 = VERTEX_POINT ( 'NONE', #1369 ) ;
#247 = CARTESIAN_POINT ( 'NONE',  ( 0.02175196850393701017, -0.01574803149606299191, 0.000000000000000000 ) ) ;
#248 = CARTESIAN_POINT ( 'NONE',  ( -0.05807086614173229133, 0.03484251968503937480, 0.004921259842519684971 ) ) ;
#249 = PLANE ( 'NONE',  #264 ) ;
#250 =( NAMED_UNIT ( * ) SI_UNIT ( $, .STERADIAN. ) SOLID_ANGLE_UNIT ( ) );
#251 = CIRCLE ( 'NONE', #1092, 0.006889763779527559827 ) ;
#252 = FILL_AREA_STYLE_COLOUR ( '', #2776 ) ;
#253 = AXIS2_PLACEMENT_3D ( 'NONE', #1486, #2798, #99 ) ;
#254 = ORIENTED_EDGE ( 'NONE', *, *, #1824, .T. ) ;
#255 = DIRECTION ( 'NONE',  ( 0.000000000000000000, 0.000000000000000000, 1.000000000000000000 ) ) ;
#256 = MECHANICAL_DESIGN_GEOMETRIC_PRESENTATION_REPRESENTATION (  '', ( #1509 ), #2058 ) ;
#257 = DIRECTION ( 'NONE',  ( 1.000000000000000000, 0.000000000000000000, 0.000000000000000000 ) ) ;
#258 = FILL_AREA_STYLE ('',( #2475 ) ) ;
#259 = SURFACE_SIDE_STYLE ('',( #2530 ) ) ;
#260 = ADVANCED_FACE ( 'NONE', ( #45 ), #249, .T. ) ;
#261 = VERTEX_POINT ( 'NONE', #2502 ) ;
#262 = PLANE ( 'NONE',  #2027 ) ;
#263 = LINE ( 'NONE', #636, #2276 ) ;
#264 = AXIS2_PLACEMENT_3D ( 'NONE', #2042, #1607, #961 ) ;
#265 =( GEOMETRIC_REPRESENTATION_CONTEXT ( 3 ) GLOBAL_UNCERTAINTY_ASSIGNED_CONTEXT ( ( #946 ) ) GLOBAL_UNIT_ASSIGNED_CONTEXT ( ( #1977, #1500, #2583 ) ) REPRESENTATION_CONTEXT ( 'NONE', 'WORKASPACE' ) );
#266 = AXIS2_PLACEMENT_3D ( 'NONE', #2705, #1411, #1604 ) ;
#267 = COLOUR_RGB ( '',0.2862745098039215508, 0.2862745098039215508, 0.2862745098039215508 ) ;
#268 =( LENGTH_UNIT ( ) NAMED_UNIT ( * ) SI_UNIT ( $, .METRE. ) );
#269 = UNCERTAINTY_MEASURE_WITH_UNIT (LENGTH_MEASURE( 1.000000000000000082E-05 ), #351, 'distance_accuracy_value', 'NONE');
#270 = ORIENTED_EDGE ( 'NONE', *, *, #870, .T. ) ;
#271 =( CONVERSION_BASED_UNIT ( 'INCH', #1799 ) LENGTH_UNIT ( ) NAMED_UNIT ( #70 ) );
#272 = AXIS2_PLACEMENT_3D ( 'NONE', #184, #1497, #1723 ) ;
#273 = CARTESIAN_POINT ( 'NONE',  ( -0.05925196850393698450, 0.03356588949326012178, 0.005708661417322834566 ) ) ;
#274 = PRESENTATION_LAYER_ASSIGNMENT (  '', '', ( #2453 ) ) ;
#275 = CARTESIAN_POINT ( 'NONE',  ( -0.04734251968503937202, -0.01574803149606299191, 0.0007874015748031497038 ) ) ;
#276 = PRESENTATION_LAYER_ASSIGNMENT (  '', '', ( #2462 ) ) ;
#277 = CIRCLE ( 'NONE', #1888, 0.006889763779527559827 ) ;
#278 = SURFACE_SIDE_STYLE ('',( #1387 ) ) ;
#279 =( GEOMETRIC_REPRESENTATION_CONTEXT ( 3 ) GLOBAL_UNCERTAINTY_ASSIGNED_CONTEXT ( ( #2837 ) ) GLOBAL_UNIT_ASSIGNED_CONTEXT ( ( #49, #1603, #110 ) ) REPRESENTATION_CONTEXT ( 'NONE', 'WORKASPACE' ) );
#280 = FILL_AREA_STYLE_COLOUR ( '', #2345 ) ;
#281 = ORIENTED_EDGE ( 'NONE', *, *, #1389, .T. ) ;
#282 = VERTEX_POINT ( 'NONE', #53 ) ;
#283 = LINE ( 'NONE', #1163, #2455 ) ;
#284 = ADVANCED_FACE ( 'NONE', ( #744 ), #502, .F. ) ;
#285 = STYLED_ITEM ( 'NONE', ( #1850 ), #749 ) ;
#286 =( NAMED_UNIT ( * ) SI_UNIT ( $, .STERADIAN. ) SOLID_ANGLE_UNIT ( ) );
#287 =( LENGTH_UNIT ( ) NAMED_UNIT ( * ) SI_UNIT ( $, .METRE. ) );
#288 = SURFACE_STYLE_USAGE ( .BOTH. , #2279 ) ;
#289 = VERTEX_POINT ( 'NONE', #2578 ) ;
#290 = FILL_AREA_STYLE ('',( #511 ) ) ;
#291 =( LENGTH_UNIT ( ) NAMED_UNIT ( * ) SI_UNIT ( $, .METRE. ) );
#292 = CARTESIAN_POINT ( 'NONE',  ( -0.02506417207020610050, -0.2009866715216259980, 0.000000000000000000 ) ) ;
#293 = LENGTH_MEASURE_WITH_UNIT ( LENGTH_MEASURE( 0.02539999999999999897 ), #2283 );
#294 = ORIENTED_EDGE ( 'NONE', *, *, #2539, .F. ) ;
#295 = PRESENTATION_STYLE_ASSIGNMENT (( #2273 ) ) ;
#296 =( NAMED_UNIT ( * ) PLANE_ANGLE_UNIT ( ) SI_UNIT ( $, .RADIAN. ) );
#297 = EDGE_CURVE ( 'NONE', #2611, #2149, #180, .T. ) ;
#298 = ADVANCED_FACE ( 'NONE', ( #566 ), #2803, .T. ) ;
#299 = DIMENSIONAL_EXPONENTS ( 1.000000000000000000, 0.000000000000000000, 0.000000000000000000, 0.000000000000000000, 0.000000000000000000, 0.000000000000000000, 0.000000000000000000 ) ;
#300 = DIRECTION ( 'NONE',  ( -1.000000000000000000, -0.000000000000000000, 0.000000000000000000 ) ) ;
#301 = CIRCLE ( 'NONE', #2625, 0.006889763779527559827 ) ;
#302 = PRODUCT_DEFINITION_CONTEXT ( 'detailed design', #2316, 'design' ) ;
#303 = ORIENTED_EDGE ( 'NONE', *, *, #2300, .T. ) ;
#304 =( NAMED_UNIT ( * ) PLANE_ANGLE_UNIT ( ) SI_UNIT ( $, .RADIAN. ) );
#305 = CARTESIAN_POINT ( 'NONE',  ( -0.04734251968503937202, 0.01574803149606299191, 0.000000000000000000 ) ) ;
#306 = CARTESIAN_POINT ( 'NONE',  ( -0.05807086614173229133, 0.03451636727372196789, 0.005708661417322844107 ) ) ;
#307 = CARTESIAN_POINT ( 'NONE',  ( 0.02175196850393701017, 0.01574803149606299191, 0.0007874015748031497038 ) ) ;
#308 =( NAMED_UNIT ( * ) PLANE_ANGLE_UNIT ( ) SI_UNIT ( $, .RADIAN. ) );
#309 = ORIENTED_EDGE ( 'NONE', *, *, #1807, .F. ) ;
#310 =( CONVERSION_BASED_UNIT ( 'INCH', #293 ) LENGTH_UNIT ( ) NAMED_UNIT ( #2527 ) );
#311 = DIRECTION ( 'NONE',  ( 0.000000000000000000, -0.000000000000000000, 1.000000000000000000 ) ) ;
#312 =( NAMED_UNIT ( * ) PLANE_ANGLE_UNIT ( ) SI_UNIT ( $, .RADIAN. ) );
#313 = ORIENTED_EDGE ( 'NONE', *, *, #2046, .T. ) ;
#314 = SURFACE_STYLE_USAGE ( .BOTH. , #1376 ) ;
#315 = COLOUR_RGB ( '',0.8313725490196077761, 0.8313725490196077761, 0.8313725490196077761 ) ;
#316 = LINE ( 'NONE', #1015, #1930 ) ;
#317 = COLOUR_RGB ( '',0.8313725490196077761, 0.8313725490196077761, 0.8313725490196077761 ) ;
#318 = CARTESIAN_POINT ( 'NONE',  ( -0.05807086614173229133, 0.03405511811023621827, 0.005708661417322834566 ) ) ;
#319 = AXIS2_PLACEMENT_3D ( 'NONE', #305, #1182, #1800 ) ;
#320 = ORIENTED_EDGE ( 'NONE', *, *, #1010, .T. ) ;
#321 =( CONVERSION_BASED_UNIT ( 'INCH', #102 ) LENGTH_UNIT ( ) NAMED_UNIT ( #2725 ) );
#322 = ADVANCED_FACE ( 'NONE', ( #1445 ), #1692, .T. ) ;
#323 = DIRECTION ( 'NONE',  ( -0.000000000000000000, -0.000000000000000000, -1.000000000000000000 ) ) ;
#324 = MECHANICAL_DESIGN_GEOMETRIC_PRESENTATION_REPRESENTATION (  '', ( #1569 ), #2867 ) ;
#325 = STYLED_ITEM ( 'NONE', ( #481 ), #1317 ) ;
#326 =( NAMED_UNIT ( * ) PLANE_ANGLE_UNIT ( ) SI_UNIT ( $, .RADIAN. ) );
#327 = VERTEX_POINT ( 'NONE', #2116 ) ;
#328 = AXIS2_PLACEMENT_3D ( 'NONE', #999, #1407, #339 ) ;
#329 = DIRECTION ( 'NONE',  ( 1.000000000000000000, 0.000000000000000000, 0.000000000000000000 ) ) ;
#330 = DIRECTION ( 'NONE',  ( 0.000000000000000000, 1.000000000000000000, 0.000000000000000000 ) ) ;
#331 = VECTOR ( 'NONE', #2331, 39.37007874015748143 ) ;
#332 = VECTOR ( 'NONE', #851, 39.37007874015748143 ) ;
#333 = EDGE_LOOP ( 'NONE', ( #2820, #1180, #2018, #484 ) ) ;
#334 = DIRECTION ( 'NONE',  ( 0.000000000000000000, 1.000000000000000000, 0.000000000000000000 ) ) ;
#335 = FACE_OUTER_BOUND ( 'NONE', #2861, .T. ) ;
#336 = AXIS2_PLACEMENT_3D ( 'NONE', #1284, #1730, #1270 ) ;
#337 = PRODUCT_CONTEXT ( 'NONE', #743, 'mechanical' ) ;
#338 = PRODUCT ( '2', '2', '', ( #337 ) ) ;
#339 = DIRECTION ( 'NONE',  ( 0.000000000000000000, 0.000000000000000000, -1.000000000000000000 ) ) ;
#340 = DIRECTION ( 'NONE',  ( -0.000000000000000000, -0.000000000000000000, -1.000000000000000000 ) ) ;
#341 = UNCERTAINTY_MEASURE_WITH_UNIT (LENGTH_MEASURE( 1.000000000000000082E-05 ), #2528, 'distance_accuracy_value', 'NONE');
#342 =( NAMED_UNIT ( * ) SI_UNIT ( $, .STERADIAN. ) SOLID_ANGLE_UNIT ( ) );
#343 = EDGE_CURVE ( 'NONE', #1537, #282, #277, .T. ) ;
#344 = CARTESIAN_POINT ( 'NONE',  ( 0.05807086614173229133, 0.03484251968503936786, 0.005382509006005432861 ) ) ;
#345 = ORIENTED_EDGE ( 'NONE', *, *, #471, .F. ) ;
#346 =( NAMED_UNIT ( * ) PLANE_ANGLE_UNIT ( ) SI_UNIT ( $, .RADIAN. ) );
#347 = FILL_AREA_STYLE ('',( #1719 ) ) ;
#348 = DIMENSIONAL_EXPONENTS ( 1.000000000000000000, 0.000000000000000000, 0.000000000000000000, 0.000000000000000000, 0.000000000000000000, 0.000000000000000000, 0.000000000000000000 ) ;
#349 = ORIENTED_EDGE ( 'NONE', *, *, #2539, .T. ) ;
#350 = FILL_AREA_STYLE ('',( #573 ) ) ;
#351 =( CONVERSION_BASED_UNIT ( 'INCH', #1853 ) LENGTH_UNIT ( ) NAMED_UNIT ( #552 ) );
#352 = VERTEX_POINT ( 'NONE', #1998 ) ;
#353 = FACE_OUTER_BOUND ( 'NONE', #2658, .T. ) ;
#354 =( CONVERSION_BASED_UNIT ( 'INCH', #159 ) LENGTH_UNIT ( ) NAMED_UNIT ( #1895 ) );
#355 = DIRECTION ( 'NONE',  ( 0.000000000000000000, 0.000000000000000000, 1.000000000000000000 ) ) ;
#356 = CARTESIAN_POINT ( 'NONE',  ( 0.000000000000000000, 0.000000000000000000, 0.0007874015748031497038 ) ) ;
#357 = SURFACE_STYLE_FILL_AREA ( #374 ) ;
#358 =( GEOMETRIC_REPRESENTATION_CONTEXT ( 3 ) GLOBAL_UNCERTAINTY_ASSIGNED_CONTEXT ( ( #127 ) ) GLOBAL_UNIT_ASSIGNED_CONTEXT ( ( #892, #24, #1733 ) ) REPRESENTATION_CONTEXT ( 'NONE', 'WORKASPACE' ) );
#359 = DIMENSIONAL_EXPONENTS ( 1.000000000000000000, 0.000000000000000000, 0.000000000000000000, 0.000000000000000000, 0.000000000000000000, 0.000000000000000000, 0.000000000000000000 ) ;
#360 = LENGTH_MEASURE_WITH_UNIT ( LENGTH_MEASURE( 0.02539999999999999897 ), #833 );
#361 = EDGE_LOOP ( 'NONE', ( #554, #2494, #1574, #2120 ) ) ;
#362 = MECHANICAL_DESIGN_GEOMETRIC_PRESENTATION_REPRESENTATION (  '', ( #2252 ), #2491 ) ;
#363 =( CONVERSION_BASED_UNIT ( 'INCH', #2571 ) LENGTH_UNIT ( ) NAMED_UNIT ( #1184 ) );
#364 = EDGE_CURVE ( 'NONE', #56, #1446, #847, .T. ) ;
#365 = PRESENTATION_LAYER_ASSIGNMENT (  '', '', ( #1736 ) ) ;
#366 = ORIENTED_EDGE ( 'NONE', *, *, #343, .T. ) ;
#367 = SURFACE_SIDE_STYLE ('',( #542 ) ) ;
#368 = UNCERTAINTY_MEASURE_WITH_UNIT (LENGTH_MEASURE( 1.000000000000000082E-05 ), #1974, 'distance_accuracy_value', 'NONE');
#369 = ORIENTED_EDGE ( 'NONE', *, *, #2031, .T. ) ;
#370 = DIRECTION ( 'NONE',  ( 0.000000000000000000, -0.000000000000000000, 1.000000000000000000 ) ) ;
#371 =( GEOMETRIC_REPRESENTATION_CONTEXT ( 3 ) GLOBAL_UNCERTAINTY_ASSIGNED_CONTEXT ( ( #368 ) ) GLOBAL_UNIT_ASSIGNED_CONTEXT ( ( #1974, #1755, #1498 ) ) REPRESENTATION_CONTEXT ( 'NONE', 'WORKASPACE' ) );
#372 =( CONVERSION_BASED_UNIT ( 'INCH', #2348 ) LENGTH_UNIT ( ) NAMED_UNIT ( #299 ) );
#373 = ORIENTED_EDGE ( 'NONE', *, *, #1952, .T. ) ;
#374 = FILL_AREA_STYLE ('',( #2327 ) ) ;
#375 = EDGE_LOOP ( 'NONE', ( #162, #1771, #747, #2752 ) ) ;
#376 = COLOUR_RGB ( '',0.8313725490196077761, 0.8313725490196077761, 0.8313725490196077761 ) ;
#377 = SURFACE_SIDE_STYLE ('',( #620 ) ) ;
#378 = COLOUR_RGB ( '',0.2862745098039215508, 0.2862745098039215508, 0.2862745098039215508 ) ;
#379 = DIMENSIONAL_EXPONENTS ( 1.000000000000000000, 0.000000000000000000, 0.000000000000000000, 0.000000000000000000, 0.000000000000000000, 0.000000000000000000, 0.000000000000000000 ) ;
#380 = ADVANCED_FACE ( 'NONE', ( #1933 ), #2219, .T. ) ;
#381 = LENGTH_MEASURE_WITH_UNIT ( LENGTH_MEASURE( 0.02539999999999999897 ), #2377 );
#382 =( CONVERSION_BASED_UNIT ( 'INCH', #2586 ) LENGTH_UNIT ( ) NAMED_UNIT ( #2098 ) );
#383 = DIRECTION ( 'NONE',  ( -1.000000000000000000, 0.000000000000000000, 0.000000000000000000 ) ) ;
#384 = ORIENTED_EDGE ( 'NONE', *, *, #2430, .T. ) ;
#385 = CARTESIAN_POINT ( 'NONE',  ( -0.05925196850393700532, 0.03287401574803149734, 0.004921259842519684971 ) ) ;
#386 =( NAMED_UNIT ( * ) SI_UNIT ( $, .STERADIAN. ) SOLID_ANGLE_UNIT ( ) );
#387 = ORIENTED_EDGE ( 'NONE', *, *, #1085, .T. ) ;
#388 = DIRECTION ( 'NONE',  ( 0.000000000000000000, 0.000000000000000000, -1.000000000000000000 ) ) ;
#389 =( NAMED_UNIT ( * ) PLANE_ANGLE_UNIT ( ) SI_UNIT ( $, .RADIAN. ) );
#390 = EDGE_CURVE ( 'NONE', #1420, #2041, #193, .T. ) ;
#391 = EDGE_CURVE ( 'NONE', #532, #327, #2322, .T. ) ;
#392 = LENGTH_MEASURE_WITH_UNIT ( LENGTH_MEASURE( 0.02539999999999999897 ), #2172 );
#393 = DIMENSIONAL_EXPONENTS ( 1.000000000000000000, 0.000000000000000000, 0.000000000000000000, 0.000000000000000000, 0.000000000000000000, 0.000000000000000000, 0.000000000000000000 ) ;
#394 = EDGE_CURVE ( 'NONE', #525, #1426, #2847, .T. ) ;
#395 = CARTESIAN_POINT ( 'NONE',  ( 0.05971321766742275494, 0.03383608299759682803, 0.005708661417322829362 ) ) ;
#396 = VERTEX_POINT ( 'NONE', #1078 ) ;
#397 = EDGE_LOOP ( 'NONE', ( #1698, #2162, #1450, #2262 ) ) ;
#398 = SURFACE_STYLE_FILL_AREA ( #1262 ) ;
#399 = CARTESIAN_POINT ( 'NONE',  ( -0.04734251968503937202, -0.008858267716535434683, 0.000000000000000000 ) ) ;
#400 = UNCERTAINTY_MEASURE_WITH_UNIT (LENGTH_MEASURE( 1.000000000000000082E-05 ), #2700, 'distance_accuracy_value', 'NONE');
#401 = FILL_AREA_STYLE ('',( #2385 ) ) ;
#402 =( LENGTH_UNIT ( ) NAMED_UNIT ( * ) SI_UNIT ( $, .METRE. ) );
#403 = ADVANCED_FACE ( 'NONE', ( #859 ), #422, .T. ) ;
#404 = ORIENTED_EDGE ( 'NONE', *, *, #1177, .F. ) ;
#405 =( CONVERSION_BASED_UNIT ( 'INCH', #217 ) LENGTH_UNIT ( ) NAMED_UNIT ( #987 ) );
#406 = SURFACE_STYLE_USAGE ( .BOTH. , #2397 ) ;
#407 = DIRECTION ( 'NONE',  ( -0.000000000000000000, -0.000000000000000000, -1.000000000000000000 ) ) ;
#408 = DIMENSIONAL_EXPONENTS ( 1.000000000000000000, 0.000000000000000000, 0.000000000000000000, 0.000000000000000000, 0.000000000000000000, 0.000000000000000000, 0.000000000000000000 ) ;
#409 = FACE_OUTER_BOUND ( 'NONE', #2346, .T. ) ;
#410 = PRESENTATION_LAYER_ASSIGNMENT (  '', '', ( #2646 ) ) ;
#411 = DIRECTION ( 'NONE',  ( 1.000000000000000000, 0.000000000000000000, 0.000000000000000000 ) ) ;
#412 = MECHANICAL_DESIGN_GEOMETRIC_PRESENTATION_REPRESENTATION (  '', ( #675 ), #179 ) ;
#413 = MECHANICAL_DESIGN_GEOMETRIC_PRESENTATION_REPRESENTATION (  '', ( #2127 ), #1110 ) ;
#414 =( CONVERSION_BASED_UNIT ( 'INCH', #2636 ) LENGTH_UNIT ( ) NAMED_UNIT ( #1003 ) );
#415 = CIRCLE ( 'NONE', #2318, 0.001968503937007870519 ) ;
#416 = FILL_AREA_STYLE ('',( #2406 ) ) ;
#417 = COLOUR_RGB ( '',0.2862745098039215508, 0.2862745098039215508, 0.2862745098039215508 ) ;
#418 = CARTESIAN_POINT ( 'NONE',  ( 0.06003937007874017573, -0.03287401574803149734, 0.005382509006005445004 ) ) ;
#419 = CARTESIAN_POINT ( 'NONE',  ( 0.04734251968503937202, -0.008858267716535434683, 0.0007874015748031497038 ) ) ;
#420 = COLOUR_RGB ( '',0.8313725490196077761, 0.8313725490196077761, 0.8313725490196077761 ) ;
#421 = ORIENTED_EDGE ( 'NONE', *, *, #2498, .F. ) ;
#422 = PLANE ( 'NONE',  #44 ) ;
#423 = ADVANCED_FACE ( 'NONE', ( #459 ), #1394, .T. ) ;
#424 = EDGE_CURVE ( 'NONE', #1871, #1420, #1118, .T. ) ;
#425 = ORIENTED_EDGE ( 'NONE', *, *, #1661, .T. ) ;
#426 = CYLINDRICAL_SURFACE ( 'NONE', #2503, 0.001968503937007870519 ) ;
#427 = SURFACE_STYLE_FILL_AREA ( #1101 ) ;
#428 = CARTESIAN_POINT ( 'NONE',  ( 0.000000000000000000, -0.008858267716535434683, 0.0007874015748031497038 ) ) ;
#429 = CARTESIAN_POINT ( 'NONE',  ( -0.05922398905044667233, 0.03484251968503936786, 0.004921259842519684971 ) ) ;
#430 = DIRECTION ( 'NONE',  ( 0.000000000000000000, 0.000000000000000000, 1.000000000000000000 ) ) ;
#431 = DIRECTION ( 'NONE',  ( 0.000000000000000000, -1.000000000000000000, 0.000000000000000000 ) ) ;
#432 = AXIS2_PLACEMENT_3D ( 'NONE', #1691, #355, #131 ) ;
#433 = APPLICATION_CONTEXT ( 'automotive_design' ) ;
#434 = CARTESIAN_POINT ( 'NONE',  ( -0.05876273988696092271, -0.03405511811023622520, 0.005708661417322834566 ) ) ;
#435 =( NAMED_UNIT ( * ) PLANE_ANGLE_UNIT ( ) SI_UNIT ( $, .RADIAN. ) );
#436 = DIRECTION ( 'NONE',  ( 0.000000000000000000, 0.000000000000000000, -1.000000000000000000 ) ) ;
#437 =( GEOMETRIC_REPRESENTATION_CONTEXT ( 3 ) GLOBAL_UNCERTAINTY_ASSIGNED_CONTEXT ( ( #2101 ) ) GLOBAL_UNIT_ASSIGNED_CONTEXT ( ( #1578, #2470, #2482 ) ) REPRESENTATION_CONTEXT ( 'NONE', 'WORKASPACE' ) );
#438 = SURFACE_STYLE_USAGE ( .BOTH. , #1098 ) ;
#439 = AXIS2_PLACEMENT_3D ( 'NONE', #2634, #2431, #894 ) ;
#440 = CARTESIAN_POINT ( 'NONE',  ( 0.05807086614173231215, -0.03484251968503937480, 0.004921259842519684971 ) ) ;
#441 = CARTESIAN_POINT ( 'NONE',  ( -0.02175196850393701017, 0.01574803149606299191, 0.000000000000000000 ) ) ;
#442 = ORIENTED_EDGE ( 'NONE', *, *, #2090, .T. ) ;
#443 =( LENGTH_UNIT ( ) NAMED_UNIT ( * ) SI_UNIT ( $, .METRE. ) );
#444 =( NAMED_UNIT ( * ) SI_UNIT ( $, .STERADIAN. ) SOLID_ANGLE_UNIT ( ) );
#445 = DIRECTION ( 'NONE',  ( -1.000000000000000000, 0.000000000000000000, 0.000000000000000000 ) ) ;
#446 = COLOUR_RGB ( '',0.8313725490196077761, 0.8313725490196077761, 0.8313725490196077761 ) ;
#447 =( NAMED_UNIT ( * ) SI_UNIT ( $, .STERADIAN. ) SOLID_ANGLE_UNIT ( ) );
#448 = ORIENTED_EDGE ( 'NONE', *, *, #2123, .T. ) ;
#449 =( GEOMETRIC_REPRESENTATION_CONTEXT ( 3 ) GLOBAL_UNCERTAINTY_ASSIGNED_CONTEXT ( ( #32 ) ) GLOBAL_UNIT_ASSIGNED_CONTEXT ( ( #2070, #2053, #1371 ) ) REPRESENTATION_CONTEXT ( 'NONE', 'WORKASPACE' ) );
#450 = CARTESIAN_POINT ( 'NONE',  ( 0.03001968503937007746, 0.03405511811023621827, 0.004921259842519684971 ) ) ;
#451 = PLANE ( 'NONE',  #183 ) ;
#452 = CIRCLE ( 'NONE', #2726, 0.0007874015748031516554 ) ;
#453 = MECHANICAL_DESIGN_GEOMETRIC_PRESENTATION_REPRESENTATION (  '', ( #493 ), #2638 ) ;
#454 = EDGE_CURVE ( 'NONE', #1670, #2038, #1340, .T. ) ;
#455 = MECHANICAL_DESIGN_GEOMETRIC_PRESENTATION_REPRESENTATION (  '', ( #2729 ), #1197 ) ;
#456 = STYLED_ITEM ( 'NONE', ( #2379 ), #1774 ) ;
#457 = PRESENTATION_LAYER_ASSIGNMENT (  '', '', ( #1709 ) ) ;
#458 = ORIENTED_EDGE ( 'NONE', *, *, #976, .F. ) ;
#459 = FACE_OUTER_BOUND ( 'NONE', #333, .T. ) ;
#460 = MECHANICAL_DESIGN_GEOMETRIC_PRESENTATION_REPRESENTATION (  '', ( #2275 ), #1530 ) ;
#461 =( NAMED_UNIT ( * ) SI_UNIT ( $, .STERADIAN. ) SOLID_ANGLE_UNIT ( ) );
#462 = DIRECTION ( 'NONE',  ( -0.000000000000000000, -0.000000000000000000, 1.000000000000000000 ) ) ;
#463 = PRESENTATION_LAYER_ASSIGNMENT (  '', '', ( #556 ) ) ;
#464 = ORIENTED_EDGE ( 'NONE', *, *, #1696, .F. ) ;
#465 = FILL_AREA_STYLE_COLOUR ( '', #2863 ) ;
#466 = PRESENTATION_STYLE_ASSIGNMENT (( #2596 ) ) ;
#467 = ORIENTED_EDGE ( 'NONE', *, *, #943, .F. ) ;
#468 = EDGE_LOOP ( 'NONE', ( #1119, #1173 ) ) ;
#469 = DIRECTION ( 'NONE',  ( 1.000000000000000000, 0.000000000000000000, 0.000000000000000000 ) ) ;
#470 = DIRECTION ( 'NONE',  ( 0.000000000000000000, 0.000000000000000000, 1.000000000000000000 ) ) ;
#471 = EDGE_CURVE ( 'NONE', #1275, #478, #1734, .T. ) ;
#472 = FACE_OUTER_BOUND ( 'NONE', #517, .T. ) ;
#473 = ORIENTED_EDGE ( 'NONE', *, *, #772, .F. ) ;
#474 = CARTESIAN_POINT ( 'NONE',  ( 0.000000000000000000, 0.000000000000000000, 0.005708661417322834566 ) ) ;
#475 = CARTESIAN_POINT ( 'NONE',  ( 0.02175196850393701017, 0.02263779527559055260, 0.000000000000000000 ) ) ;
#476 = FILL_AREA_STYLE ('',( #2476 ) ) ;
#477 = LINE ( 'NONE', #1950, #531 ) ;
#478 = VERTEX_POINT ( 'NONE', #1129 ) ;
#479 = DIRECTION ( 'NONE',  ( 1.000000000000000000, 0.000000000000000000, -0.000000000000000000 ) ) ;
#480 = PRESENTATION_LAYER_ASSIGNMENT (  '', '', ( #2532 ) ) ;
#481 = PRESENTATION_STYLE_ASSIGNMENT (( #2512 ) ) ;
#482 = FACE_OUTER_BOUND ( 'NONE', #2529, .T. ) ;
#483 = AXIS2_PLACEMENT_3D ( 'NONE', #1742, #1536, #1310 ) ;
#484 = ORIENTED_EDGE ( 'NONE', *, *, #1996, .F. ) ;
#485 = CARTESIAN_POINT ( 'NONE',  ( 0.05925196850393700532, -0.01742125984251968740, 0.004921259842519684971 ) ) ;
#486 = PRESENTATION_STYLE_ASSIGNMENT (( #727 ) ) ;
#487 = AXIS2_PLACEMENT_3D ( 'NONE', #787, #1494, #1683 ) ;
#488 = ADVANCED_FACE ( 'NONE', ( #1367 ), #2010, .T. ) ;
#489 = DIRECTION ( 'NONE',  ( 0.000000000000000000, 0.000000000000000000, 1.000000000000000000 ) ) ;
#490 = SURFACE_STYLE_USAGE ( .BOTH. , #2253 ) ;
#491 =( GEOMETRIC_REPRESENTATION_CONTEXT ( 3 ) GLOBAL_UNCERTAINTY_ASSIGNED_CONTEXT ( ( #1290 ) ) GLOBAL_UNIT_ASSIGNED_CONTEXT ( ( #236, #1289, #651 ) ) REPRESENTATION_CONTEXT ( 'NONE', 'WORKASPACE' ) );
#492 =( GEOMETRIC_REPRESENTATION_CONTEXT ( 3 ) GLOBAL_UNCERTAINTY_ASSIGNED_CONTEXT ( ( #1907 ) ) GLOBAL_UNIT_ASSIGNED_CONTEXT ( ( #1941, #389, #1031 ) ) REPRESENTATION_CONTEXT ( 'NONE', 'WORKASPACE' ) );
#493 = STYLED_ITEM ( 'NONE', ( #2473 ), #1047 ) ;
#494 = SURFACE_STYLE_USAGE ( .BOTH. , #707 ) ;
#495 =( GEOMETRIC_REPRESENTATION_CONTEXT ( 3 ) GLOBAL_UNCERTAINTY_ASSIGNED_CONTEXT ( ( #2799 ) ) GLOBAL_UNIT_ASSIGNED_CONTEXT ( ( #2698, #1418, #46 ) ) REPRESENTATION_CONTEXT ( 'NONE', 'WORKASPACE' ) );
#496 = UNCERTAINTY_MEASURE_WITH_UNIT (LENGTH_MEASURE( 1.000000000000000082E-05 ), #1697, 'distance_accuracy_value', 'NONE');
#497 = ORIENTED_EDGE ( 'NONE', *, *, #2048, .F. ) ;
#498 = LINE ( 'NONE', #1590, #1282 ) ;
#499 =( GEOMETRIC_REPRESENTATION_CONTEXT ( 3 ) GLOBAL_UNCERTAINTY_ASSIGNED_CONTEXT ( ( #2365 ) ) GLOBAL_UNIT_ASSIGNED_CONTEXT ( ( #2351, #1065, #2568 ) ) REPRESENTATION_CONTEXT ( 'NONE', 'WORKASPACE' ) );
#500 = DIRECTION ( 'NONE',  ( -1.000000000000000000, 0.000000000000000000, 0.000000000000000000 ) ) ;
#501 = MECHANICAL_DESIGN_GEOMETRIC_PRESENTATION_REPRESENTATION (  '', ( #2032 ), #2088 ) ;
#502 = PLANE ( 'NONE',  #1328 ) ;
#503 = FILL_AREA_STYLE ('',( #1609 ) ) ;
#504 = COLOUR_RGB ( '',1.000000000000000000, 1.000000000000000000, 1.000000000000000000 ) ;
#505 = SURFACE_STYLE_USAGE ( .BOTH. , #69 ) ;
#506 = ORIENTED_EDGE ( 'NONE', *, *, #1300, .T. ) ;
#507 = FILL_AREA_STYLE ('',( #1805 ) ) ;
#508 = PRESENTATION_STYLE_ASSIGNMENT (( #1192 ) ) ;
#509 = CARTESIAN_POINT ( 'NONE',  ( 0.05807086614173229133, 0.03287401574803149734, 0.000000000000000000 ) ) ;
#510 = ORIENTED_EDGE ( 'NONE', *, *, #1405, .T. ) ;
#511 = FILL_AREA_STYLE_COLOUR ( '', #417 ) ;
#512 = LINE ( 'NONE', #2282, #1924 ) ;
#513 = FILL_AREA_STYLE_COLOUR ( '', #1428 ) ;
#514 = CARTESIAN_POINT ( 'NONE',  ( 0.000000000000000000, 0.01574803149606299191, 0.000000000000000000 ) ) ;
#515 = SURFACE_STYLE_USAGE ( .BOTH. , #25 ) ;
#516 = LENGTH_MEASURE_WITH_UNIT ( LENGTH_MEASURE( 0.02539999999999999897 ), #2745 );
#517 = EDGE_LOOP ( 'NONE', ( #797, #7 ) ) ;
#518 = FILL_AREA_STYLE_COLOUR ( '', #1983 ) ;
#519 =( LENGTH_UNIT ( ) NAMED_UNIT ( * ) SI_UNIT ( $, .METRE. ) );
#520 = APPLICATION_PROTOCOL_DEFINITION ( 'draft international standard', 'automotive_design', 1998, #433 ) ;
#521 = EDGE_CURVE ( 'NONE', #982, #2114, #1074, .T. ) ;
#522 = CARTESIAN_POINT ( 'NONE',  ( -0.04734251968503937202, 0.008858267716535434683, 0.000000000000000000 ) ) ;
#523 =( GEOMETRIC_REPRESENTATION_CONTEXT ( 3 ) GLOBAL_UNCERTAINTY_ASSIGNED_CONTEXT ( ( #496 ) ) GLOBAL_UNIT_ASSIGNED_CONTEXT ( ( #1697, #2339, #386 ) ) REPRESENTATION_CONTEXT ( 'NONE', 'WORKASPACE' ) );
#524 = UNCERTAINTY_MEASURE_WITH_UNIT (LENGTH_MEASURE( 1.000000000000000082E-05 ), #1385, 'distance_accuracy_value', 'NONE');
#525 = VERTEX_POINT ( 'NONE', #182 ) ;
#526 =( NAMED_UNIT ( * ) SI_UNIT ( $, .STERADIAN. ) SOLID_ANGLE_UNIT ( ) );
#527 = CYLINDRICAL_SURFACE ( 'NONE', #319, 0.006889763779527559827 ) ;
#528 =( LENGTH_UNIT ( ) NAMED_UNIT ( * ) SI_UNIT ( $, .METRE. ) );
#529 = COLOUR_RGB ( '',0.2862745098039215508, 0.2862745098039215508, 0.2862745098039215508 ) ;
#530 = CARTESIAN_POINT ( 'NONE',  ( -0.06003937007874015491, -0.03287401574803149734, 0.0007874015748031497038 ) ) ;
#531 = VECTOR ( 'NONE', #28, 39.37007874015748143 ) ;
#532 = VERTEX_POINT ( 'NONE', #2167 ) ;
#533 = SURFACE_STYLE_USAGE ( .BOTH. , #278 ) ;
#534 = CARTESIAN_POINT ( 'NONE',  ( -0.04734251968503937202, -0.02263779527559055260, 0.000000000000000000 ) ) ;
#535 = LINE ( 'NONE', #2054, #2765 ) ;
#536 = DIMENSIONAL_EXPONENTS ( 1.000000000000000000, 0.000000000000000000, 0.000000000000000000, 0.000000000000000000, 0.000000000000000000, 0.000000000000000000, 0.000000000000000000 ) ;
#537 = ORIENTED_EDGE ( 'NONE', *, *, #1405, .F. ) ;
#538 =( LENGTH_UNIT ( ) NAMED_UNIT ( * ) SI_UNIT ( $, .METRE. ) );
#539 = SHAPE_REPRESENTATION ( '1', ( #1608 ), #673 ) ;
#540 = ADVANCED_FACE ( 'NONE', ( #1214 ), #610, .T. ) ;
#541 = VECTOR ( 'NONE', #1121, 39.37007874015748143 ) ;
#542 = SURFACE_STYLE_FILL_AREA ( #1198 ) ;
#543 = STYLED_ITEM ( 'NONE', ( #546 ), #1222 ) ;
#544 = VERTEX_POINT ( 'NONE', #1855 ) ;
#545 =( LENGTH_UNIT ( ) NAMED_UNIT ( * ) SI_UNIT ( $, .METRE. ) );
#546 = PRESENTATION_STYLE_ASSIGNMENT (( #158 ) ) ;
#547 = AXIS2_PLACEMENT_3D ( 'NONE', #1051, #2588, #383 ) ;
#548 = AXIS2_PLACEMENT_3D ( 'NONE', #2807, #2558, #122 ) ;
#549 = PRESENTATION_LAYER_ASSIGNMENT (  '', '', ( #2127 ) ) ;
#550 = MECHANICAL_DESIGN_GEOMETRIC_PRESENTATION_REPRESENTATION (  '', ( #2827 ), #499 ) ;
#551 = PRESENTATION_STYLE_ASSIGNMENT (( #2548 ) ) ;
#552 = DIMENSIONAL_EXPONENTS ( 1.000000000000000000, 0.000000000000000000, 0.000000000000000000, 0.000000000000000000, 0.000000000000000000, 0.000000000000000000, 0.000000000000000000 ) ;
#553 =( GEOMETRIC_REPRESENTATION_CONTEXT ( 3 ) GLOBAL_UNCERTAINTY_ASSIGNED_CONTEXT ( ( #1797 ) ) GLOBAL_UNIT_ASSIGNED_CONTEXT ( ( #354, #2812, #1928 ) ) REPRESENTATION_CONTEXT ( 'NONE', 'WORKASPACE' ) );
#554 = ORIENTED_EDGE ( 'NONE', *, *, #921, .F. ) ;
#555 = CYLINDRICAL_SURFACE ( 'NONE', #2185, 0.006889763779527559827 ) ;
#556 = STYLED_ITEM ( 'NONE', ( #2304 ), #540 ) ;
#557 = ITEM_DEFINED_TRANSFORMATION ( 'NONE', 'NONE', #2449,  #1608 ) ;
#558 =( GEOMETRIC_REPRESENTATION_CONTEXT ( 3 ) GLOBAL_UNCERTAINTY_ASSIGNED_CONTEXT ( ( #660 ) ) GLOBAL_UNIT_ASSIGNED_CONTEXT ( ( #704, #2559, #1210 ) ) REPRESENTATION_CONTEXT ( 'NONE', 'WORKASPACE' ) );
#559 = DIMENSIONAL_EXPONENTS ( 1.000000000000000000, 0.000000000000000000, 0.000000000000000000, 0.000000000000000000, 0.000000000000000000, 0.000000000000000000, 0.000000000000000000 ) ;
#560 = DIRECTION ( 'NONE',  ( 0.000000000000000000, 0.000000000000000000, 1.000000000000000000 ) ) ;
#561 = FILL_AREA_STYLE ('',( #1883 ) ) ;
#562 = UNCERTAINTY_MEASURE_WITH_UNIT (LENGTH_MEASURE( 1.000000000000000082E-05 ), #76, 'distance_accuracy_value', 'NONE');
#563 = SURFACE_STYLE_FILL_AREA ( #1873 ) ;
#564 =( NAMED_UNIT ( * ) SI_UNIT ( $, .STERADIAN. ) SOLID_ANGLE_UNIT ( ) );
#565 = ADVANCED_FACE ( 'NONE', ( #2155 ), #2542, .T. ) ;
#566 = FACE_OUTER_BOUND ( 'NONE', #817, .T. ) ;
#567 = VERTEX_POINT ( 'NONE', #1547 ) ;
#568 = CARTESIAN_POINT ( 'NONE',  ( -0.05807086614173229133, -0.03405511811023622520, 0.005708661417322834566 ) ) ;
#569 = ORIENTED_EDGE ( 'NONE', *, *, #1696, .T. ) ;
#570 = CARTESIAN_POINT ( 'NONE',  ( -0.05876273988696090189, 0.03405511811023621133, 0.005708661417322834566 ) ) ;
#571 = DIRECTION ( 'NONE',  ( 1.000000000000000000, 0.000000000000000000, 0.000000000000000000 ) ) ;
#572 = DIMENSIONAL_EXPONENTS ( 1.000000000000000000, 0.000000000000000000, 0.000000000000000000, 0.000000000000000000, 0.000000000000000000, 0.000000000000000000, 0.000000000000000000 ) ;
#573 = FILL_AREA_STYLE_COLOUR ( '', #1879 ) ;
#574 = LENGTH_MEASURE_WITH_UNIT ( LENGTH_MEASURE( 0.02539999999999999897 ), #1213 );
#575 = FACE_OUTER_BOUND ( 'NONE', #2009, .T. ) ;
#576 = FILL_AREA_STYLE_COLOUR ( '', #2248 ) ;
#577 = ORIENTED_EDGE ( 'NONE', *, *, #2840, .F. ) ;
#578 =( CONVERSION_BASED_UNIT ( 'INCH', #2106 ) LENGTH_UNIT ( ) NAMED_UNIT ( #1207 ) );
#579 = AXIS2_PLACEMENT_3D ( 'NONE', #1543, #430, #2851 ) ;
#580 = EDGE_CURVE ( 'NONE', #352, #1911, #1251, .T. ) ;
#581 = FILL_AREA_STYLE ('',( #119 ) ) ;
#582 = VERTEX_POINT ( 'NONE', #210 ) ;
#583 = LENGTH_MEASURE_WITH_UNIT ( LENGTH_MEASURE( 0.02539999999999999897 ), #1685 );
#584 = MECHANICAL_DESIGN_GEOMETRIC_PRESENTATION_REPRESENTATION (  '', ( #1736 ), #1693 ) ;
#585 = LENGTH_MEASURE_WITH_UNIT ( LENGTH_MEASURE( 0.02539999999999999897 ), #287 );
#586 = LINE ( 'NONE', #1000, #1869 ) ;
#587 = UNCERTAINTY_MEASURE_WITH_UNIT (LENGTH_MEASURE( 1.000000000000000082E-05 ), #1819, 'distance_accuracy_value', 'NONE');
#588 = DIMENSIONAL_EXPONENTS ( 1.000000000000000000, 0.000000000000000000, 0.000000000000000000, 0.000000000000000000, 0.000000000000000000, 0.000000000000000000, 0.000000000000000000 ) ;
#589 = CARTESIAN_POINT ( 'NONE',  ( -1.925071256192984210E-19, -0.01574803149606299191, 0.000000000000000000 ) ) ;
#590 = AXIS2_PLACEMENT_3D ( 'NONE', #2511, #1851, #2751 ) ;
#591 = SURFACE_STYLE_FILL_AREA ( #2307 ) ;
#592 = CARTESIAN_POINT ( 'NONE',  ( -0.05807086614173229133, -0.03451636727372196789, 0.005708661417322834566 ) ) ;
#593 = AXIS2_PLACEMENT_3D ( 'NONE', #247, #1552, #848 ) ;
#594 =( CONVERSION_BASED_UNIT ( 'INCH', #360 ) LENGTH_UNIT ( ) NAMED_UNIT ( #1255 ) );
#595 = PRESENTATION_LAYER_ASSIGNMENT (  '', '', ( #325 ) ) ;
#596 = CARTESIAN_POINT ( 'NONE',  ( -0.05807086614173229133, 0.03405511811023621827, 0.005708661417322834566 ) ) ;
#597 = EDGE_CURVE ( 'NONE', #2329, #38, #1790, .T. ) ;
#598 =( GEOMETRIC_REPRESENTATION_CONTEXT ( 3 ) GLOBAL_UNCERTAINTY_ASSIGNED_CONTEXT ( ( #2131 ) ) GLOBAL_UNIT_ASSIGNED_CONTEXT ( ( #1309, #2869, #2199 ) ) REPRESENTATION_CONTEXT ( 'NONE', 'WORKASPACE' ) );
#599 = STYLED_ITEM ( 'NONE', ( #829 ), #878 ) ;
#600 = PLANE ( 'NONE',  #1017 ) ;
#601 = PRESENTATION_LAYER_ASSIGNMENT (  '', '', ( #2275 ) ) ;
#602 = STYLED_ITEM ( 'NONE', ( #2023 ), #488 ) ;
#603 =( LENGTH_UNIT ( ) NAMED_UNIT ( * ) SI_UNIT ( $, .METRE. ) );
#604 = SURFACE_STYLE_FILL_AREA ( #1215 ) ;
#605 = ORIENTED_EDGE ( 'NONE', *, *, #1741, .F. ) ;
#606 =( NAMED_UNIT ( * ) PLANE_ANGLE_UNIT ( ) SI_UNIT ( $, .RADIAN. ) );
#607 = CARTESIAN_POINT ( 'NONE',  ( -0.02175196850393701017, -0.02263779527559055260, 0.000000000000000000 ) ) ;
#608 =( NAMED_UNIT ( * ) PLANE_ANGLE_UNIT ( ) SI_UNIT ( $, .RADIAN. ) );
#609 = CARTESIAN_POINT ( 'NONE',  ( -0.004921259842519684971, -0.01574803149606299191, 0.000000000000000000 ) ) ;
#610 = CYLINDRICAL_SURFACE ( 'NONE', #2228, 0.003669581256771143728 ) ;
#611 = EDGE_CURVE ( 'NONE', #1892, #2801, #263, .T. ) ;
#612 = PRESENTATION_STYLE_ASSIGNMENT (( #1714 ) ) ;
#613 = PRESENTATION_STYLE_ASSIGNMENT (( #2391 ) ) ;
#614 = FILL_AREA_STYLE ('',( #1341 ) ) ;
#615 = VERTEX_POINT ( 'NONE', #1584 ) ;
#616 =( NAMED_UNIT ( * ) PLANE_ANGLE_UNIT ( ) SI_UNIT ( $, .RADIAN. ) );
#617 = PRESENTATION_STYLE_ASSIGNMENT (( #1938 ) ) ;
#618 = CARTESIAN_POINT ( 'NONE',  ( -0.04734251968503937202, 0.01574803149606299191, 0.000000000000000000 ) ) ;
#619 = CIRCLE ( 'NONE', #579, 0.006889763779527559827 ) ;
#620 = SURFACE_STYLE_FILL_AREA ( #2356 ) ;
#621 = COLOUR_RGB ( '',0.8313725490196077761, 0.8313725490196077761, 0.8313725490196077761 ) ;
#622 = CARTESIAN_POINT ( 'NONE',  ( -0.004921259842519684971, -0.01574803149606299191, 0.000000000000000000 ) ) ;
#623 = PRESENTATION_STYLE_ASSIGNMENT (( #2624 ) ) ;
#624 = DIRECTION ( 'NONE',  ( 0.000000000000000000, 0.000000000000000000, 1.000000000000000000 ) ) ;
#625 = FILL_AREA_STYLE_COLOUR ( '', #1423 ) ;
#626 = DIRECTION ( 'NONE',  ( 0.000000000000000000, 0.000000000000000000, -1.000000000000000000 ) ) ;
#627 = ORIENTED_EDGE ( 'NONE', *, *, #2233, .T. ) ;
#628 = DIRECTION ( 'NONE',  ( 0.000000000000000000, 0.000000000000000000, 1.000000000000000000 ) ) ;
#629 = CARTESIAN_POINT ( 'NONE',  ( -0.02139459081343495980, -0.2009866715216259980, 7.874015748031495683E-05 ) ) ;
#630 = LINE ( 'NONE', #1967, #1728 ) ;
#631 = AXIS2_PLACEMENT_3D ( 'NONE', #222, #2633, #411 ) ;
#632 = CARTESIAN_POINT ( 'NONE',  ( 0.05925196850393700532, -0.03287401574803149734, 0.004921259842519684971 ) ) ;
#633 = PRESENTATION_LAYER_ASSIGNMENT (  '', '', ( #2824 ) ) ;
#634 = STYLED_ITEM ( 'NONE', ( #2020 ), #1339 ) ;
#635 = DIRECTION ( 'NONE',  ( 1.000000000000000000, 0.000000000000000000, 0.000000000000000000 ) ) ;
#636 = CARTESIAN_POINT ( 'NONE',  ( 0.05807086614173229133, 0.03484251968503937480, 0.000000000000000000 ) ) ;
#637 = COLOUR_RGB ( '',0.2862745098039215508, 0.2862745098039215508, 0.2862745098039215508 ) ;
#638 = PLANE ( 'NONE',  #226 ) ;
#639 = STYLED_ITEM ( 'NONE', ( #1144 ), #815 ) ;
#640 = CARTESIAN_POINT ( 'NONE',  ( 0.000000000000000000, 0.000000000000000000, 0.000000000000000000 ) ) ;
#641 =( GEOMETRIC_REPRESENTATION_CONTEXT ( 3 ) GLOBAL_UNCERTAINTY_ASSIGNED_CONTEXT ( ( #1636 ) ) GLOBAL_UNIT_ASSIGNED_CONTEXT ( ( #1565, #2649, #444 ) ) REPRESENTATION_CONTEXT ( 'NONE', 'WORKASPACE' ) );
#642 =( GEOMETRIC_REPRESENTATION_CONTEXT ( 3 ) GLOBAL_UNCERTAINTY_ASSIGNED_CONTEXT ( ( #1531 ) ) GLOBAL_UNIT_ASSIGNED_CONTEXT ( ( #372, #103, #802 ) ) REPRESENTATION_CONTEXT ( 'NONE', 'WORKASPACE' ) );
#643 = CARTESIAN_POINT ( 'NONE',  ( 0.05971321766742276882, -0.03383608299759682109, 0.005708661417322844107 ) ) ;
#644 =( GEOMETRIC_REPRESENTATION_CONTEXT ( 3 ) GLOBAL_UNCERTAINTY_ASSIGNED_CONTEXT ( ( #2193 ) ) GLOBAL_UNIT_ASSIGNED_CONTEXT ( ( #1638, #199, #526 ) ) REPRESENTATION_CONTEXT ( 'NONE', 'WORKASPACE' ) );
#645 = ORIENTED_EDGE ( 'NONE', *, *, #229, .T. ) ;
#646 =( GEOMETRIC_REPRESENTATION_CONTEXT ( 3 ) GLOBAL_UNCERTAINTY_ASSIGNED_CONTEXT ( ( #1721 ) ) GLOBAL_UNIT_ASSIGNED_CONTEXT ( ( #2864, #435, #2330 ) ) REPRESENTATION_CONTEXT ( 'NONE', 'WORKASPACE' ) );
#647 = DIRECTION ( 'NONE',  ( -0.000000000000000000, -0.000000000000000000, 1.000000000000000000 ) ) ;
#648 = DIRECTION ( 'NONE',  ( 0.000000000000000000, 0.000000000000000000, 1.000000000000000000 ) ) ;
#649 = EDGE_CURVE ( 'NONE', #2022, #289, #1292, .T. ) ;
#650 = LENGTH_MEASURE_WITH_UNIT ( LENGTH_MEASURE( 0.02539999999999999897 ), #2650 );
#651 =( NAMED_UNIT ( * ) SI_UNIT ( $, .STERADIAN. ) SOLID_ANGLE_UNIT ( ) );
#652 = PLANE ( 'NONE',  #1232 ) ;
#653 = CARTESIAN_POINT ( 'NONE',  ( -0.02175196850393701017, -0.008858267716535434683, 0.000000000000000000 ) ) ;
#654 = SURFACE_STYLE_FILL_AREA ( #895 ) ;
#655 = CARTESIAN_POINT ( 'NONE',  ( 0.000000000000000000, 0.01574803149606299191, 0.000000000000000000 ) ) ;
#656 = ORIENTED_EDGE ( 'NONE', *, *, #2183, .F. ) ;
#657 =( LENGTH_UNIT ( ) NAMED_UNIT ( * ) SI_UNIT ( $, .METRE. ) );
#658 = CARTESIAN_POINT ( 'NONE',  ( -0.04734251968503937202, 0.01574803149606299191, 0.0007874015748031497038 ) ) ;
#659 = PLANE ( 'NONE',  #1325 ) ;
#660 = UNCERTAINTY_MEASURE_WITH_UNIT (LENGTH_MEASURE( 1.000000000000000082E-05 ), #704, 'distance_accuracy_value', 'NONE');
#661 = ADVANCED_FACE ( 'NONE', ( #1777 ), #2421, .T. ) ;
#662 = SURFACE_SIDE_STYLE ('',( #1775 ) ) ;
#663 = MECHANICAL_DESIGN_GEOMETRIC_PRESENTATION_REPRESENTATION (  '', ( #1904 ), #1406 ) ;
#664 = DIRECTION ( 'NONE',  ( -1.000000000000000000, -0.000000000000000000, -0.000000000000000000 ) ) ;
#665 = CARTESIAN_POINT ( 'NONE',  ( 0.000000000000000000, 0.000000000000000000, 0.000000000000000000 ) ) ;
#666 = MECHANICAL_DESIGN_GEOMETRIC_PRESENTATION_REPRESENTATION (  '', ( #1658 ), #1276 ) ;
#667 = STYLED_ITEM ( 'NONE', ( #617 ), #2376 ) ;
#668 = EDGE_LOOP ( 'NONE', ( #2419, #2138, #2795, #384 ) ) ;
#669 = SURFACE_SIDE_STYLE ('',( #683 ) ) ;
#670 = DIRECTION ( 'NONE',  ( 0.000000000000000000, 0.000000000000000000, 1.000000000000000000 ) ) ;
#671 = CARTESIAN_POINT ( 'NONE',  ( 0.04734251968503937202, -0.02263779527559055260, 0.000000000000000000 ) ) ;
#672 = ORIENTED_EDGE ( 'NONE', *, *, #2390, .F. ) ;
#673 =( GEOMETRIC_REPRESENTATION_CONTEXT ( 3 ) GLOBAL_UNCERTAINTY_ASSIGNED_CONTEXT ( ( #695 ) ) GLOBAL_UNIT_ASSIGNED_CONTEXT ( ( #2598, #1483, #1655 ) ) REPRESENTATION_CONTEXT ( 'NONE', 'WORKASPACE' ) );
#674 = EDGE_LOOP ( 'NONE', ( #2428, #853 ) ) ;
#675 = STYLED_ITEM ( 'NONE', ( #2606 ), #1164 ) ;
#676 = CIRCLE ( 'NONE', #2319, 0.004921259842519684971 ) ;
#677 = ADVANCED_FACE ( 'NONE', ( #30 ), #922, .T. ) ;
#678 = CIRCLE ( 'NONE', #1706, 0.004921259842519684971 ) ;
#679 = CYLINDRICAL_SURFACE ( 'NONE', #1659, 0.006889763779527559827 ) ;
#680 = MECHANICAL_DESIGN_GEOMETRIC_PRESENTATION_REPRESENTATION (  '', ( #1203 ), #1023 ) ;
#681 = PRESENTATION_STYLE_ASSIGNMENT (( #37 ) ) ;
#682 = ORIENTED_EDGE ( 'NONE', *, *, #1973, .F. ) ;
#683 = SURFACE_STYLE_FILL_AREA ( #290 ) ;
#684 = VECTOR ( 'NONE', #1947, 39.37007874015748143 ) ;
#685 = LENGTH_MEASURE_WITH_UNIT ( LENGTH_MEASURE( 0.02539999999999999897 ), #291 );
#686 = DIRECTION ( 'NONE',  ( 0.000000000000000000, 0.000000000000000000, -1.000000000000000000 ) ) ;
#687 =( CONVERSION_BASED_UNIT ( 'INCH', #2516 ) LENGTH_UNIT ( ) NAMED_UNIT ( #2284 ) );
#688 = FACE_OUTER_BOUND ( 'NONE', #994, .T. ) ;
#689 =( CONVERSION_BASED_UNIT ( 'INCH', #1786 ) LENGTH_UNIT ( ) NAMED_UNIT ( #1908 ) );
#690 = EDGE_LOOP ( 'NONE', ( #2055, #846, #1684, #2068, #1457 ) ) ;
#691 = CARTESIAN_POINT ( 'NONE',  ( -0.05925196850393701226, -0.03287401574803149734, 0.005708661417322834566 ) ) ;
#692 = DIRECTION ( 'NONE',  ( -1.000000000000000000, 0.000000000000000000, 0.000000000000000000 ) ) ;
#693 = ADVANCED_FACE ( 'NONE', ( #335 ), #555, .T. ) ;
#694 =( NAMED_UNIT ( * ) SI_UNIT ( $, .STERADIAN. ) SOLID_ANGLE_UNIT ( ) );
#695 = UNCERTAINTY_MEASURE_WITH_UNIT (LENGTH_MEASURE( 1.000000000000000082E-05 ), #2598, 'distance_accuracy_value', 'NONE');
#696 = ORIENTED_EDGE ( 'NONE', *, *, #580, .T. ) ;
#697 = DIRECTION ( 'NONE',  ( 0.000000000000000000, 0.000000000000000000, 1.000000000000000000 ) ) ;
#698 = LENGTH_MEASURE_WITH_UNIT ( LENGTH_MEASURE( 0.02539999999999999897 ), #528 );
#699 = SURFACE_STYLE_USAGE ( .BOTH. , #2715 ) ;
#700 = LINE ( 'NONE', #1593, #77 ) ;
#701 = FILL_AREA_STYLE_COLOUR ( '', #2364 ) ;
#702 = ORIENTED_EDGE ( 'NONE', *, *, #59, .T. ) ;
#703 = SURFACE_STYLE_FILL_AREA ( #507 ) ;
#704 =( CONVERSION_BASED_UNIT ( 'INCH', #718 ) LENGTH_UNIT ( ) NAMED_UNIT ( #2073 ) );
#705 = APPLICATION_PROTOCOL_DEFINITION ( 'draft international standard', 'automotive_design', 1998, #2316 ) ;
#706 = CIRCLE ( 'NONE', #905, 0.006889763779527559827 ) ;
#707 = SURFACE_SIDE_STYLE ('',( #1139 ) ) ;
#708 = CARTESIAN_POINT ( 'NONE',  ( 0.02175196850393701017, 0.02263779527559055260, 0.000000000000000000 ) ) ;
#709 = PRESENTATION_LAYER_ASSIGNMENT (  '', '', ( #1556 ) ) ;
#710 = EDGE_CURVE ( 'NONE', #615, #93, #1865, .T. ) ;
#711 = ORIENTED_EDGE ( 'NONE', *, *, #2784, .T. ) ;
#712 = SURFACE_STYLE_USAGE ( .BOTH. , #83 ) ;
#713 = FACE_OUTER_BOUND ( 'NONE', #1366, .T. ) ;
#714 = CIRCLE ( 'NONE', #1462, 0.001968503937007870519 ) ;
#715 = DIRECTION ( 'NONE',  ( 0.000000000000000000, 0.000000000000000000, 1.000000000000000000 ) ) ;
#716 = FACE_OUTER_BOUND ( 'NONE', #2288, .T. ) ;
#717 = DIRECTION ( 'NONE',  ( 1.000000000000000000, 0.000000000000000000, -0.000000000000000000 ) ) ;
#718 = LENGTH_MEASURE_WITH_UNIT ( LENGTH_MEASURE( 0.02539999999999999897 ), #538 );
#719 = STYLED_ITEM ( 'NONE', ( #2626 ), #2787 ) ;
#720 = PRESENTATION_LAYER_ASSIGNMENT (  '', '', ( #1881 ) ) ;
#721 = SURFACE_SIDE_STYLE ('',( #2061 ) ) ;
#722 = VECTOR ( 'NONE', #2007, 39.37007874015748143 ) ;
#723 = UNCERTAINTY_MEASURE_WITH_UNIT (LENGTH_MEASURE( 1.000000000000000082E-05 ), #2111, 'distance_accuracy_value', 'NONE');
#724 = EDGE_LOOP ( 'NONE', ( #2135, #1602, #898, #828 ) ) ;
#725 = SURFACE_STYLE_USAGE ( .BOTH. , #2245 ) ;
#726 = FILL_AREA_STYLE_COLOUR ( '', #1375 ) ;
#727 = SURFACE_STYLE_USAGE ( .BOTH. , #986 ) ;
#728 = SURFACE_SIDE_STYLE ('',( #934 ) ) ;
#729 = FACE_OUTER_BOUND ( 'NONE', #361, .T. ) ;
#730 = STYLED_ITEM ( 'NONE', ( #866 ), #677 ) ;
#731 = SURFACE_STYLE_FILL_AREA ( #1190 ) ;
#732 = DIMENSIONAL_EXPONENTS ( 1.000000000000000000, 0.000000000000000000, 0.000000000000000000, 0.000000000000000000, 0.000000000000000000, 0.000000000000000000, 0.000000000000000000 ) ;
#733 = EDGE_LOOP ( 'NONE', ( #1393, #1410, #281, #1241 ) ) ;
#734 = CARTESIAN_POINT ( 'NONE',  ( 0.05925196850393700532, -0.03287401574803149734, 0.005708661417322834566 ) ) ;
#735 = FILL_AREA_STYLE ('',( #1818 ) ) ;
#736 =( BOUNDED_SURFACE ( )  B_SPLINE_SURFACE ( 3, 3, ( 
 ( #1931, #1431, #1489, #2325 ),
 ( #344, #1257, #1230, #1064 ),
 ( #2380, #781, #395, #801 ),
 ( #1679, #1460, #2577, #1668 ) ),
 .UNSPECIFIED., .F., .F., .F. ) 
 B_SPLINE_SURFACE_WITH_KNOTS ( ( 4, 4 ),
 ( 4, 4 ),
 ( 0.000000000000000000, 1.000000000000000000 ),
 ( 0.000000000000000000, 1.000000000000000000 ),
 .UNSPECIFIED. ) 
 GEOMETRIC_REPRESENTATION_ITEM ( )  RATIONAL_B_SPLINE_SURFACE ( (
 ( 1.000000000000000000, 0.8047378541243649375, 0.8047378541243649375, 1.000000000000000000),
 ( 0.8047378541243676020, 0.6476030138606898579, 0.6476030138606898579, 0.8047378541243676020),
 ( 0.8047378541243676020, 0.6476030138606898579, 0.6476030138606898579, 0.8047378541243676020),
 ( 1.000000000000000000, 0.8047378541243649375, 0.8047378541243649375, 1.000000000000000000) ) ) 
 REPRESENTATION_ITEM ( '' )  SURFACE ( )  );
#737 = SHAPE_DEFINITION_REPRESENTATION ( #757, #2848 ) ;
#738 = PRODUCT ( '1', '1', '', ( #97 ) ) ;
#739 = FILL_AREA_STYLE_COLOUR ( '', #1459 ) ;
#740 = PRESENTATION_STYLE_ASSIGNMENT (( #712 ) ) ;
#741 = CARTESIAN_POINT ( 'NONE',  ( -0.05807086614173229133, -0.03287401574803149734, 0.004921259842519684971 ) ) ;
#742 = DIRECTION ( 'NONE',  ( 0.000000000000000000, 0.000000000000000000, -1.000000000000000000 ) ) ;
#743 = APPLICATION_CONTEXT ( 'automotive_design' ) ;
#744 = FACE_OUTER_BOUND ( 'NONE', #1009, .T. ) ;
#745 = ORIENTED_EDGE ( 'NONE', *, *, #1952, .F. ) ;
#746 = CARTESIAN_POINT ( 'NONE',  ( -0.02139459081343495980, -0.2009866715216259980, 0.000000000000000000 ) ) ;
#747 = ORIENTED_EDGE ( 'NONE', *, *, #1741, .T. ) ;
#748 = LINE ( 'NONE', #1359, #2683 ) ;
#749 = ADVANCED_FACE ( 'NONE', ( #2057 ), #2737, .T. ) ;
#750 = PRODUCT_RELATED_PRODUCT_CATEGORY ( 'part', '', ( #2087 ) ) ;
#751 = FILL_AREA_STYLE_COLOUR ( '', #2653 ) ;
#752 = DIMENSIONAL_EXPONENTS ( 1.000000000000000000, 0.000000000000000000, 0.000000000000000000, 0.000000000000000000, 0.000000000000000000, 0.000000000000000000, 0.000000000000000000 ) ;
#753 = FILL_AREA_STYLE ('',( #1852 ) ) ;
#754 = MECHANICAL_DESIGN_GEOMETRIC_PRESENTATION_REPRESENTATION (  '', ( #1314 ), #1688 ) ;
#755 = UNCERTAINTY_MEASURE_WITH_UNIT (LENGTH_MEASURE( 1.000000000000000082E-05 ), #2724, 'distance_accuracy_value', 'NONE');
#756 = SURFACE_STYLE_USAGE ( .BOTH. , #2086 ) ;
#757 = PRODUCT_DEFINITION_SHAPE ( 'NONE', 'NONE',  #2124 ) ;
#758 = CARTESIAN_POINT ( 'NONE',  ( 0.04734251968503937202, -0.02263779527559055260, 0.000000000000000000 ) ) ;
#759 = VECTOR ( 'NONE', #1808, 39.37007874015748143 ) ;
#760 = SURFACE_STYLE_USAGE ( .BOTH. , #173 ) ;
#761 = ORIENTED_EDGE ( 'NONE', *, *, #1521, .F. ) ;
#762 = PRESENTATION_STYLE_ASSIGNMENT (( #490 ) ) ;
#763 = DIRECTION ( 'NONE',  ( 0.000000000000000000, 0.000000000000000000, 1.000000000000000000 ) ) ;
#764 = LINE ( 'NONE', #1804, #2204 ) ;
#765 = EDGE_LOOP ( 'NONE', ( #2223, #1073, #1233, #1539 ) ) ;
#766 = PRESENTATION_STYLE_ASSIGNMENT (( #1011 ) ) ;
#767 =( LENGTH_UNIT ( ) NAMED_UNIT ( * ) SI_UNIT ( $, .METRE. ) );
#768 = APPLICATION_CONTEXT ( 'automotive_design' ) ;
#769 = DIMENSIONAL_EXPONENTS ( 1.000000000000000000, 0.000000000000000000, 0.000000000000000000, 0.000000000000000000, 0.000000000000000000, 0.000000000000000000, 0.000000000000000000 ) ;
#770 = AXIS2_PLACEMENT_3D ( 'NONE', #665, #2639, #2450 ) ;
#771 = PRESENTATION_STYLE_ASSIGNMENT (( #2766 ) ) ;
#772 = EDGE_CURVE ( 'NONE', #1550, #532, #1264, .T. ) ;
#773 = VECTOR ( 'NONE', #2852, 39.37007874015748143 ) ;
#774 = PLANE ( 'NONE',  #1322 ) ;
#775 = CIRCLE ( 'NONE', #185, 0.003669581256771143728 ) ;
#776 = ORIENTED_EDGE ( 'NONE', *, *, #2469, .F. ) ;
#777 = SURFACE_STYLE_FILL_AREA ( #1002 ) ;
#778 = DIRECTION ( 'NONE',  ( 1.000000000000000000, 0.000000000000000000, 0.000000000000000000 ) ) ;
#779 = DIMENSIONAL_EXPONENTS ( 1.000000000000000000, 0.000000000000000000, 0.000000000000000000, 0.000000000000000000, 0.000000000000000000, 0.000000000000000000, 0.000000000000000000 ) ;
#780 = PRESENTATION_LAYER_ASSIGNMENT (  '', '', ( #1658 ) ) ;
#781 = CARTESIAN_POINT ( 'NONE',  ( 0.05903293339129764283, 0.03451636727372198177, 0.005708661417322829362 ) ) ;
#782 = CIRCLE ( 'NONE', #970, 0.006889763779527559827 ) ;
#783 = EDGE_LOOP ( 'NONE', ( #101, #1357, #114, #1032 ) ) ;
#784 =( NAMED_UNIT ( * ) SI_UNIT ( $, .STERADIAN. ) SOLID_ANGLE_UNIT ( ) );
#785 = CARTESIAN_POINT ( 'NONE',  ( -0.06003937007874018267, -0.03402713865674587140, 0.004921259842519684971 ) ) ;
#786 =( GEOMETRIC_REPRESENTATION_CONTEXT ( 3 ) GLOBAL_UNCERTAINTY_ASSIGNED_CONTEXT ( ( #61 ) ) GLOBAL_UNIT_ASSIGNED_CONTEXT ( ( #1266, #806, #2140 ) ) REPRESENTATION_CONTEXT ( 'NONE', 'WORKASPACE' ) );
#787 = CARTESIAN_POINT ( 'NONE',  ( 0.000000000000000000, 0.000000000000000000, 0.0007874015748031497038 ) ) ;
#788 = PRESENTATION_LAYER_ASSIGNMENT (  '', '', ( #2032 ) ) ;
#789 = ORIENTED_EDGE ( 'NONE', *, *, #424, .T. ) ;
#790 = CARTESIAN_POINT ( 'NONE',  ( -0.05925196850393700532, 0.03287401574803149734, 0.005708661417322834566 ) ) ;
#791 = PRESENTATION_LAYER_ASSIGNMENT (  '', '', ( #2278 ) ) ;
#792 = CARTESIAN_POINT ( 'NONE',  ( 0.02175196850393701017, 0.01574803149606299191, 0.000000000000000000 ) ) ;
#793 = CARTESIAN_POINT ( 'NONE',  ( 0.04734251968503937202, 0.02263779527559055260, 0.0007874015748031497038 ) ) ;
#794 = ADVANCED_BREP_SHAPE_REPRESENTATION ( '', ( #1821, #2787, #872, #878, #2793, #885, #1608 ), #2306 ) ;
#795 = LINE ( 'NONE', #1675, #2165 ) ;
#796 = UNCERTAINTY_MEASURE_WITH_UNIT (LENGTH_MEASURE( 1.000000000000000082E-05 ), #2089, 'distance_accuracy_value', 'NONE');
#797 = ORIENTED_EDGE ( 'NONE', *, *, #2505, .F. ) ;
#798 = DIMENSIONAL_EXPONENTS ( 1.000000000000000000, 0.000000000000000000, 0.000000000000000000, 0.000000000000000000, 0.000000000000000000, 0.000000000000000000, 0.000000000000000000 ) ;
#799 = ADVANCED_FACE ( 'NONE', ( #2164 ), #835, .T. ) ;
#800 = DIRECTION ( 'NONE',  ( -0.000000000000000000, 0.000000000000000000, -1.000000000000000000 ) ) ;
#801 = CARTESIAN_POINT ( 'NONE',  ( 0.05971321766742274800, 0.03287401574803149734, 0.005708661417322829362 ) ) ;
#802 =( NAMED_UNIT ( * ) SI_UNIT ( $, .STERADIAN. ) SOLID_ANGLE_UNIT ( ) );
#803 = CARTESIAN_POINT ( 'NONE',  ( -0.02175196850393701017, 0.02263779527559055260, 0.000000000000000000 ) ) ;
#804 = ORIENTED_EDGE ( 'NONE', *, *, #1033, .T. ) ;
#805 = PRESENTATION_STYLE_ASSIGNMENT (( #1915 ) ) ;
#806 =( NAMED_UNIT ( * ) PLANE_ANGLE_UNIT ( ) SI_UNIT ( $, .RADIAN. ) );
#807 = FACE_OUTER_BOUND ( 'NONE', #1729, .T. ) ;
#808 =( NAMED_UNIT ( * ) PLANE_ANGLE_UNIT ( ) SI_UNIT ( $, .RADIAN. ) );
#809 = SURFACE_SIDE_STYLE ('',( #563 ) ) ;
#810 = FILL_AREA_STYLE ('',( #513 ) ) ;
#811 = EDGE_CURVE ( 'NONE', #2064, #1275, #904, .T. ) ;
#812 = DIRECTION ( 'NONE',  ( 0.000000000000000000, 0.000000000000000000, 1.000000000000000000 ) ) ;
#813 = ORIENTED_EDGE ( 'NONE', *, *, #2183, .T. ) ;
#814 = CARTESIAN_POINT ( 'NONE',  ( 0.02175196850393701017, -0.008858267716535434683, 0.0007874015748031497038 ) ) ;
#815 = ADVANCED_FACE ( 'NONE', ( #688 ), #1083, .F. ) ;
#816 = FACE_OUTER_BOUND ( 'NONE', #2819, .T. ) ;
#817 = EDGE_LOOP ( 'NONE', ( #303, #1141, #2556, #1351 ) ) ;
#818 = LINE ( 'NONE', #1250, #2173 ) ;
#819 = CARTESIAN_POINT ( 'NONE',  ( 0.02175196850393701017, -0.01574803149606299191, 0.000000000000000000 ) ) ;
#820 =( LENGTH_UNIT ( ) NAMED_UNIT ( * ) SI_UNIT ( $, .METRE. ) );
#821 = CARTESIAN_POINT ( 'NONE',  ( 0.000000000000000000, -0.01574803149606299191, 0.0007874015748031497038 ) ) ;
#822 = PRESENTATION_STYLE_ASSIGNMENT (( #1905 ) ) ;
#823 = PRESENTATION_LAYER_ASSIGNMENT (  '', '', ( #887 ) ) ;
#824 = UNCERTAINTY_MEASURE_WITH_UNIT (LENGTH_MEASURE( 1.000000000000000082E-05 ), #14, 'distance_accuracy_value', 'NONE');
#825 = FILL_AREA_STYLE ('',( #2800 ) ) ;
#826 = STYLED_ITEM ( 'NONE', ( #2268 ), #260 ) ;
#827 = VECTOR ( 'NONE', #1582, 39.37007874015748143 ) ;
#828 = ORIENTED_EDGE ( 'NONE', *, *, #944, .F. ) ;
#829 = PRESENTATION_STYLE_ASSIGNMENT (( #1912 ) ) ;
#830 =( GEOMETRIC_REPRESENTATION_CONTEXT ( 3 ) GLOBAL_UNCERTAINTY_ASSIGNED_CONTEXT ( ( #2540 ) ) GLOBAL_UNIT_ASSIGNED_CONTEXT ( ( #1672, #1481, #2163 ) ) REPRESENTATION_CONTEXT ( 'NONE', 'WORKASPACE' ) );
#831 = FACE_OUTER_BOUND ( 'NONE', #998, .T. ) ;
#832 = CIRCLE ( 'NONE', #1979, 0.001968503937007870519 ) ;
#833 =( LENGTH_UNIT ( ) NAMED_UNIT ( * ) SI_UNIT ( $, .METRE. ) );
#834 = AXIS2_PLACEMENT_3D ( 'NONE', #1046, #2783, #2753 ) ;
#835 = CYLINDRICAL_SURFACE ( 'NONE', #142, 0.006889763779527559827 ) ;
#836 = EDGE_CURVE ( 'NONE', #282, #615, #951, .T. ) ;
#837 = SHAPE_REPRESENTATION_RELATIONSHIP ( 'NONE' , 'NONE' ,  #539, #1960 ) ;
#838 = VECTOR ( 'NONE', #2674, 39.37007874015748143 ) ;
#839 = UNCERTAINTY_MEASURE_WITH_UNIT (LENGTH_MEASURE( 1.000000000000000082E-05 ), #1981, 'distance_accuracy_value', 'NONE');
#840 = DIMENSIONAL_EXPONENTS ( 1.000000000000000000, 0.000000000000000000, 0.000000000000000000, 0.000000000000000000, 0.000000000000000000, 0.000000000000000000, 0.000000000000000000 ) ;
#841 = STYLED_ITEM ( 'NONE', ( #2381 ), #380 ) ;
#842 = SURFACE_SIDE_STYLE ('',( #2829 ) ) ;
#843 = AXIS2_PLACEMENT_3D ( 'NONE', #973, #1828, #1563 ) ;
#844 = CARTESIAN_POINT ( 'NONE',  ( 0.02175196850393701017, 0.01574803149606299191, 0.000000000000000000 ) ) ;
#845 = CYLINDRICAL_SURFACE ( 'NONE', #2313, 0.004921259842519684971 ) ;
#846 = ORIENTED_EDGE ( 'NONE', *, *, #1632, .T. ) ;
#847 = LINE ( 'NONE', #1505, #187 ) ;
#848 = DIRECTION ( 'NONE',  ( -1.000000000000000000, 0.000000000000000000, 0.000000000000000000 ) ) ;
#849 = SURFACE_STYLE_FILL_AREA ( #2107 ) ;
#850 = DIRECTION ( 'NONE',  ( 0.000000000000000000, 0.000000000000000000, 1.000000000000000000 ) ) ;
#851 = DIRECTION ( 'NONE',  ( 1.000000000000000000, 0.000000000000000000, 0.000000000000000000 ) ) ;
#852 = ADVANCED_FACE ( 'NONE', ( #716 ), #1397, .T. ) ;
#853 = ORIENTED_EDGE ( 'NONE', *, *, #944, .T. ) ;
#854 = FILL_AREA_STYLE_COLOUR ( '', #2779 ) ;
#855 = DIRECTION ( 'NONE',  ( -1.000000000000000000, -0.000000000000000000, -0.000000000000000000 ) ) ;
#856 = DIMENSIONAL_EXPONENTS ( 1.000000000000000000, 0.000000000000000000, 0.000000000000000000, 0.000000000000000000, 0.000000000000000000, 0.000000000000000000, 0.000000000000000000 ) ;
#857 = FILL_AREA_STYLE ('',( #2423 ) ) ;
#858 = ORIENTED_EDGE ( 'NONE', *, *, #209, .T. ) ;
#859 = FACE_OUTER_BOUND ( 'NONE', #2117, .T. ) ;
#860 = DIRECTION ( 'NONE',  ( 1.000000000000000000, -0.000000000000000000, 0.000000000000000000 ) ) ;
#861 = CARTESIAN_POINT ( 'NONE',  ( -0.05807086614173229133, 0.03484251968503937480, 0.005382509006005445004 ) ) ;
#862 = DIRECTION ( 'NONE',  ( 0.000000000000000000, -0.000000000000000000, -1.000000000000000000 ) ) ;
#863 = VECTOR ( 'NONE', #686, 39.37007874015748143 ) ;
#864 = UNCERTAINTY_MEASURE_WITH_UNIT (LENGTH_MEASURE( 1.000000000000000082E-05 ), #321, 'distance_accuracy_value', 'NONE');
#865 = PRESENTATION_LAYER_ASSIGNMENT (  '', '', ( #1508 ) ) ;
#866 = PRESENTATION_STYLE_ASSIGNMENT (( #1954 ) ) ;
#867 =( LENGTH_UNIT ( ) NAMED_UNIT ( * ) SI_UNIT ( $, .METRE. ) );
#868 = FILL_AREA_STYLE_COLOUR ( '', #315 ) ;
#869 = CARTESIAN_POINT ( 'NONE',  ( 0.03001968503937007746, 0.03405511811023621827, 0.005708661417322834566 ) ) ;
#870 = EDGE_CURVE ( 'NONE', #2353, #2611, #2094, .T. ) ;
#871 = FILL_AREA_STYLE ('',( #2408 ) ) ;
#872 = MANIFOLD_SOLID_BREP ( 'Imported3', #2722 ) ;
#873 = DIRECTION ( 'NONE',  ( 1.000000000000000000, 0.000000000000000000, 0.000000000000000000 ) ) ;
#874 = PRESENTATION_LAYER_ASSIGNMENT (  '', '', ( #2308 ) ) ;
#875 = STYLED_ITEM ( 'NONE', ( #1086 ), #2793 ) ;
#876 = DIRECTION ( 'NONE',  ( 1.000000000000000000, 0.000000000000000000, 0.000000000000000000 ) ) ;
#877 = CLOSED_SHELL ( 'NONE', ( #540, #1745, #380, #1339 ) ) ;
#878 = MANIFOLD_SOLID_BREP ( 'Imported4', #1518 ) ;
#879 = VECTOR ( 'NONE', #1789, 39.37007874015748143 ) ;
#880 = CARTESIAN_POINT ( 'NONE',  ( 0.05923951945434985378, -0.03355390255892116286, 0.005708661417322834566 ) ) ;
#881 = PRESENTATION_LAYER_ASSIGNMENT (  '', '', ( #1569 ) ) ;
#882 = DIRECTION ( 'NONE',  ( -0.000000000000000000, -0.000000000000000000, -1.000000000000000000 ) ) ;
#883 = CIRCLE ( 'NONE', #1785, 0.001968503937007870519 ) ;
#884 = FILL_AREA_STYLE ('',( #854 ) ) ;
#885 = MANIFOLD_SOLID_BREP ( 'Imported6', #2168 ) ;
#886 = PRESENTATION_LAYER_ASSIGNMENT (  '', '', ( #1529 ) ) ;
#887 = STYLED_ITEM ( 'NONE', ( #2623 ), #565 ) ;
#888 = MANIFOLD_SOLID_BREP ( 'Imported7', #877 ) ;
#889 = EDGE_CURVE ( 'NONE', #2704, #1172, #1708, .T. ) ;
#890 = ORIENTED_EDGE ( 'NONE', *, *, #1097, .T. ) ;
#891 = FACE_OUTER_BOUND ( 'NONE', #149, .T. ) ;
#892 =( CONVERSION_BASED_UNIT ( 'INCH', #650 ) LENGTH_UNIT ( ) NAMED_UNIT ( #108 ) );
#893 = VERTEX_POINT ( 'NONE', #1694 ) ;
#894 = DIRECTION ( 'NONE',  ( -1.000000000000000000, 0.000000000000000000, 0.000000000000000000 ) ) ;
#895 = FILL_AREA_STYLE ('',( #223 ) ) ;
#896 = CARTESIAN_POINT ( 'NONE',  ( 0.05925196850393700532, -0.03356588949326011484, 0.005708661417322834566 ) ) ;
#897 =( LENGTH_UNIT ( ) NAMED_UNIT ( * ) SI_UNIT ( $, .METRE. ) );
#898 = ORIENTED_EDGE ( 'NONE', *, *, #1577, .T. ) ;
#899 = SURFACE_SIDE_STYLE ('',( #427 ) ) ;
#900 = DIRECTION ( 'NONE',  ( 0.000000000000000000, -1.000000000000000000, 1.355252715606876993E-15 ) ) ;
#901 = EDGE_CURVE ( 'NONE', #1504, #1081, #2499, .T. ) ;
#902 = FILL_AREA_STYLE ('',( #2238 ) ) ;
#903 = ORIENTED_EDGE ( 'NONE', *, *, #1824, .F. ) ;
#904 = LINE ( 'NONE', #915, #838 ) ;
#905 = AXIS2_PLACEMENT_3D ( 'NONE', #658, #195, #445 ) ;
#906 =( NAMED_UNIT ( * ) PLANE_ANGLE_UNIT ( ) SI_UNIT ( $, .RADIAN. ) );
#907 = CARTESIAN_POINT ( 'NONE',  ( 0.000000000000000000, -0.01574803149606299191, 0.000000000000000000 ) ) ;
#908 = DIRECTION ( 'NONE',  ( 1.000000000000000000, 0.000000000000000000, 0.000000000000000000 ) ) ;
#909 = PRESENTATION_LAYER_ASSIGNMENT (  '', '', ( #2856 ) ) ;
#910 = EDGE_LOOP ( 'NONE', ( #1236, #2418, #1167, #1587 ) ) ;
#911 = FILL_AREA_STYLE_COLOUR ( '', #2323 ) ;
#912 =( CONVERSION_BASED_UNIT ( 'INCH', #685 ) LENGTH_UNIT ( ) NAMED_UNIT ( #1861 ) );
#913 = LENGTH_MEASURE_WITH_UNIT ( LENGTH_MEASURE( 0.02539999999999999897 ), #1131 );
#914 = SURFACE_SIDE_STYLE ('',( #1642 ) ) ;
#915 = CARTESIAN_POINT ( 'NONE',  ( 0.05925196850393700532, 0.000000000000000000, 0.005708661417322834566 ) ) ;
#916 = VECTOR ( 'NONE', #715, 39.37007874015748143 ) ;
#917 = CARTESIAN_POINT ( 'NONE',  ( -0.05925196850393701226, -0.03287401574803149734, 0.005708661417322834566 ) ) ;
#918 = CIRCLE ( 'NONE', #2179, 0.006889763779527559827 ) ;
#919 = ORIENTED_EDGE ( 'NONE', *, *, #2661, .F. ) ;
#920 =( GEOMETRIC_REPRESENTATION_CONTEXT ( 3 ) GLOBAL_UNCERTAINTY_ASSIGNED_CONTEXT ( ( #1425 ) ) GLOBAL_UNIT_ASSIGNED_CONTEXT ( ( #194, #616, #461 ) ) REPRESENTATION_CONTEXT ( 'NONE', 'WORKASPACE' ) );
#921 = EDGE_CURVE ( 'NONE', #1208, #893, #1324, .T. ) ;
#922 = PLANE ( 'NONE',  #1754 ) ;
#923 = COLOUR_RGB ( '',0.8313725490196077761, 0.8313725490196077761, 0.8313725490196077761 ) ;
#924 = MECHANICAL_DESIGN_GEOMETRIC_PRESENTATION_REPRESENTATION (  '', ( #2174 ), #2557 ) ;
#925 = AXIS2_PLACEMENT_3D ( 'NONE', #2591, #1710, #116 ) ;
#926 = PLANE ( 'NONE',  #2828 ) ;
#927 = PRESENTATION_LAYER_ASSIGNMENT (  '', '', ( #2549 ) ) ;
#928 = STYLED_ITEM ( 'NONE', ( #2189 ), #403 ) ;
#929 = DIRECTION ( 'NONE',  ( -0.000000000000000000, -0.000000000000000000, -1.000000000000000000 ) ) ;
#930 = ORIENTED_EDGE ( 'NONE', *, *, #391, .F. ) ;
#931 =( LENGTH_UNIT ( ) NAMED_UNIT ( * ) SI_UNIT ( $, .METRE. ) );
#932 = CARTESIAN_POINT ( 'NONE',  ( 0.04734251968503937202, 0.02263779527559055260, 0.000000000000000000 ) ) ;
#933 = FILL_AREA_STYLE_COLOUR ( '', #2274 ) ;
#934 = SURFACE_STYLE_FILL_AREA ( #1287 ) ;
#935 = MECHANICAL_DESIGN_GEOMETRIC_PRESENTATION_REPRESENTATION (  '', ( #285 ), #2597 ) ;
#936 = DIRECTION ( 'NONE',  ( 1.000000000000000000, 0.000000000000000000, 0.000000000000000000 ) ) ;
#937 = FILL_AREA_STYLE ('',( #2043 ) ) ;
#938 = ADVANCED_BREP_SHAPE_REPRESENTATION ( '', ( #888, #1608 ), #31 ) ;
#939 = DIRECTION ( 'NONE',  ( 1.000000000000000000, 0.000000000000000000, 0.000000000000000000 ) ) ;
#940 = VERTEX_POINT ( 'NONE', #2459 ) ;
#941 = LENGTH_MEASURE_WITH_UNIT ( LENGTH_MEASURE( 0.02539999999999999897 ), #519 );
#942 = DIRECTION ( 'NONE',  ( 1.000000000000000000, 0.000000000000000000, 0.000000000000000000 ) ) ;
#943 = EDGE_CURVE ( 'NONE', #1677, #1208, #1240, .T. ) ;
#944 = EDGE_CURVE ( 'NONE', #940, #1018, #225, .T. ) ;
#945 = CARTESIAN_POINT ( 'NONE',  ( -0.02175196850393701017, 0.01574803149606299191, 0.000000000000000000 ) ) ;
#946 = UNCERTAINTY_MEASURE_WITH_UNIT (LENGTH_MEASURE( 1.000000000000000082E-05 ), #1977, 'distance_accuracy_value', 'NONE');
#947 = VERTEX_POINT ( 'NONE', #2236 ) ;
#948 =( LENGTH_UNIT ( ) NAMED_UNIT ( * ) SI_UNIT ( $, .METRE. ) );
#949 = CARTESIAN_POINT ( 'NONE',  ( -0.05925196850393700532, 0.01742125984251968740, 0.005708661417322834566 ) ) ;
#950 = LINE ( 'NONE', #1386, #916 ) ;
#951 = LINE ( 'NONE', #980, #827 ) ;
#952 = DIRECTION ( 'NONE',  ( 0.000000000000000000, 0.000000000000000000, -1.000000000000000000 ) ) ;
#953 = ORIENTED_EDGE ( 'NONE', *, *, #2146, .F. ) ;
#954 = SURFACE_STYLE_FILL_AREA ( #2044 ) ;
#955 = PRODUCT_CONTEXT ( 'NONE', #2426, 'mechanical' ) ;
#956 = EDGE_CURVE ( 'NONE', #1894, #1670, #1746, .T. ) ;
#957 =( CONVERSION_BASED_UNIT ( 'INCH', #2703 ) LENGTH_UNIT ( ) NAMED_UNIT ( #588 ) );
#958 = EDGE_LOOP ( 'NONE', ( #387, #2608, #1665, #1946 ) ) ;
#959 = EDGE_CURVE ( 'NONE', #2329, #246, #2551, .T. ) ;
#960 =( NAMED_UNIT ( * ) PLANE_ANGLE_UNIT ( ) SI_UNIT ( $, .RADIAN. ) );
#961 = DIRECTION ( 'NONE',  ( -1.000000000000000000, 0.000000000000000000, -0.000000000000000000 ) ) ;
#962 =( LENGTH_UNIT ( ) NAMED_UNIT ( * ) SI_UNIT ( $, .METRE. ) );
#963 = PRESENTATION_STYLE_ASSIGNMENT (( #1161 ) ) ;
#964 = VERTEX_POINT ( 'NONE', #1731 ) ;
#965 = CARTESIAN_POINT ( 'NONE',  ( -0.05423228346456693272, 0.01574803149606299191, 0.000000000000000000 ) ) ;
#966 = MECHANICAL_DESIGN_GEOMETRIC_PRESENTATION_REPRESENTATION (  '', ( #2069 ), #491 ) ;
#967 = AXIS2_PLACEMENT_3D ( 'NONE', #844, #2843, #1713 ) ;
#968 = DIRECTION ( 'NONE',  ( 0.000000000000000000, 0.000000000000000000, 1.000000000000000000 ) ) ;
#969 = DIMENSIONAL_EXPONENTS ( 1.000000000000000000, 0.000000000000000000, 0.000000000000000000, 0.000000000000000000, 0.000000000000000000, 0.000000000000000000, 0.000000000000000000 ) ;
#970 = AXIS2_PLACEMENT_3D ( 'NONE', #1096, #436, #1075 ) ;
#971 =( GEOMETRIC_REPRESENTATION_CONTEXT ( 3 ) GLOBAL_UNCERTAINTY_ASSIGNED_CONTEXT ( ( #972 ) ) GLOBAL_UNIT_ASSIGNED_CONTEXT ( ( #984, #1226, #2810 ) ) REPRESENTATION_CONTEXT ( 'NONE', 'WORKASPACE' ) );
#972 = UNCERTAINTY_MEASURE_WITH_UNIT (LENGTH_MEASURE( 1.000000000000000082E-05 ), #984, 'distance_accuracy_value', 'NONE');
#973 = CARTESIAN_POINT ( 'NONE',  ( 0.04734251968503937202, 0.01574803149606299191, 0.0007874015748031497038 ) ) ;
#974 = COLOUR_RGB ( '',0.8313725490196077761, 0.8313725490196077761, 0.8313725490196077761 ) ;
#975 = MECHANICAL_DESIGN_GEOMETRIC_PRESENTATION_REPRESENTATION (  '', ( #639 ), #449 ) ;
#976 = EDGE_CURVE ( 'NONE', #289, #947, #1079, .T. ) ;
#977 = SURFACE_STYLE_FILL_AREA ( #52 ) ;
#978 = COLOUR_RGB ( '',1.000000000000000000, 1.000000000000000000, 1.000000000000000000 ) ;
#979 = PRESENTATION_STYLE_ASSIGNMENT (( #2026 ) ) ;
#980 = CARTESIAN_POINT ( 'NONE',  ( 0.000000000000000000, 0.02263779527559055260, 0.0007874015748031497038 ) ) ;
#981 = COLOUR_RGB ( '',0.8313725490196077761, 0.8313725490196077761, 0.8313725490196077761 ) ;
#982 = VERTEX_POINT ( 'NONE', #2671 ) ;
#983 = DIRECTION ( 'NONE',  ( 1.000000000000000000, 0.000000000000000000, 0.000000000000000000 ) ) ;
#984 =( CONVERSION_BASED_UNIT ( 'INCH', #585 ) LENGTH_UNIT ( ) NAMED_UNIT ( #1061 ) );
#985 =( NAMED_UNIT ( * ) PLANE_ANGLE_UNIT ( ) SI_UNIT ( $, .RADIAN. ) );
#986 = SURFACE_SIDE_STYLE ('',( #2706 ) ) ;
#987 = DIMENSIONAL_EXPONENTS ( 1.000000000000000000, 0.000000000000000000, 0.000000000000000000, 0.000000000000000000, 0.000000000000000000, 0.000000000000000000, 0.000000000000000000 ) ;
#988 = CARTESIAN_POINT ( 'NONE',  ( -0.03454724409448818589, -0.01574803149606299191, 0.000000000000000000 ) ) ;
#989 = EDGE_LOOP ( 'NONE', ( #2235, #2004, #711, #2788 ) ) ;
#990 = CARTESIAN_POINT ( 'NONE',  ( -0.02175196850393701017, -0.01574803149606299191, 0.000000000000000000 ) ) ;
#991 =( NAMED_UNIT ( * ) PLANE_ANGLE_UNIT ( ) SI_UNIT ( $, .RADIAN. ) );
#992 = CARTESIAN_POINT ( 'NONE',  ( -0.04734251968503937202, 0.01574803149606299191, 0.000000000000000000 ) ) ;
#993 = ORIENTED_EDGE ( 'NONE', *, *, #772, .T. ) ;
#994 = EDGE_LOOP ( 'NONE', ( #21, #2670, #2457, #1980 ) ) ;
#995 = CYLINDRICAL_SURFACE ( 'NONE', #2075, 0.001968503937007870519 ) ;
#996 = EDGE_CURVE ( 'NONE', #1968, #1208, #2874, .T. ) ;
#997 = ITEM_DEFINED_TRANSFORMATION ( 'NONE', 'NONE', #1833,  #1608 ) ;
#998 = EDGE_LOOP ( 'NONE', ( #369, #2804, #464, #1617 ) ) ;
#999 = CARTESIAN_POINT ( 'NONE',  ( -0.05807086614173229133, -0.03405511811023621827, 0.004921259842519684971 ) ) ;
#1000 = CARTESIAN_POINT ( 'NONE',  ( 0.06003937007874016185, 0.03287401574803149734, 0.000000000000000000 ) ) ;
#1001 = UNCERTAINTY_MEASURE_WITH_UNIT (LENGTH_MEASURE( 1.000000000000000082E-05 ), #2550, 'distance_accuracy_value', 'NONE');
#1002 = FILL_AREA_STYLE ('',( #2754 ) ) ;
#1003 = DIMENSIONAL_EXPONENTS ( 1.000000000000000000, 0.000000000000000000, 0.000000000000000000, 0.000000000000000000, 0.000000000000000000, 0.000000000000000000, 0.000000000000000000 ) ;
#1004 = CARTESIAN_POINT ( 'NONE',  ( -0.02175196850393701017, -0.008858267716535434683, 0.0007874015748031497038 ) ) ;
#1005 = STYLED_ITEM ( 'NONE', ( #822 ), #2750 ) ;
#1006 = CYLINDRICAL_SURFACE ( 'NONE', #2056, 0.006889763779527559827 ) ;
#1007 = FILL_AREA_STYLE ('',( #1891 ) ) ;
#1008 = CARTESIAN_POINT ( 'NONE',  ( -0.06003937007874015491, 0.03287401574803149734, 0.004921259842519684971 ) ) ;
#1009 = EDGE_LOOP ( 'NONE', ( #1157, #404, #309, #2569, #1246 ) ) ;
#1010 = EDGE_CURVE ( 'NONE', #120, #1504, #1089, .T. ) ;
#1011 = SURFACE_STYLE_USAGE ( .BOTH. , #1595 ) ;
#1012 =( LENGTH_UNIT ( ) NAMED_UNIT ( * ) SI_UNIT ( $, .METRE. ) );
#1013 =( CONVERSION_BASED_UNIT ( 'INCH', #124 ) LENGTH_UNIT ( ) NAMED_UNIT ( #2543 ) );
#1014 = EDGE_CURVE ( 'NONE', #2440, #2340, #1564, .T. ) ;
#1015 = CARTESIAN_POINT ( 'NONE',  ( 0.000000000000000000, 0.008858267716535434683, 0.0007874015748031497038 ) ) ;
#1016 = PRODUCT_DEFINITION ( 'UNKNOWN', '', #75, #302 ) ;
#1017 = AXIS2_PLACEMENT_3D ( 'NONE', #1722, #2622, #143 ) ;
#1018 = VERTEX_POINT ( 'NONE', #629 ) ;
#1019 = CIRCLE ( 'NONE', #36, 0.0007874015748031516554 ) ;
#1020 =( GEOMETRIC_REPRESENTATION_CONTEXT ( 3 ) GLOBAL_UNCERTAINTY_ASSIGNED_CONTEXT ( ( #796 ) ) GLOBAL_UNIT_ASSIGNED_CONTEXT ( ( #2089, #2324, #2642 ) ) REPRESENTATION_CONTEXT ( 'NONE', 'WORKASPACE' ) );
#1021 =( LENGTH_UNIT ( ) NAMED_UNIT ( * ) SI_UNIT ( $, .METRE. ) );
#1022 = LENGTH_MEASURE_WITH_UNIT ( LENGTH_MEASURE( 0.02539999999999999897 ), #1052 );
#1023 =( GEOMETRIC_REPRESENTATION_CONTEXT ( 3 ) GLOBAL_UNCERTAINTY_ASSIGNED_CONTEXT ( ( #1263 ) ) GLOBAL_UNIT_ASSIGNED_CONTEXT ( ( #310, #1623, #2731 ) ) REPRESENTATION_CONTEXT ( 'NONE', 'WORKASPACE' ) );
#1024 = DIRECTION ( 'NONE',  ( 0.000000000000000000, 0.000000000000000000, 1.000000000000000000 ) ) ;
#1025 = DIMENSIONAL_EXPONENTS ( 1.000000000000000000, 0.000000000000000000, 0.000000000000000000, 0.000000000000000000, 0.000000000000000000, 0.000000000000000000, 0.000000000000000000 ) ;
#1026 = PLANE ( 'NONE',  #17 ) ;
#1027 = ORIENTED_EDGE ( 'NONE', *, *, #1661, .F. ) ;
#1028 = ORIENTED_EDGE ( 'NONE', *, *, #1973, .T. ) ;
#1029 = CARTESIAN_POINT ( 'NONE',  ( 0.02175196850393701017, 0.008858267716535434683, 0.000000000000000000 ) ) ;
#1030 = PRESENTATION_LAYER_ASSIGNMENT (  '', '', ( #602 ) ) ;
#1031 =( NAMED_UNIT ( * ) SI_UNIT ( $, .STERADIAN. ) SOLID_ANGLE_UNIT ( ) );
#1032 = ORIENTED_EDGE ( 'NONE', *, *, #1605, .T. ) ;
#1033 = EDGE_CURVE ( 'NONE', #2340, #2631, #1524, .T. ) ;
#1034 = EDGE_CURVE ( 'NONE', #2519, #1446, #1330, .T. ) ;
#1035 = SURFACE_STYLE_USAGE ( .BOTH. , #367 ) ;
#1036 = UNCERTAINTY_MEASURE_WITH_UNIT (LENGTH_MEASURE( 1.000000000000000082E-05 ), #1013, 'distance_accuracy_value', 'NONE');
#1037 =( NAMED_UNIT ( * ) SI_UNIT ( $, .STERADIAN. ) SOLID_ANGLE_UNIT ( ) );
#1038 =( CONVERSION_BASED_UNIT ( 'INCH', #1874 ) LENGTH_UNIT ( ) NAMED_UNIT ( #1666 ) );
#1039 = SURFACE_STYLE_FILL_AREA ( #1007 ) ;
#1040 = ORIENTED_EDGE ( 'NONE', *, *, #811, .T. ) ;
#1041 = CARTESIAN_POINT ( 'NONE',  ( -0.05807086614173229133, -0.03484251968503937480, 0.004921259842519684971 ) ) ;
#1042 = ORIENTED_EDGE ( 'NONE', *, *, #1066, .T. ) ;
#1043 = SURFACE_STYLE_FILL_AREA ( #152 ) ;
#1044 = DIMENSIONAL_EXPONENTS ( 1.000000000000000000, 0.000000000000000000, 0.000000000000000000, 0.000000000000000000, 0.000000000000000000, 0.000000000000000000, 0.000000000000000000 ) ;
#1045 = LENGTH_MEASURE_WITH_UNIT ( LENGTH_MEASURE( 0.02539999999999999897 ), #1496 );
#1046 = CARTESIAN_POINT ( 'NONE',  ( 0.000000000000000000, 0.000000000000000000, 0.0007874015748031497038 ) ) ;
#1047 = ADVANCED_FACE ( 'NONE', ( #891 ), #527, .T. ) ;
#1048 =( LENGTH_UNIT ( ) NAMED_UNIT ( * ) SI_UNIT ( $, .METRE. ) );
#1049 =( LENGTH_UNIT ( ) NAMED_UNIT ( * ) SI_UNIT ( $, .METRE. ) );
#1050 = ORIENTED_EDGE ( 'NONE', *, *, #1545, .T. ) ;
#1051 = CARTESIAN_POINT ( 'NONE',  ( 0.000000000000000000, 0.01574803149606299191, 0.000000000000000000 ) ) ;
#1052 =( LENGTH_UNIT ( ) NAMED_UNIT ( * ) SI_UNIT ( $, .METRE. ) );
#1053 = DIRECTION ( 'NONE',  ( 0.000000000000000000, 0.000000000000000000, -1.000000000000000000 ) ) ;
#1054 = COLOUR_RGB ( '',0.8313725490196077761, 0.8313725490196077761, 0.8313725490196077761 ) ;
#1055 = DIRECTION ( 'NONE',  ( 0.000000000000000000, 0.000000000000000000, -1.000000000000000000 ) ) ;
#1056 = ORIENTED_EDGE ( 'NONE', *, *, #2411, .T. ) ;
#1057 = PRESENTATION_STYLE_ASSIGNMENT (( #2809 ) ) ;
#1058 = SURFACE_SIDE_STYLE ('',( #168 ) ) ;
#1059 = DIRECTION ( 'NONE',  ( -0.000000000000000000, -0.000000000000000000, -1.000000000000000000 ) ) ;
#1060 = AXIS2_PLACEMENT_3D ( 'NONE', #2587, #624, #2708 ) ;
#1061 = DIMENSIONAL_EXPONENTS ( 1.000000000000000000, 0.000000000000000000, 0.000000000000000000, 0.000000000000000000, 0.000000000000000000, 0.000000000000000000, 0.000000000000000000 ) ;
#1062 = CARTESIAN_POINT ( 'NONE',  ( 0.04734251968503937202, -0.02263779527559055260, 0.0007874015748031497038 ) ) ;
#1063 = CLOSED_SHELL ( 'NONE', ( #2287, #2355, #1047, #86, #2612, #815, #2728 ) ) ;
#1064 = CARTESIAN_POINT ( 'NONE',  ( 0.06003937007874015491, 0.03287401574803149734, 0.005382509006005432861 ) ) ;
#1065 =( NAMED_UNIT ( * ) PLANE_ANGLE_UNIT ( ) SI_UNIT ( $, .RADIAN. ) );
#1066 = EDGE_CURVE ( 'NONE', #1275, #23, #2405, .T. ) ;
#1067 = SURFACE_STYLE_FILL_AREA ( #347 ) ;
#1068 = AXIS2_PLACEMENT_3D ( 'NONE', #1682, #1024, #2815 ) ;
#1069 = MECHANICAL_DESIGN_GEOMETRIC_PRESENTATION_REPRESENTATION (  '', ( #456 ), #553 ) ;
#1070 = COLOUR_RGB ( '',0.2862745098039215508, 0.2862745098039215508, 0.2862745098039215508 ) ;
#1071 = LINE ( 'NONE', #2166, #2782 ) ;
#1072 = AXIS2_PLACEMENT_3D ( 'NONE', #8, #628, #873 ) ;
#1073 = ORIENTED_EDGE ( 'NONE', *, *, #2744, .F. ) ;
#1074 = LINE ( 'NONE', #2769, #2368 ) ;
#1075 = DIRECTION ( 'NONE',  ( -1.000000000000000000, 0.000000000000000000, 0.000000000000000000 ) ) ;
#1076 = CARTESIAN_POINT ( 'NONE',  ( 0.06003937007874016879, -0.03287401574803149734, 0.004921259842519684971 ) ) ;
#1077 =( NAMED_UNIT ( * ) PLANE_ANGLE_UNIT ( ) SI_UNIT ( $, .RADIAN. ) );
#1078 = CARTESIAN_POINT ( 'NONE',  ( 0.004921259842519684971, 0.01574803149606299191, 0.0007874015748031497038 ) ) ;
#1079 = LINE ( 'NONE', #1540, #1148 ) ;
#1080 = DIMENSIONAL_EXPONENTS ( 1.000000000000000000, 0.000000000000000000, 0.000000000000000000, 0.000000000000000000, 0.000000000000000000, 0.000000000000000000, 0.000000000000000000 ) ;
#1081 = VERTEX_POINT ( 'NONE', #2688 ) ;
#1082 = CARTESIAN_POINT ( 'NONE',  ( -0.06003937007874015491, 0.03287401574803149734, 0.0007874015748031497038 ) ) ;
#1083 = PLANE ( 'NONE',  #2831 ) ;
#1084 = CARTESIAN_POINT ( 'NONE',  ( 0.000000000000000000, 0.03484251968503937480, 0.0007874015748031497038 ) ) ;
#1085 = EDGE_CURVE ( 'NONE', #2628, #94, #832, .T. ) ;
#1086 = PRESENTATION_STYLE_ASSIGNMENT (( #438 ) ) ;
#1087 =( NAMED_UNIT ( * ) SI_UNIT ( $, .STERADIAN. ) SOLID_ANGLE_UNIT ( ) );
#1088 = ORIENTED_EDGE ( 'NONE', *, *, #2744, .T. ) ;
#1089 = LINE ( 'NONE', #1948, #136 ) ;
#1090 = CARTESIAN_POINT ( 'NONE',  ( -0.05925196850393700532, 0.01742125984251968740, 0.004921259842519684971 ) ) ;
#1091 = CARTESIAN_POINT ( 'NONE',  ( 0.05807086614173229827, -0.03405511811023621827, 0.005708661417322834566 ) ) ;
#1092 = AXIS2_PLACEMENT_3D ( 'NONE', #307, #1159, #1801 ) ;
#1093 = FACE_OUTER_BOUND ( 'NONE', #2541, .T. ) ;
#1094 = LINE ( 'NONE', #1084, #1704 ) ;
#1095 =( LENGTH_UNIT ( ) NAMED_UNIT ( * ) SI_UNIT ( $, .METRE. ) );
#1096 = CARTESIAN_POINT ( 'NONE',  ( 0.04734251968503937202, -0.01574803149606299191, 0.000000000000000000 ) ) ;
#1097 = EDGE_CURVE ( 'NONE', #2806, #2704, #498, .T. ) ;
#1098 = SURFACE_SIDE_STYLE ('',( #1957 ) ) ;
#1099 = CARTESIAN_POINT ( 'NONE',  ( 0.05971321766742276882, -0.03287401574803149734, 0.005708661417322844107 ) ) ;
#1100 = FACE_OUTER_BOUND ( 'NONE', #733, .T. ) ;
#1101 = FILL_AREA_STYLE ('',( #2425 ) ) ;
#1102 = DIRECTION ( 'NONE',  ( 1.000000000000000000, 0.000000000000000000, 0.000000000000000000 ) ) ;
#1103 = CLOSED_SHELL ( 'NONE', ( #2143, #1268, #2645, #2047, #2712, #1910, #298, #1422, #1484, #2579, #423, #1222, #2660, #1624, #2447, #1724, #661, #403 ) ) ;
#1104 = MECHANICAL_DESIGN_GEOMETRIC_PRESENTATION_REPRESENTATION (  '', ( #719 ), #2595 ) ;
#1105 = DIRECTION ( 'NONE',  ( 0.000000000000000000, -0.000000000000000000, -1.000000000000000000 ) ) ;
#1106 = CARTESIAN_POINT ( 'NONE',  ( 0.04734251968503937202, 0.02263779527559055260, 0.000000000000000000 ) ) ;
#1107 =( NAMED_UNIT ( * ) SI_UNIT ( $, .STERADIAN. ) SOLID_ANGLE_UNIT ( ) );
#1108 = COLOUR_RGB ( '',0.8313725490196077761, 0.8313725490196077761, 0.8313725490196077761 ) ;
#1109 = CARTESIAN_POINT ( 'NONE',  ( 0.05807086614173229133, 0.03287401574803149734, 0.004921259842519684971 ) ) ;
#1110 =( GEOMETRIC_REPRESENTATION_CONTEXT ( 3 ) GLOBAL_UNCERTAINTY_ASSIGNED_CONTEXT ( ( #1199 ) ) GLOBAL_UNIT_ASSIGNED_CONTEXT ( ( #2844, #2832, #1561 ) ) REPRESENTATION_CONTEXT ( 'NONE', 'WORKASPACE' ) );
#1111 = PRESENTATION_STYLE_ASSIGNMENT (( #1347 ) ) ;
#1112 =( NAMED_UNIT ( * ) PLANE_ANGLE_UNIT ( ) SI_UNIT ( $, .RADIAN. ) );
#1113 = STYLED_ITEM ( 'NONE', ( #1966 ), #1724 ) ;
#1114 = EDGE_CURVE ( 'NONE', #893, #2873, #512, .T. ) ;
#1115 = ADVANCED_FACE ( 'NONE', ( #2486 ), #2741, .T. ) ;
#1116 =( LENGTH_UNIT ( ) NAMED_UNIT ( * ) SI_UNIT ( $, .METRE. ) );
#1117 = SURFACE_STYLE_FILL_AREA ( #857 ) ;
#1118 = CIRCLE ( 'NONE', #843, 0.006889763779527559827 ) ;
#1119 = ORIENTED_EDGE ( 'NONE', *, *, #297, .T. ) ;
#1120 =( NAMED_UNIT ( * ) SI_UNIT ( $, .STERADIAN. ) SOLID_ANGLE_UNIT ( ) );
#1121 = DIRECTION ( 'NONE',  ( -1.000000000000000000, -0.000000000000000000, 0.000000000000000000 ) ) ;
#1122 =( LENGTH_UNIT ( ) NAMED_UNIT ( * ) SI_UNIT ( $, .METRE. ) );
#1123 = EDGE_LOOP ( 'NONE', ( #1149, #1858, #1437, #1382 ) ) ;
#1124 = SURFACE_STYLE_FILL_AREA ( #2665 ) ;
#1125 = DIRECTION ( 'NONE',  ( 0.000000000000000000, 0.000000000000000000, 1.000000000000000000 ) ) ;
#1126 = LINE ( 'NONE', #803, #2078 ) ;
#1127 = CARTESIAN_POINT ( 'NONE',  ( 0.05925196850393701226, 0.03287401574803149734, 0.005708661417322834566 ) ) ;
#1128 = ORIENTED_EDGE ( 'NONE', *, *, #2505, .T. ) ;
#1129 = CARTESIAN_POINT ( 'NONE',  ( 0.05807086614173229133, 0.03405511811023621827, 0.005708661417322834566 ) ) ;
#1130 = DIRECTION ( 'NONE',  ( -1.000000000000000000, -0.000000000000000000, 0.000000000000000000 ) ) ;
#1131 =( LENGTH_UNIT ( ) NAMED_UNIT ( * ) SI_UNIT ( $, .METRE. ) );
#1132 = EDGE_CURVE ( 'NONE', #1229, #120, #1678, .T. ) ;
#1133 = SURFACE_STYLE_USAGE ( .BOTH. , #2399 ) ;
#1134 = CARTESIAN_POINT ( 'NONE',  ( -0.02506417207020610050, -0.2009866715216259980, 0.000000000000000000 ) ) ;
#1135 = CIRCLE ( 'NONE', #211, 0.006889763779527559827 ) ;
#1136 = DIRECTION ( 'NONE',  ( 0.000000000000000000, 0.000000000000000000, 1.000000000000000000 ) ) ;
#1137 = CARTESIAN_POINT ( 'NONE',  ( -0.02175196850393701017, -0.008858267716535434683, 0.000000000000000000 ) ) ;
#1138 = AXIS2_PLACEMENT_3D ( 'NONE', #19, #1841, #1408 ) ;
#1139 = SURFACE_STYLE_FILL_AREA ( #1806 ) ;
#1140 =( LENGTH_UNIT ( ) NAMED_UNIT ( * ) SI_UNIT ( $, .METRE. ) );
#1141 = ORIENTED_EDGE ( 'NONE', *, *, #79, .F. ) ;
#1142 = DIRECTION ( 'NONE',  ( 0.000000000000000000, 0.000000000000000000, 1.000000000000000000 ) ) ;
#1143 = EDGE_LOOP ( 'NONE', ( #1467, #776, #425, #645 ) ) ;
#1144 = PRESENTATION_STYLE_ASSIGNMENT (( #1803 ) ) ;
#1145 = EDGE_CURVE ( 'NONE', #525, #1162, #2789, .T. ) ;
#1146 =( GEOMETRIC_REPRESENTATION_CONTEXT ( 3 ) GLOBAL_UNCERTAINTY_ASSIGNED_CONTEXT ( ( #1315 ) ) GLOBAL_UNIT_ASSIGNED_CONTEXT ( ( #2716, #2251, #1170 ) ) REPRESENTATION_CONTEXT ( 'NONE', 'WORKASPACE' ) );
#1147 = DIRECTION ( 'NONE',  ( -1.000000000000000000, 0.000000000000000000, 0.000000000000000000 ) ) ;
#1148 = VECTOR ( 'NONE', #1769, 39.37007874015748143 ) ;
#1149 = ORIENTED_EDGE ( 'NONE', *, *, #394, .F. ) ;
#1150 = SURFACE_STYLE_FILL_AREA ( #735 ) ;
#1151 =( GEOMETRIC_REPRESENTATION_CONTEXT ( 3 ) GLOBAL_UNCERTAINTY_ASSIGNED_CONTEXT ( ( #824 ) ) GLOBAL_UNIT_ASSIGNED_CONTEXT ( ( #14, #906, #1989 ) ) REPRESENTATION_CONTEXT ( 'NONE', 'WORKASPACE' ) );
#1152 = CONTEXT_DEPENDENT_SHAPE_REPRESENTATION ( #2582, #1631 ) ;
#1153 = VECTOR ( 'NONE', #1652, 39.37007874015748143 ) ;
#1154 =( GEOMETRIC_REPRESENTATION_CONTEXT ( 3 ) GLOBAL_UNCERTAINTY_ASSIGNED_CONTEXT ( ( #2740 ) ) GLOBAL_UNIT_ASSIGNED_CONTEXT ( ( #2186, #2603, #1942 ) ) REPRESENTATION_CONTEXT ( 'NONE', 'WORKASPACE' ) );
#1155 = LENGTH_MEASURE_WITH_UNIT ( LENGTH_MEASURE( 0.02539999999999999897 ), #1363 );
#1156 = CARTESIAN_POINT ( 'NONE',  ( 0.000000000000000000, -0.03484251968503937480, 0.0007874015748031497038 ) ) ;
#1157 = ORIENTED_EDGE ( 'NONE', *, *, #1303, .F. ) ;
#1158 = AXIS2_PLACEMENT_3D ( 'NONE', #450, #692, #1136 ) ;
#1159 = DIRECTION ( 'NONE',  ( 0.000000000000000000, 0.000000000000000000, 1.000000000000000000 ) ) ;
#1160 = PRESENTATION_LAYER_ASSIGNMENT (  '', '', ( #285 ) ) ;
#1161 = SURFACE_STYLE_USAGE ( .BOTH. , #1860 ) ;
#1162 = VERTEX_POINT ( 'NONE', #1705 ) ;
#1163 = CARTESIAN_POINT ( 'NONE',  ( -0.02873375332697724466, -0.2009866715216259980, 0.000000000000000000 ) ) ;
#1164 = ADVANCED_FACE ( 'NONE', ( #575 ), #1690, .F. ) ;
#1165 = PRESENTATION_STYLE_ASSIGNMENT (( #288 ) ) ;
#1166 = UNCERTAINTY_MEASURE_WITH_UNIT (LENGTH_MEASURE( 1.000000000000000082E-05 ), #382, 'distance_accuracy_value', 'NONE');
#1167 = ORIENTED_EDGE ( 'NONE', *, *, #1605, .F. ) ;
#1168 = SURFACE_STYLE_FILL_AREA ( #1353 ) ;
#1169 = DIRECTION ( 'NONE',  ( -0.000000000000000000, -0.000000000000000000, -1.000000000000000000 ) ) ;
#1170 =( NAMED_UNIT ( * ) SI_UNIT ( $, .STERADIAN. ) SOLID_ANGLE_UNIT ( ) );
#1171 =( NAMED_UNIT ( * ) PLANE_ANGLE_UNIT ( ) SI_UNIT ( $, .RADIAN. ) );
#1172 = VERTEX_POINT ( 'NONE', #2104 ) ;
#1173 = ORIENTED_EDGE ( 'NONE', *, *, #1676, .T. ) ;
#1174 = DIRECTION ( 'NONE',  ( -1.000000000000000000, -6.123233995736766036E-17, -0.000000000000000000 ) ) ;
#1175 = FILL_AREA_STYLE ('',( #751 ) ) ;
#1176 =( GEOMETRIC_REPRESENTATION_CONTEXT ( 3 ) GLOBAL_UNCERTAINTY_ASSIGNED_CONTEXT ( ( #2333 ) ) GLOBAL_UNIT_ASSIGNED_CONTEXT ( ( #1767, #1077, #1715 ) ) REPRESENTATION_CONTEXT ( 'NONE', 'WORKASPACE' ) );
#1177 = EDGE_CURVE ( 'NONE', #964, #1968, #1419, .T. ) ;
#1178 =( NAMED_UNIT ( * ) PLANE_ANGLE_UNIT ( ) SI_UNIT ( $, .RADIAN. ) );
#1179 =( GEOMETRIC_REPRESENTATION_CONTEXT ( 3 ) GLOBAL_UNCERTAINTY_ASSIGNED_CONTEXT ( ( #2063 ) ) GLOBAL_UNIT_ASSIGNED_CONTEXT ( ( #594, #608, #2619 ) ) REPRESENTATION_CONTEXT ( 'NONE', 'WORKASPACE' ) );
#1180 = ORIENTED_EDGE ( 'NONE', *, *, #811, .F. ) ;
#1181 = DIRECTION ( 'NONE',  ( 0.000000000000000000, 0.000000000000000000, 1.000000000000000000 ) ) ;
#1182 = DIRECTION ( 'NONE',  ( 0.000000000000000000, 0.000000000000000000, -1.000000000000000000 ) ) ;
#1183 = CARTESIAN_POINT ( 'NONE',  ( -0.05876273988696090189, 0.03405511811023620439, 0.005708661417322834566 ) ) ;
#1184 = DIMENSIONAL_EXPONENTS ( 1.000000000000000000, 0.000000000000000000, 0.000000000000000000, 0.000000000000000000, 0.000000000000000000, 0.000000000000000000, 0.000000000000000000 ) ;
#1185 =( NAMED_UNIT ( * ) PLANE_ANGLE_UNIT ( ) SI_UNIT ( $, .RADIAN. ) );
#1186 = PRODUCT_DEFINITION_SHAPE ( 'NONE', 'NONE',  #1016 ) ;
#1187 = DIRECTION ( 'NONE',  ( -0.000000000000000000, -0.000000000000000000, -1.000000000000000000 ) ) ;
#1188 =( LENGTH_UNIT ( ) NAMED_UNIT ( * ) SI_UNIT ( $, .METRE. ) );
#1189 = CARTESIAN_POINT ( 'NONE',  ( 0.05807086614173229133, 0.03287401574803149734, 0.0007874015748031497038 ) ) ;
#1190 = FILL_AREA_STYLE ('',( #2554 ) ) ;
#1191 = ORIENTED_EDGE ( 'NONE', *, *, #956, .F. ) ;
#1192 = SURFACE_STYLE_USAGE ( .BOTH. , #1614 ) ;
#1193 = PRESENTATION_LAYER_ASSIGNMENT (  '', '', ( #826 ) ) ;
#1194 = MECHANICAL_DESIGN_GEOMETRIC_PRESENTATION_REPRESENTATION (  '', ( #2453 ), #80 ) ;
#1195 = AXIS2_PLACEMENT_3D ( 'NONE', #589, #2132, #147 ) ;
#1196 = DIRECTION ( 'NONE',  ( 0.000000000000000000, 0.000000000000000000, -1.000000000000000000 ) ) ;
#1197 =( GEOMETRIC_REPRESENTATION_CONTEXT ( 3 ) GLOBAL_UNCERTAINTY_ASSIGNED_CONTEXT ( ( #1001 ) ) GLOBAL_UNIT_ASSIGNED_CONTEXT ( ( #2550, #1434, #2677 ) ) REPRESENTATION_CONTEXT ( 'NONE', 'WORKASPACE' ) );
#1198 = FILL_AREA_STYLE ('',( #2767 ) ) ;
#1199 = UNCERTAINTY_MEASURE_WITH_UNIT (LENGTH_MEASURE( 1.000000000000000082E-05 ), #2844, 'distance_accuracy_value', 'NONE');
#1200 =( NAMED_UNIT ( * ) PLANE_ANGLE_UNIT ( ) SI_UNIT ( $, .RADIAN. ) );
#1201 = DIRECTION ( 'NONE',  ( 0.000000000000000000, 1.000000000000000000, 0.000000000000000000 ) ) ;
#1202 = VECTOR ( 'NONE', #1811, 39.37007874015748143 ) ;
#1203 = STYLED_ITEM ( 'NONE', ( #104 ), #852 ) ;
#1204 = EDGE_CURVE ( 'NONE', #1420, #261, #1256, .T. ) ;
#1205 = PRODUCT_DEFINITION_SHAPE ( 'NONE', 'NONE',  #1444 ) ;
#1206 = CYLINDRICAL_SURFACE ( 'NONE', #1362, 0.006889763779527559827 ) ;
#1207 = DIMENSIONAL_EXPONENTS ( 1.000000000000000000, 0.000000000000000000, 0.000000000000000000, 0.000000000000000000, 0.000000000000000000, 0.000000000000000000, 0.000000000000000000 ) ;
#1208 = VERTEX_POINT ( 'NONE', #1004 ) ;
#1209 = CARTESIAN_POINT ( 'NONE',  ( -0.05807086614173229133, 0.03405511811023621827, 0.004921259842519684971 ) ) ;
#1210 =( NAMED_UNIT ( * ) SI_UNIT ( $, .STERADIAN. ) SOLID_ANGLE_UNIT ( ) );
#1211 = APPLICATION_PROTOCOL_DEFINITION ( 'draft international standard', 'automotive_design', 1998, #768 ) ;
#1212 = ORIENTED_EDGE ( 'NONE', *, *, #1145, .F. ) ;
#1213 =( LENGTH_UNIT ( ) NAMED_UNIT ( * ) SI_UNIT ( $, .METRE. ) );
#1214 = FACE_OUTER_BOUND ( 'NONE', #2707, .T. ) ;
#1215 = FILL_AREA_STYLE ('',( #576 ) ) ;
#1216 = EDGE_LOOP ( 'NONE', ( #1433, #345, #1042, #216 ) ) ;
#1217 = SURFACE_SIDE_STYLE ('',( #1039 ) ) ;
#1218 = ORIENTED_EDGE ( 'NONE', *, *, #2361, .T. ) ;
#1219 =( LENGTH_UNIT ( ) NAMED_UNIT ( * ) SI_UNIT ( $, .METRE. ) );
#1220 = DIRECTION ( 'NONE',  ( 0.000000000000000000, -0.000000000000000000, 1.000000000000000000 ) ) ;
#1221 = DIMENSIONAL_EXPONENTS ( 1.000000000000000000, 0.000000000000000000, 0.000000000000000000, 0.000000000000000000, 0.000000000000000000, 0.000000000000000000, 0.000000000000000000 ) ;
#1222 = ADVANCED_FACE ( 'NONE', ( #353 ), #1955, .T. ) ;
#1223 = PRODUCT_DEFINITION ( 'UNKNOWN', '', #1370, #2280 ) ;
#1224 = ORIENTED_EDGE ( 'NONE', *, *, #5, .T. ) ;
#1225 = DIRECTION ( 'NONE',  ( -1.000000000000000000, 0.000000000000000000, -0.000000000000000000 ) ) ;
#1226 =( NAMED_UNIT ( * ) PLANE_ANGLE_UNIT ( ) SI_UNIT ( $, .RADIAN. ) );
#1227 = COLOUR_RGB ( '',0.8313725490196077761, 0.8313725490196077761, 0.8313725490196077761 ) ;
#1228 = UNCERTAINTY_MEASURE_WITH_UNIT (LENGTH_MEASURE( 1.000000000000000082E-05 ), #957, 'distance_accuracy_value', 'NONE');
#1229 = VERTEX_POINT ( 'NONE', #1062 ) ;
#1230 = CARTESIAN_POINT ( 'NONE',  ( 0.06003937007874016879, 0.03402713865674586446, 0.005382509006005433728 ) ) ;
#1231 = SURFACE_SIDE_STYLE ('',( #591 ) ) ;
#1232 = AXIS2_PLACEMENT_3D ( 'NONE', #208, #2477, #2017 ) ;
#1233 = ORIENTED_EDGE ( 'NONE', *, *, #1996, .T. ) ;
#1234 = ADVANCED_FACE ( 'NONE', ( #2629 ), #845, .T. ) ;
#1235 = DIMENSIONAL_EXPONENTS ( 1.000000000000000000, 0.000000000000000000, 0.000000000000000000, 0.000000000000000000, 0.000000000000000000, 0.000000000000000000, 0.000000000000000000 ) ;
#1236 = ORIENTED_EDGE ( 'NONE', *, *, #710, .F. ) ;
#1237 = CIRCLE ( 'NONE', #2678, 0.006889763779527559827 ) ;
#1238 = PRESENTATION_STYLE_ASSIGNMENT (( #2344 ) ) ;
#1239 = STYLED_ITEM ( 'NONE', ( #1111 ), #1910 ) ;
#1240 = CIRCLE ( 'NONE', #2217, 0.006889763779527559827 ) ;
#1241 = ORIENTED_EDGE ( 'NONE', *, *, #2784, .F. ) ;
#1242 =( LENGTH_UNIT ( ) NAMED_UNIT ( * ) SI_UNIT ( $, .METRE. ) );
#1243 = PRESENTATION_LAYER_ASSIGNMENT (  '', '', ( #88 ) ) ;
#1244 = FILL_AREA_STYLE_COLOUR ( '', #1770 ) ;
#1245 =( GEOMETRIC_REPRESENTATION_CONTEXT ( 3 ) GLOBAL_UNCERTAINTY_ASSIGNED_CONTEXT ( ( #2513 ) ) GLOBAL_UNIT_ASSIGNED_CONTEXT ( ( #414, #200, #224 ) ) REPRESENTATION_CONTEXT ( 'NONE', 'WORKASPACE' ) );
#1246 = ORIENTED_EDGE ( 'NONE', *, *, #59, .F. ) ;
#1247 = PRESENTATION_LAYER_ASSIGNMENT (  '', '', ( #1787 ) ) ;
#1248 = COLOUR_RGB ( '',0.8313725490196077761, 0.8313725490196077761, 0.8313725490196077761 ) ;
#1249 = ORIENTED_EDGE ( 'NONE', *, *, #1177, .T. ) ;
#1250 = CARTESIAN_POINT ( 'NONE',  ( 0.004921259842519684971, -0.01574803149606299191, 0.000000000000000000 ) ) ;
#1251 = CIRCLE ( 'NONE', #1435, 0.004921259842519684971 ) ;
#1252 = EDGE_CURVE ( 'NONE', #2686, #478, #1280, .T. ) ;
#1253 = SURFACE_STYLE_FILL_AREA ( #561 ) ;
#1254 = UNCERTAINTY_MEASURE_WITH_UNIT (LENGTH_MEASURE( 1.000000000000000082E-05 ), #912, 'distance_accuracy_value', 'NONE');
#1255 = DIMENSIONAL_EXPONENTS ( 1.000000000000000000, 0.000000000000000000, 0.000000000000000000, 0.000000000000000000, 0.000000000000000000, 0.000000000000000000, 0.000000000000000000 ) ;
#1256 = LINE ( 'NONE', #2564, #2681 ) ;
#1257 = CARTESIAN_POINT ( 'NONE',  ( 0.05922398905044666539, 0.03484251968503936786, 0.005382509006005433728 ) ) ;
#1258 = ORIENTED_EDGE ( 'NONE', *, *, #26, .F. ) ;
#1259 = DIRECTION ( 'NONE',  ( -1.000000000000000000, 0.000000000000000000, 0.000000000000000000 ) ) ;
#1260 = FILL_AREA_STYLE ('',( #1447 ) ) ;
#1261 = DIRECTION ( 'NONE',  ( -0.000000000000000000, 0.000000000000000000, 1.000000000000000000 ) ) ;
#1262 = FILL_AREA_STYLE ('',( #2373 ) ) ;
#1263 = UNCERTAINTY_MEASURE_WITH_UNIT (LENGTH_MEASURE( 1.000000000000000082E-05 ), #310, 'distance_accuracy_value', 'NONE');
#1264 = LINE ( 'NONE', #1029, #332 ) ;
#1265 = UNCERTAINTY_MEASURE_WITH_UNIT (LENGTH_MEASURE( 1.000000000000000082E-05 ), #2756, 'distance_accuracy_value', 'NONE');
#1266 =( CONVERSION_BASED_UNIT ( 'INCH', #1045 ) LENGTH_UNIT ( ) NAMED_UNIT ( #1044 ) );
#1267 = CARTESIAN_POINT ( 'NONE',  ( -0.02506417207020610050, -0.2009866715216259980, 0.000000000000000000 ) ) ;
#1268 = ADVANCED_FACE ( 'NONE', ( #2158 ), #426, .T. ) ;
#1269 = PRESENTATION_STYLE_ASSIGNMENT (( #2347 ) ) ;
#1270 = DIRECTION ( 'NONE',  ( 1.000000000000000000, 0.000000000000000000, 0.000000000000000000 ) ) ;
#1271 = SURFACE_SIDE_STYLE ('',( #163 ) ) ;
#1272 = CARTESIAN_POINT ( 'NONE',  ( -0.05903293339129762896, -0.03451636727372197483, 0.005708661417322834566 ) ) ;
#1273 = DIMENSIONAL_EXPONENTS ( 1.000000000000000000, 0.000000000000000000, 0.000000000000000000, 0.000000000000000000, 0.000000000000000000, 0.000000000000000000, 0.000000000000000000 ) ;
#1274 = CARTESIAN_POINT ( 'NONE',  ( -0.004921259842519684971, 0.01574803149606299191, 0.0007874015748031497038 ) ) ;
#1275 = VERTEX_POINT ( 'NONE', #1127 ) ;
#1276 =( GEOMETRIC_REPRESENTATION_CONTEXT ( 3 ) GLOBAL_UNCERTAINTY_ASSIGNED_CONTEXT ( ( #2710 ) ) GLOBAL_UNIT_ASSIGNED_CONTEXT ( ( #2003, #2226, #447 ) ) REPRESENTATION_CONTEXT ( 'NONE', 'WORKASPACE' ) );
#1277 =( CONVERSION_BASED_UNIT ( 'INCH', #583 ) LENGTH_UNIT ( ) NAMED_UNIT ( #1516 ) );
#1278 = SURFACE_STYLE_USAGE ( .BOTH. , #2573 ) ;
#1279 = SURFACE_STYLE_USAGE ( .BOTH. , #1058 ) ;
#1280 = LINE ( 'NONE', #869, #1525 ) ;
#1281 = LENGTH_MEASURE_WITH_UNIT ( LENGTH_MEASURE( 0.02539999999999999897 ), #2188 );
#1282 = VECTOR ( 'NONE', #2713, 39.37007874015748143 ) ;
#1283 = ORIENTED_EDGE ( 'NONE', *, *, #2451, .T. ) ;
#1284 = CARTESIAN_POINT ( 'NONE',  ( -0.02506417207020610050, -0.2009866715216259980, 0.000000000000000000 ) ) ;
#1285 = PRESENTATION_LAYER_ASSIGNMENT (  '', '', ( #2553 ) ) ;
#1286 = MECHANICAL_DESIGN_GEOMETRIC_PRESENTATION_REPRESENTATION (  '', ( #325 ), #2685 ) ;
#1287 = FILL_AREA_STYLE ('',( #234 ) ) ;
#1288 =( GEOMETRIC_REPRESENTATION_CONTEXT ( 3 ) GLOBAL_UNCERTAINTY_ASSIGNED_CONTEXT ( ( #156 ) ) GLOBAL_UNIT_ASSIGNED_CONTEXT ( ( #2241, #991, #2667 ) ) REPRESENTATION_CONTEXT ( 'NONE', 'WORKASPACE' ) );
#1289 =( NAMED_UNIT ( * ) PLANE_ANGLE_UNIT ( ) SI_UNIT ( $, .RADIAN. ) );
#1290 = UNCERTAINTY_MEASURE_WITH_UNIT (LENGTH_MEASURE( 1.000000000000000082E-05 ), #236, 'distance_accuracy_value', 'NONE');
#1291 = DIMENSIONAL_EXPONENTS ( 1.000000000000000000, 0.000000000000000000, 0.000000000000000000, 0.000000000000000000, 0.000000000000000000, 0.000000000000000000, 0.000000000000000000 ) ;
#1292 = CIRCLE ( 'NONE', #2034, 0.001968503937007870519 ) ;
#1293 = LENGTH_MEASURE_WITH_UNIT ( LENGTH_MEASURE( 0.02539999999999999897 ), #545 );
#1294 = CARTESIAN_POINT ( 'NONE',  ( -0.02175196850393701017, -0.02263779527559055260, 0.0007874015748031497038 ) ) ;
#1295 = CARTESIAN_POINT ( 'NONE',  ( 0.05903293339129762896, -0.03451636727372196789, 0.005708661417322844107 ) ) ;
#1296 = DIRECTION ( 'NONE',  ( 1.000000000000000000, 0.000000000000000000, 0.000000000000000000 ) ) ;
#1297 = CARTESIAN_POINT ( 'NONE',  ( -0.05807086614173229133, 0.03484251968503937480, 0.0007874015748031497038 ) ) ;
#1298 = SURFACE_STYLE_USAGE ( .BOTH. , #899 ) ;
#1299 = CARTESIAN_POINT ( 'NONE',  ( 0.04734251968503937202, -0.008858267716535434683, 0.000000000000000000 ) ) ;
#1300 = EDGE_CURVE ( 'NONE', #964, #1677, #243, .T. ) ;
#1301 = CARTESIAN_POINT ( 'NONE',  ( 0.02175196850393701017, -0.02263779527559055260, 0.000000000000000000 ) ) ;
#1302 = LINE ( 'NONE', #2464, #2594 ) ;
#1303 = EDGE_CURVE ( 'NONE', #1968, #2873, #18, .T. ) ;
#1304 = LENGTH_MEASURE_WITH_UNIT ( LENGTH_MEASURE( 0.02539999999999999897 ), #1122 );
#1305 = CARTESIAN_POINT ( 'NONE',  ( -0.05807086614173229133, -0.03287401574803149734, 0.000000000000000000 ) ) ;
#1306 = DIRECTION ( 'NONE',  ( 0.000000000000000000, 0.000000000000000000, 1.000000000000000000 ) ) ;
#1307 =( NAMED_UNIT ( * ) PLANE_ANGLE_UNIT ( ) SI_UNIT ( $, .RADIAN. ) );
#1308 = SURFACE_STYLE_FILL_AREA ( #171 ) ;
#1309 =( CONVERSION_BASED_UNIT ( 'INCH', #2214 ) LENGTH_UNIT ( ) NAMED_UNIT ( #1937 ) );
#1310 = DIRECTION ( 'NONE',  ( 0.000000000000000000, 0.000000000000000000, -1.000000000000000000 ) ) ;
#1311 = CARTESIAN_POINT ( 'NONE',  ( 0.05807086614173229827, -0.03405511811023622520, 0.004921259842519684971 ) ) ;
#1312 = PRESENTATION_LAYER_ASSIGNMENT (  '', '', ( #667 ) ) ;
#1313 = CARTESIAN_POINT ( 'NONE',  ( 0.06003937007874015491, -0.03287401574803149734, 0.004921259842519684971 ) ) ;
#1314 = STYLED_ITEM ( 'NONE', ( #1830 ), #2563 ) ;
#1315 = UNCERTAINTY_MEASURE_WITH_UNIT (LENGTH_MEASURE( 1.000000000000000082E-05 ), #2716, 'distance_accuracy_value', 'NONE');
#1316 = AXIS2_PLACEMENT_3D ( 'NONE', #1586, #1796, #1823 ) ;
#1317 = ADVANCED_FACE ( 'NONE', ( #2481 ), #679, .T. ) ;
#1318 = CARTESIAN_POINT ( 'NONE',  ( -0.05925196850393701919, -0.03356588949326012872, 0.005708661417322834566 ) ) ;
#1319 = DIRECTION ( 'NONE',  ( -1.000000000000000000, 0.000000000000000000, 0.000000000000000000 ) ) ;
#1320 = PRESENTATION_LAYER_ASSIGNMENT (  '', '', ( #2060 ) ) ;
#1321 = SURFACE_STYLE_USAGE ( .BOTH. , #1927 ) ;
#1322 = AXIS2_PLACEMENT_3D ( 'NONE', #2144, #1663, #2786 ) ;
#1323 = ORIENTED_EDGE ( 'NONE', *, *, #2448, .F. ) ;
#1324 = LINE ( 'NONE', #428, #1566 ) ;
#1325 = AXIS2_PLACEMENT_3D ( 'NONE', #2239, #431, #862 ) ;
#1326 = MECHANICAL_DESIGN_GEOMETRIC_PRESENTATION_REPRESENTATION (  '', ( #1529 ), #92 ) ;
#1327 = CARTESIAN_POINT ( 'NONE',  ( 0.06003937007874015491, -0.03287401574803149734, 0.000000000000000000 ) ) ;
#1328 = AXIS2_PLACEMENT_3D ( 'NONE', #988, #1857, #1461 ) ;
#1329 = CARTESIAN_POINT ( 'NONE',  ( 0.06003937007874016879, 0.03287401574803149734, 0.004921259842519684971 ) ) ;
#1330 = CIRCLE ( 'NONE', #1520, 0.001968503937007870519 ) ;
#1331 = DIRECTION ( 'NONE',  ( 0.000000000000000000, 0.000000000000000000, -1.000000000000000000 ) ) ;
#1332 = MECHANICAL_DESIGN_GEOMETRIC_PRESENTATION_REPRESENTATION (  '', ( #88 ), #2079 ) ;
#1333 = VERTEX_POINT ( 'NONE', #1779 ) ;
#1334 = MECHANICAL_DESIGN_GEOMETRIC_PRESENTATION_REPRESENTATION (  '', ( #230 ), #786 ) ;
#1335 = CARTESIAN_POINT ( 'NONE',  ( 0.01486220472440944948, -0.01574803149606299191, 0.0007874015748031497038 ) ) ;
#1336 = MECHANICAL_DESIGN_GEOMETRIC_PRESENTATION_REPRESENTATION (  '', ( #599 ), #2181 ) ;
#1337 = EDGE_CURVE ( 'NONE', #2806, #54, #2730, .T. ) ;
#1338 = CARTESIAN_POINT ( 'NONE',  ( 0.04734251968503937202, 0.01574803149606299191, 0.000000000000000000 ) ) ;
#1339 = ADVANCED_FACE ( 'NONE', ( #472 ), #926, .F. ) ;
#1340 = CIRCLE ( 'NONE', #1482, 0.001968503937007870519 ) ;
#1341 = FILL_AREA_STYLE_COLOUR ( '', #529 ) ;
#1342 = EDGE_LOOP ( 'NONE', ( #458, #2394, #919, #2309, #29, #2471, #1488, #2802 ) ) ;
#1343 = CARTESIAN_POINT ( 'NONE',  ( 0.05807086614173229133, 0.03405511811023621827, 0.005708661417322834566 ) ) ;
#1344 = CARTESIAN_POINT ( 'NONE',  ( -0.02506417207020610050, -0.2009866715216259980, 7.874015748031495683E-05 ) ) ;
#1345 = CARTESIAN_POINT ( 'NONE',  ( -0.06003937007874016879, 0.03287401574803149734, 0.004921259842519684971 ) ) ;
#1346 = ORIENTED_EDGE ( 'NONE', *, *, #2522, .F. ) ;
#1347 = SURFACE_STYLE_USAGE ( .BOTH. , #2207 ) ;
#1348 = SURFACE_STYLE_USAGE ( .BOTH. , #2466 ) ;
#1349 = SURFACE_SIDE_STYLE ('',( #2036 ) ) ;
#1350 = ADVANCED_FACE ( 'NONE', ( #807 ), #2524, .T. ) ;
#1351 = ORIENTED_EDGE ( 'NONE', *, *, #2676, .T. ) ;
#1352 = SURFACE_STYLE_FILL_AREA ( #1781 ) ;
#1353 = FILL_AREA_STYLE ('',( #2011 ) ) ;
#1354 = DIRECTION ( 'NONE',  ( 1.000000000000000000, 0.000000000000000000, 0.000000000000000000 ) ) ;
#1355 = LENGTH_MEASURE_WITH_UNIT ( LENGTH_MEASURE( 0.02539999999999999897 ), #1622 );
#1356 = SURFACE_STYLE_FILL_AREA ( #476 ) ;
#1357 = ORIENTED_EDGE ( 'NONE', *, *, #1864, .T. ) ;
#1358 = CIRCLE ( 'NONE', #2487, 0.003669581256771143728 ) ;
#1359 = CARTESIAN_POINT ( 'NONE',  ( -0.05807086614173229133, 0.03484251968503937480, 0.000000000000000000 ) ) ;
#1360 = FILL_AREA_STYLE_COLOUR ( '', #1990 ) ;
#1361 = PRESENTATION_LAYER_ASSIGNMENT (  '', '', ( #214 ) ) ;
#1362 = AXIS2_PLACEMENT_3D ( 'NONE', #1846, #2507, #939 ) ;
#1363 =( LENGTH_UNIT ( ) NAMED_UNIT ( * ) SI_UNIT ( $, .METRE. ) );
#1364 = FILL_AREA_STYLE ('',( #2021 ) ) ;
#1365 = PRODUCT_DEFINITION_CONTEXT ( 'detailed design', #2668, 'design' ) ;
#1366 = EDGE_LOOP ( 'NONE', ( #903, #1470, #813, #1780 ) ) ;
#1367 = FACE_OUTER_BOUND ( 'NONE', #1768, .T. ) ;
#1368 = ORIENTED_EDGE ( 'NONE', *, *, #2326, .T. ) ;
#1369 = CARTESIAN_POINT ( 'NONE',  ( 0.05807086614173229133, -0.03484251968503937480, 0.004921259842519684971 ) ) ;
#1370 = PRODUCT_DEFINITION_FORMATION_WITH_SPECIFIED_SOURCE ( 'ANY', '', #338, .NOT_KNOWN. ) ;
#1371 =( NAMED_UNIT ( * ) SI_UNIT ( $, .STERADIAN. ) SOLID_ANGLE_UNIT ( ) );
#1372 = EDGE_CURVE ( 'NONE', #396, #2353, #2460, .T. ) ;
#1373 =( LENGTH_UNIT ( ) NAMED_UNIT ( * ) SI_UNIT ( $, .METRE. ) );
#1374 = COLOUR_RGB ( '',0.2862745098039215508, 0.2862745098039215508, 0.2862745098039215508 ) ;
#1375 = COLOUR_RGB ( '',0.8313725490196077761, 0.8313725490196077761, 0.8313725490196077761 ) ;
#1376 = SURFACE_SIDE_STYLE ('',( #1150 ) ) ;
#1377 = VECTOR ( 'NONE', #2749, 39.37007874015748143 ) ;
#1378 = MECHANICAL_DESIGN_GEOMETRIC_PRESENTATION_REPRESENTATION (  '', ( #634 ), #971 ) ;
#1379 = LENGTH_MEASURE_WITH_UNIT ( LENGTH_MEASURE( 0.02539999999999999897 ), #1391 );
#1380 = MECHANICAL_DESIGN_GEOMETRIC_PRESENTATION_REPRESENTATION (  '', ( #2506 ), #1245 ) ;
#1381 =( GEOMETRIC_REPRESENTATION_CONTEXT ( 3 ) GLOBAL_UNCERTAINTY_ASSIGNED_CONTEXT ( ( #197 ) ) GLOBAL_UNIT_ASSIGNED_CONTEXT ( ( #405, #1551, #1120 ) ) REPRESENTATION_CONTEXT ( 'NONE', 'WORKASPACE' ) );
#1382 = ORIENTED_EDGE ( 'NONE', *, *, #1626, .F. ) ;
#1383 = AXIS2_PLACEMENT_3D ( 'NONE', #485, #63, #1181 ) ;
#1384 = CARTESIAN_POINT ( 'NONE',  ( -0.05807086614173229133, 0.03287401574803149734, 0.0007874015748031497038 ) ) ;
#1385 =( CONVERSION_BASED_UNIT ( 'INCH', #698 ) LENGTH_UNIT ( ) NAMED_UNIT ( #2389 ) );
#1386 = CARTESIAN_POINT ( 'NONE',  ( 0.05423228346456693272, 0.01574803149606299191, 0.000000000000000000 ) ) ;
#1387 = SURFACE_STYLE_FILL_AREA ( #503 ) ;
#1388 = CARTESIAN_POINT ( 'NONE',  ( 0.05807086614173229827, -0.03405511811023621827, 0.005708661417322834566 ) ) ;
#1389 = EDGE_CURVE ( 'NONE', #38, #56, #1926, .T. ) ;
#1390 = CARTESIAN_POINT ( 'NONE',  ( 0.000000000000000000, 0.000000000000000000, 0.0007874015748031497038 ) ) ;
#1391 =( LENGTH_UNIT ( ) NAMED_UNIT ( * ) SI_UNIT ( $, .METRE. ) );
#1392 = UNCERTAINTY_MEASURE_WITH_UNIT (LENGTH_MEASURE( 1.000000000000000082E-05 ), #2518, 'distance_accuracy_value', 'NONE');
#1393 = ORIENTED_EDGE ( 'NONE', *, *, #959, .F. ) ;
#1394 = CYLINDRICAL_SURFACE ( 'NONE', #1383, 0.0007874015748031495954 ) ;
#1395 = LENGTH_MEASURE_WITH_UNIT ( LENGTH_MEASURE( 0.02539999999999999897 ), #948 );
#1396 = CYLINDRICAL_SURFACE ( 'NONE', #2692, 0.004921259842519684971 ) ;
#1397 = CYLINDRICAL_SURFACE ( 'NONE', #2734, 0.006889763779527559827 ) ;
#1398 = DIRECTION ( 'NONE',  ( 0.000000000000000000, 1.000000000000000000, 0.000000000000000000 ) ) ;
#1399 =( NAMED_UNIT ( * ) SI_UNIT ( $, .STERADIAN. ) SOLID_ANGLE_UNIT ( ) );
#1400 = DIMENSIONAL_EXPONENTS ( 1.000000000000000000, 0.000000000000000000, 0.000000000000000000, 0.000000000000000000, 0.000000000000000000, 0.000000000000000000, 0.000000000000000000 ) ;
#1401 = VERTEX_POINT ( 'NONE', #2299 ) ;
#1402 =( LENGTH_UNIT ( ) NAMED_UNIT ( * ) SI_UNIT ( $, .METRE. ) );
#1403 =( CONVERSION_BASED_UNIT ( 'INCH', #941 ) LENGTH_UNIT ( ) NAMED_UNIT ( #1421 ) );
#1404 = EDGE_CURVE ( 'NONE', #1172, #1537, #316, .T. ) ;
#1405 = EDGE_CURVE ( 'NONE', #2353, #396, #676, .T. ) ;
#1406 =( GEOMETRIC_REPRESENTATION_CONTEXT ( 3 ) GLOBAL_UNCERTAINTY_ASSIGNED_CONTEXT ( ( #1664 ) ) GLOBAL_UNIT_ASSIGNED_CONTEXT ( ( #2813, #2334, #564 ) ) REPRESENTATION_CONTEXT ( 'NONE', 'WORKASPACE' ) );
#1407 = DIRECTION ( 'NONE',  ( 1.000000000000000000, 0.000000000000000000, 0.000000000000000000 ) ) ;
#1408 = DIRECTION ( 'NONE',  ( 1.000000000000000000, 0.000000000000000000, -0.000000000000000000 ) ) ;
#1409 = AXIS2_PLACEMENT_3D ( 'NONE', #177, #2137, #2383 ) ;
#1410 = ORIENTED_EDGE ( 'NONE', *, *, #597, .T. ) ;
#1411 = DIRECTION ( 'NONE',  ( -1.224646799147353207E-16, 1.000000000000000000, -0.000000000000000000 ) ) ;
#1412 = DIRECTION ( 'NONE',  ( 1.000000000000000000, 0.000000000000000000, 0.000000000000000000 ) ) ;
#1413 = PRODUCT_DEFINITION_SHAPE ( 'NONE', 'NONE',  #2879 ) ;
#1414 = CARTESIAN_POINT ( 'NONE',  ( 0.02175196850393701017, -0.01574803149606299191, 0.0007874015748031497038 ) ) ;
#1415 = EDGE_LOOP ( 'NONE', ( #1798, #2697, #2748, #151 ) ) ;
#1416 = CARTESIAN_POINT ( 'NONE',  ( 0.05807086614173229133, 0.03405511811023621827, 0.004921259842519684971 ) ) ;
#1417 = ORIENTED_EDGE ( 'NONE', *, *, #2270, .F. ) ;
#1418 =( NAMED_UNIT ( * ) PLANE_ANGLE_UNIT ( ) SI_UNIT ( $, .RADIAN. ) );
#1419 = CIRCLE ( 'NONE', #2825, 0.006889763779527559827 ) ;
#1420 = VERTEX_POINT ( 'NONE', #793 ) ;
#1421 = DIMENSIONAL_EXPONENTS ( 1.000000000000000000, 0.000000000000000000, 0.000000000000000000, 0.000000000000000000, 0.000000000000000000, 0.000000000000000000, 0.000000000000000000 ) ;
#1422 = ADVANCED_FACE ( 'NONE', ( #1674 ), #2574, .T. ) ;
#1423 = COLOUR_RGB ( '',0.8313725490196077761, 0.8313725490196077761, 0.8313725490196077761 ) ;
#1424 =( NAMED_UNIT ( * ) PLANE_ANGLE_UNIT ( ) SI_UNIT ( $, .RADIAN. ) );
#1425 = UNCERTAINTY_MEASURE_WITH_UNIT (LENGTH_MEASURE( 1.000000000000000082E-05 ), #194, 'distance_accuracy_value', 'NONE');
#1426 = VERTEX_POINT ( 'NONE', #1294 ) ;
#1427 = DIRECTION ( 'NONE',  ( 1.000000000000000000, 0.000000000000000000, -0.000000000000000000 ) ) ;
#1428 = COLOUR_RGB ( '',0.8313725490196077761, 0.8313725490196077761, 0.8313725490196077761 ) ;
#1429 = MECHANICAL_DESIGN_GEOMETRIC_PRESENTATION_REPRESENTATION (  '', ( #928 ), #1792 ) ;
#1430 =( NAMED_UNIT ( * ) PLANE_ANGLE_UNIT ( ) SI_UNIT ( $, .RADIAN. ) );
#1431 = CARTESIAN_POINT ( 'NONE',  ( 0.05922398905044667233, 0.03484251968503936786, 0.004921259842519684971 ) ) ;
#1432 = STYLED_ITEM ( 'NONE', ( #2480 ), #661 ) ;
#1433 = ORIENTED_EDGE ( 'NONE', *, *, #1541, .T. ) ;
#1434 =( NAMED_UNIT ( * ) PLANE_ANGLE_UNIT ( ) SI_UNIT ( $, .RADIAN. ) );
#1435 = AXIS2_PLACEMENT_3D ( 'NONE', #907, #470, #1972 ) ;
#1436 =( LENGTH_UNIT ( ) NAMED_UNIT ( * ) SI_UNIT ( $, .METRE. ) );
#1437 = ORIENTED_EDGE ( 'NONE', *, *, #1589, .T. ) ;
#1438 = CARTESIAN_POINT ( 'NONE',  ( -0.04734251968503937202, 0.02263779527559055260, 0.000000000000000000 ) ) ;
#1439 = DIMENSIONAL_EXPONENTS ( 1.000000000000000000, 0.000000000000000000, 0.000000000000000000, 0.000000000000000000, 0.000000000000000000, 0.000000000000000000, 0.000000000000000000 ) ;
#1440 = DIRECTION ( 'NONE',  ( 0.000000000000000000, -0.000000000000000000, -1.000000000000000000 ) ) ;
#1441 = DIRECTION ( 'NONE',  ( 0.000000000000000000, 0.000000000000000000, 1.000000000000000000 ) ) ;
#1442 = EDGE_CURVE ( 'NONE', #2340, #120, #782, .T. ) ;
#1443 = FACE_OUTER_BOUND ( 'NONE', #1216, .T. ) ;
#1444 = PRODUCT_DEFINITION ( 'UNKNOWN', '', #78, #2484 ) ;
#1445 = FACE_OUTER_BOUND ( 'NONE', #690, .T. ) ;
#1446 = VERTEX_POINT ( 'NONE', #169 ) ;
#1447 = FILL_AREA_STYLE_COLOUR ( '', #1248 ) ;
#1448 =( LENGTH_UNIT ( ) NAMED_UNIT ( * ) SI_UNIT ( $, .METRE. ) );
#1449 = SURFACE_STYLE_USAGE ( .BOTH. , #1466 ) ;
#1450 = ORIENTED_EDGE ( 'NONE', *, *, #1541, .F. ) ;
#1451 = CARTESIAN_POINT ( 'NONE',  ( 0.004921259842519684971, 0.01574803149606299191, 0.000000000000000000 ) ) ;
#1452 = DIRECTION ( 'NONE',  ( 0.000000000000000000, 0.000000000000000000, 1.000000000000000000 ) ) ;
#1453 = PRESENTATION_STYLE_ASSIGNMENT (( #1278 ) ) ;
#1454 = SURFACE_SIDE_STYLE ('',( #1649 ) ) ;
#1455 = DIRECTION ( 'NONE',  ( 0.000000000000000000, -0.000000000000000000, -1.000000000000000000 ) ) ;
#1456 = UNCERTAINTY_MEASURE_WITH_UNIT (LENGTH_MEASURE( 1.000000000000000082E-05 ), #2533, 'distance_accuracy_value', 'NONE');
#1457 = ORIENTED_EDGE ( 'NONE', *, *, #2498, .T. ) ;
#1458 = DIMENSIONAL_EXPONENTS ( 1.000000000000000000, 0.000000000000000000, 0.000000000000000000, 0.000000000000000000, 0.000000000000000000, 0.000000000000000000, 0.000000000000000000 ) ;
#1459 = COLOUR_RGB ( '',0.2862745098039215508, 0.2862745098039215508, 0.2862745098039215508 ) ;
#1460 = CARTESIAN_POINT ( 'NONE',  ( 0.05876273988696092271, 0.03405511811023622520, 0.005708661417322834566 ) ) ;
#1461 = DIRECTION ( 'NONE',  ( 1.000000000000000000, 0.000000000000000000, -0.000000000000000000 ) ) ;
#1462 = AXIS2_PLACEMENT_3D ( 'NONE', #1109, #882, #1737 ) ;
#1463 = ORIENTED_EDGE ( 'NONE', *, *, #2430, .F. ) ;
#1464 = ADVANCED_FACE ( 'NONE', ( #2865 ), #1992, .T. ) ;
#1465 = SURFACE_SIDE_STYLE ('',( #849 ) ) ;
#1466 = SURFACE_SIDE_STYLE ('',( #2818 ) ) ;
#1467 = ORIENTED_EDGE ( 'NONE', *, *, #649, .T. ) ;
#1468 = EDGE_CURVE ( 'NONE', #1333, #2095, #678, .T. ) ;
#1469 = DIRECTION ( 'NONE',  ( 0.000000000000000000, 0.000000000000000000, -1.000000000000000000 ) ) ;
#1470 = ORIENTED_EDGE ( 'NONE', *, *, #1897, .T. ) ;
#1471 = CIRCLE ( 'NONE', #1832, 0.006889763779527559827 ) ;
#1472 = CIRCLE ( 'NONE', #967, 0.006889763779527559827 ) ;
#1473 = AXIS2_PLACEMENT_3D ( 'NONE', #1849, #57, #2719 ) ;
#1474 = SURFACE_STYLE_USAGE ( .BOTH. , #809 ) ;
#1475 = AXIS2_PLACEMENT_3D ( 'NONE', #2156, #1738, #2854 ) ;
#1476 = PRESENTATION_STYLE_ASSIGNMENT (( #760 ) ) ;
#1477 = MECHANICAL_DESIGN_GEOMETRIC_PRESENTATION_REPRESENTATION (  '', ( #1113 ), #641 ) ;
#1478 = ORIENTED_EDGE ( 'NONE', *, *, #1577, .F. ) ;
#1479 = DIRECTION ( 'NONE',  ( -1.000000000000000000, 0.000000000000000000, 0.000000000000000000 ) ) ;
#1480 = DIMENSIONAL_EXPONENTS ( 1.000000000000000000, 0.000000000000000000, 0.000000000000000000, 0.000000000000000000, 0.000000000000000000, 0.000000000000000000, 0.000000000000000000 ) ;
#1481 =( NAMED_UNIT ( * ) PLANE_ANGLE_UNIT ( ) SI_UNIT ( $, .RADIAN. ) );
#1482 = AXIS2_PLACEMENT_3D ( 'NONE', #2723, #2065, #82 ) ;
#1483 =( NAMED_UNIT ( * ) PLANE_ANGLE_UNIT ( ) SI_UNIT ( $, .RADIAN. ) );
#1484 = ADVANCED_FACE ( 'NONE', ( #2842 ), #638, .T. ) ;
#1485 = SURFACE_SIDE_STYLE ('',( #2839 ) ) ;
#1486 = CARTESIAN_POINT ( 'NONE',  ( -0.03454724409448818589, 0.01574803149606299191, 0.000000000000000000 ) ) ;
#1487 = UNCERTAINTY_MEASURE_WITH_UNIT (LENGTH_MEASURE( 1.000000000000000082E-05 ), #1514, 'distance_accuracy_value', 'NONE');
#1488 = ORIENTED_EDGE ( 'NONE', *, *, #1939, .F. ) ;
#1489 = CARTESIAN_POINT ( 'NONE',  ( 0.06003937007874016185, 0.03402713865674586446, 0.004921259842519684971 ) ) ;
#1490 = ORIENTED_EDGE ( 'NONE', *, *, #157, .F. ) ;
#1491 = CARTESIAN_POINT ( 'NONE',  ( -0.02175196850393701017, 0.01574803149606299191, 0.0007874015748031497038 ) ) ;
#1492 =( NAMED_UNIT ( * ) SI_UNIT ( $, .STERADIAN. ) SOLID_ANGLE_UNIT ( ) );
#1493 = CARTESIAN_POINT ( 'NONE',  ( 0.004921259842519684971, 0.01574803149606299191, 0.000000000000000000 ) ) ;
#1494 = DIRECTION ( 'NONE',  ( 0.000000000000000000, 0.000000000000000000, 1.000000000000000000 ) ) ;
#1495 = UNCERTAINTY_MEASURE_WITH_UNIT (LENGTH_MEASURE( 1.000000000000000082E-05 ), #271, 'distance_accuracy_value', 'NONE');
#1496 =( LENGTH_UNIT ( ) NAMED_UNIT ( * ) SI_UNIT ( $, .METRE. ) );
#1497 = DIRECTION ( 'NONE',  ( 0.000000000000000000, 0.000000000000000000, 1.000000000000000000 ) ) ;
#1498 =( NAMED_UNIT ( * ) SI_UNIT ( $, .STERADIAN. ) SOLID_ANGLE_UNIT ( ) );
#1499 = CARTESIAN_POINT ( 'NONE',  ( 0.06003937007874016879, -0.03402713865674587834, 0.005382509006005445004 ) ) ;
#1500 =( NAMED_UNIT ( * ) PLANE_ANGLE_UNIT ( ) SI_UNIT ( $, .RADIAN. ) );
#1501 = FILL_AREA_STYLE_COLOUR ( '', #2110 ) ;
#1502 = VECTOR ( 'NONE', #462, 39.37007874015748143 ) ;
#1503 = ORIENTED_EDGE ( 'NONE', *, *, #1897, .F. ) ;
#1504 = VERTEX_POINT ( 'NONE', #2 ) ;
#1505 = CARTESIAN_POINT ( 'NONE',  ( -0.05807086614173229133, -0.03484251968503937480, 0.000000000000000000 ) ) ;
#1506 = FILL_AREA_STYLE ('',( #701 ) ) ;
#1507 = CARTESIAN_POINT ( 'NONE',  ( -0.05922398905044666539, -0.03484251968503937480, 0.005382509006005438065 ) ) ;
#1508 = STYLED_ITEM ( 'NONE', ( #126 ), #2728 ) ;
#1509 = STYLED_ITEM ( 'NONE', ( #963 ), #2338 ) ;
#1510 = FILL_AREA_STYLE ('',( #465 ) ) ;
#1511 = SURFACE_STYLE_USAGE ( .BOTH. , #377 ) ;
#1512 = DIRECTION ( 'NONE',  ( 0.000000000000000000, 0.000000000000000000, 1.000000000000000000 ) ) ;
#1513 = DIRECTION ( 'NONE',  ( 0.000000000000000000, 0.000000000000000000, 1.000000000000000000 ) ) ;
#1514 =( CONVERSION_BASED_UNIT ( 'INCH', #201 ) LENGTH_UNIT ( ) NAMED_UNIT ( #798 ) );
#1515 =( GEOMETRIC_REPRESENTATION_CONTEXT ( 3 ) GLOBAL_UNCERTAINTY_ASSIGNED_CONTEXT ( ( #269 ) ) GLOBAL_UNIT_ASSIGNED_CONTEXT ( ( #351, #1424, #2100 ) ) REPRESENTATION_CONTEXT ( 'NONE', 'WORKASPACE' ) );
#1516 = DIMENSIONAL_EXPONENTS ( 1.000000000000000000, 0.000000000000000000, 0.000000000000000000, 0.000000000000000000, 0.000000000000000000, 0.000000000000000000, 0.000000000000000000 ) ;
#1517 = DIRECTION ( 'NONE',  ( 1.000000000000000000, 0.000000000000000000, 0.000000000000000000 ) ) ;
#1518 = CLOSED_SHELL ( 'NONE', ( #2232, #1164, #1774, #488 ) ) ;
#1519 =( NAMED_UNIT ( * ) SI_UNIT ( $, .STERADIAN. ) SOLID_ANGLE_UNIT ( ) );
#1520 = AXIS2_PLACEMENT_3D ( 'NONE', #2648, #648, #1102 ) ;
#1521 = EDGE_CURVE ( 'NONE', #2095, #1333, #1572, .T. ) ;
#1522 = ORIENTED_EDGE ( 'NONE', *, *, #2663, .T. ) ;
#1523 = DIRECTION ( 'NONE',  ( 1.000000000000000000, 0.000000000000000000, -0.000000000000000000 ) ) ;
#1524 = LINE ( 'NONE', #1299, #2600 ) ;
#1525 = VECTOR ( 'NONE', #2422, 39.37007874015748143 ) ;
#1526 = CARTESIAN_POINT ( 'NONE',  ( 0.02175196850393701017, -0.008858267716535434683, 0.000000000000000000 ) ) ;
#1527 = ORIENTED_EDGE ( 'NONE', *, *, #1337, .F. ) ;
#1528 = COLOUR_RGB ( '',0.2862745098039215508, 0.2862745098039215508, 0.2862745098039215508 ) ;
#1529 = STYLED_ITEM ( 'NONE', ( #551 ), #885 ) ;
#1530 =( GEOMETRIC_REPRESENTATION_CONTEXT ( 3 ) GLOBAL_UNCERTAINTY_ASSIGNED_CONTEXT ( ( #1265 ) ) GLOBAL_UNIT_ASSIGNED_CONTEXT ( ( #2756, #1669, #2545 ) ) REPRESENTATION_CONTEXT ( 'NONE', 'WORKASPACE' ) );
#1531 = UNCERTAINTY_MEASURE_WITH_UNIT (LENGTH_MEASURE( 1.000000000000000082E-05 ), #372, 'distance_accuracy_value', 'NONE');
#1532 = CARTESIAN_POINT ( 'NONE',  ( 0.05807086614173229133, -0.03287401574803149734, 0.0007874015748031497038 ) ) ;
#1533 = MECHANICAL_DESIGN_GEOMETRIC_PRESENTATION_REPRESENTATION (  '', ( #2278 ), #558 ) ;
#1534 = CARTESIAN_POINT ( 'NONE',  ( 0.05807086614173229133, 0.03484251968503936786, 0.004921259842519684971 ) ) ;
#1535 = CARTESIAN_POINT ( 'NONE',  ( 0.05876273988696090883, -0.03405511811023621133, 0.005708661417322834566 ) ) ;
#1536 = DIRECTION ( 'NONE',  ( 1.000000000000000000, 0.000000000000000000, 0.000000000000000000 ) ) ;
#1537 = VERTEX_POINT ( 'NONE', #2292 ) ;
#1538 = CARTESIAN_POINT ( 'NONE',  ( 0.000000000000000000, -0.02263779527559055260, 0.0007874015748031497038 ) ) ;
#1539 = ORIENTED_EDGE ( 'NONE', *, *, #2469, .T. ) ;
#1540 = CARTESIAN_POINT ( 'NONE',  ( 0.06003937007874015491, 0.000000000000000000, 0.0007874015748031497038 ) ) ;
#1541 = EDGE_CURVE ( 'NONE', #2801, #478, #2601, .T. ) ;
#1542 = ADVANCED_FACE ( 'NONE', ( #729 ), #451, .T. ) ;
#1543 = CARTESIAN_POINT ( 'NONE',  ( 0.04734251968503937202, 0.01574803149606299191, 0.0007874015748031497038 ) ) ;
#1544 = SURFACE_STYLE_USAGE ( .BOTH. , #1949 ) ;
#1545 = EDGE_CURVE ( 'NONE', #947, #1892, #883, .T. ) ;
#1546 = DIRECTION ( 'NONE',  ( 0.000000000000000000, 0.000000000000000000, 1.000000000000000000 ) ) ;
#1547 = CARTESIAN_POINT ( 'NONE',  ( 0.02175196850393701017, 0.008858267716535434683, 0.0007874015748031497038 ) ) ;
#1548 = FILL_AREA_STYLE_COLOUR ( '', #2028 ) ;
#1549 = FILL_AREA_STYLE ('',( #1501 ) ) ;
#1550 = VERTEX_POINT ( 'NONE', #89 ) ;
#1551 =( NAMED_UNIT ( * ) PLANE_ANGLE_UNIT ( ) SI_UNIT ( $, .RADIAN. ) );
#1552 = DIRECTION ( 'NONE',  ( 0.000000000000000000, 0.000000000000000000, -1.000000000000000000 ) ) ;
#1553 = PRESENTATION_LAYER_ASSIGNMENT (  '', '', ( #1647 ) ) ;
#1554 = CARTESIAN_POINT ( 'NONE',  ( -0.02139459081343495980, -0.2009866715216259980, 0.000000000000000000 ) ) ;
#1555 = FACE_OUTER_BOUND ( 'NONE', #910, .T. ) ;
#1556 = STYLED_ITEM ( 'NONE', ( #681 ), #2701 ) ;
#1557 = PRESENTATION_LAYER_ASSIGNMENT (  '', '', ( #1820 ) ) ;
#1558 = PRESENTATION_STYLE_ASSIGNMENT (( #2696 ) ) ;
#1559 = DIRECTION ( 'NONE',  ( 1.000000000000000000, 0.000000000000000000, 0.000000000000000000 ) ) ;
#1560 = COLOUR_RGB ( '',0.8313725490196077761, 0.8313725490196077761, 0.8313725490196077761 ) ;
#1561 =( NAMED_UNIT ( * ) SI_UNIT ( $, .STERADIAN. ) SOLID_ANGLE_UNIT ( ) );
#1562 = VERTEX_POINT ( 'NONE', #1335 ) ;
#1563 = DIRECTION ( 'NONE',  ( 1.000000000000000000, 0.000000000000000000, 0.000000000000000000 ) ) ;
#1564 = LINE ( 'NONE', #2849, #2821 ) ;
#1565 =( CONVERSION_BASED_UNIT ( 'INCH', #913 ) LENGTH_UNIT ( ) NAMED_UNIT ( #359 ) );
#1566 = VECTOR ( 'NONE', #1130, 39.37007874015748143 ) ;
#1567 = DIRECTION ( 'NONE',  ( 0.000000000000000000, 1.000000000000000000, 0.000000000000000000 ) ) ;
#1568 = LINE ( 'NONE', #1106, #541 ) ;
#1569 = STYLED_ITEM ( 'NONE', ( #805 ), #2143 ) ;
#1570 = AXIS2_PLACEMENT_3D ( 'NONE', #1344, #205, #1760 ) ;
#1571 = UNCERTAINTY_MEASURE_WITH_UNIT (LENGTH_MEASURE( 1.000000000000000082E-05 ), #1403, 'distance_accuracy_value', 'NONE');
#1572 = CIRCLE ( 'NONE', #2176, 0.004921259842519684971 ) ;
#1573 = AXIS2_PLACEMENT_3D ( 'NONE', #1903, #2321, #1634 ) ;
#1574 = ORIENTED_EDGE ( 'NONE', *, *, #1303, .T. ) ;
#1575 = SURFACE_STYLE_FILL_AREA ( #2517 ) ;
#1576 = AXIS2_PLACEMENT_3D ( 'NONE', #819, #388, #1877 ) ;
#1577 = EDGE_CURVE ( 'NONE', #2424, #1018, #2230, .T. ) ;
#1578 =( CONVERSION_BASED_UNIT ( 'INCH', #2243 ) LENGTH_UNIT ( ) NAMED_UNIT ( #1732 ) );
#1579 = ORIENTED_EDGE ( 'NONE', *, *, #390, .F. ) ;
#1580 =( NAMED_UNIT ( * ) SI_UNIT ( $, .STERADIAN. ) SOLID_ANGLE_UNIT ( ) );
#1581 =( NAMED_UNIT ( * ) SI_UNIT ( $, .STERADIAN. ) SOLID_ANGLE_UNIT ( ) );
#1582 = DIRECTION ( 'NONE',  ( -1.000000000000000000, -0.000000000000000000, 0.000000000000000000 ) ) ;
#1583 = CARTESIAN_POINT ( 'NONE',  ( 0.05807086614173229133, -0.03287401574803149734, 0.000000000000000000 ) ) ;
#1584 = CARTESIAN_POINT ( 'NONE',  ( -0.04734251968503937202, 0.02263779527559055260, 0.0007874015748031497038 ) ) ;
#1585 = CARTESIAN_POINT ( 'NONE',  ( -0.01486220472440944948, -0.01574803149606299191, 0.000000000000000000 ) ) ;
#1586 = CARTESIAN_POINT ( 'NONE',  ( -0.03001968503937007746, -0.03405511811023621827, 0.004921259842519684971 ) ) ;
#1587 = ORIENTED_EDGE ( 'NONE', *, *, #2411, .F. ) ;
#1588 =( LENGTH_UNIT ( ) NAMED_UNIT ( * ) SI_UNIT ( $, .METRE. ) );
#1589 = EDGE_CURVE ( 'NONE', #1162, #544, #2531, .T. ) ;
#1590 = CARTESIAN_POINT ( 'NONE',  ( -0.02175196850393701017, 0.008858267716535434683, 0.000000000000000000 ) ) ;
#1591 = DIRECTION ( 'NONE',  ( 1.000000000000000000, 0.000000000000000000, -0.000000000000000000 ) ) ;
#1592 = DIRECTION ( 'NONE',  ( -0.000000000000000000, -0.000000000000000000, 1.000000000000000000 ) ) ;
#1593 = CARTESIAN_POINT ( 'NONE',  ( 0.05807086614173229133, -0.03484251968503937480, 0.000000000000000000 ) ) ;
#1594 = ORIENTED_EDGE ( 'NONE', *, *, #1794, .F. ) ;
#1595 = SURFACE_SIDE_STYLE ('',( #703 ) ) ;
#1596 = CARTESIAN_POINT ( 'NONE',  ( -0.04734251968503937202, -0.01574803149606299191, 0.000000000000000000 ) ) ;
#1597 = MECHANICAL_DESIGN_GEOMETRIC_PRESENTATION_REPRESENTATION (  '', ( #2343 ), #1176 ) ;
#1598 = MECHANICAL_DESIGN_GEOMETRIC_PRESENTATION_REPRESENTATION (  '', ( #1820 ), #2113 ) ;
#1599 = CARTESIAN_POINT ( 'NONE',  ( -0.02175196850393701017, -0.008858267716535434683, 0.000000000000000000 ) ) ;
#1600 = LINE ( 'NONE', #2008, #2439 ) ;
#1601 = UNCERTAINTY_MEASURE_WITH_UNIT (LENGTH_MEASURE( 1.000000000000000082E-05 ), #1038, 'distance_accuracy_value', 'NONE');
#1602 = ORIENTED_EDGE ( 'NONE', *, *, #245, .T. ) ;
#1603 =( NAMED_UNIT ( * ) PLANE_ANGLE_UNIT ( ) SI_UNIT ( $, .RADIAN. ) );
#1604 = DIRECTION ( 'NONE',  ( 1.000000000000000000, 0.000000000000000000, 0.000000000000000000 ) ) ;
#1605 = EDGE_CURVE ( 'NONE', #54, #282, #1126, .T. ) ;
#1606 = DIRECTION ( 'NONE',  ( -1.000000000000000000, 0.000000000000000000, 0.000000000000000000 ) ) ;
#1607 = DIRECTION ( 'NONE',  ( 0.000000000000000000, 0.000000000000000000, -1.000000000000000000 ) ) ;
#1608 = AXIS2_PLACEMENT_3D ( 'NONE', #2823, #1452, #571 ) ;
#1609 = FILL_AREA_STYLE_COLOUR ( '', #2644 ) ;
#1610 = SURFACE_STYLE_FILL_AREA ( #2761 ) ;
#1611 = EDGE_LOOP ( 'NONE', ( #2085, #2465, #270, #105 ) ) ;
#1612 = AXIS2_PLACEMENT_3D ( 'NONE', #1311, #2616, #900 ) ;
#1613 = CARTESIAN_POINT ( 'NONE',  ( 0.004921259842519684971, -0.01574803149606299538, 0.0007874015748031497038 ) ) ;
#1614 = SURFACE_SIDE_STYLE ('',( #2537 ) ) ;
#1615 = AXIS2_PLACEMENT_3D ( 'NONE', #385, #164, #1053 ) ;
#1616 =( NAMED_UNIT ( * ) SI_UNIT ( $, .STERADIAN. ) SOLID_ANGLE_UNIT ( ) );
#1617 = ORIENTED_EDGE ( 'NONE', *, *, #2146, .T. ) ;
#1618 = DIRECTION ( 'NONE',  ( 1.000000000000000000, 0.000000000000000000, -0.000000000000000000 ) ) ;
#1619 = MECHANICAL_DESIGN_GEOMETRIC_PRESENTATION_REPRESENTATION (  '', ( #1432 ), #2417 ) ;
#1620 = DIRECTION ( 'NONE',  ( 1.000000000000000000, 0.000000000000000000, 0.000000000000000000 ) ) ;
#1621 = PLANE ( 'NONE',  #1934 ) ;
#1622 =( LENGTH_UNIT ( ) NAMED_UNIT ( * ) SI_UNIT ( $, .METRE. ) );
#1623 =( NAMED_UNIT ( * ) PLANE_ANGLE_UNIT ( ) SI_UNIT ( $, .RADIAN. ) );
#1624 = ADVANCED_FACE ( 'NONE', ( #2337 ), #2264, .T. ) ;
#1625 = PRESENTATION_STYLE_ASSIGNMENT (( #1778 ) ) ;
#1626 = EDGE_CURVE ( 'NONE', #1426, #544, #2794, .T. ) ;
#1627 = LENGTH_MEASURE_WITH_UNIT ( LENGTH_MEASURE( 0.02539999999999999897 ), #1436 );
#1628 = ORIENTED_EDGE ( 'NONE', *, *, #1807, .T. ) ;
#1629 = CARTESIAN_POINT ( 'NONE',  ( 0.05807086614173229133, -0.03484251968503937480, 0.0007874015748031497038 ) ) ;
#1630 = DIRECTION ( 'NONE',  ( 1.000000000000000000, 0.000000000000000000, 0.000000000000000000 ) ) ;
#1631 = PRODUCT_DEFINITION_SHAPE ( 'NONE', 'NONE',  #2878 ) ;
#1632 = EDGE_CURVE ( 'NONE', #1426, #1677, #2643, .T. ) ;
#1633 = APPLICATION_PROTOCOL_DEFINITION ( 'draft international standard', 'automotive_design', 1998, #743 ) ;
#1634 = DIRECTION ( 'NONE',  ( -1.000000000000000000, 0.000000000000000000, 0.000000000000000000 ) ) ;
#1635 = LINE ( 'NONE', #1156, #759 ) ;
#1636 = UNCERTAINTY_MEASURE_WITH_UNIT (LENGTH_MEASURE( 1.000000000000000082E-05 ), #1565, 'distance_accuracy_value', 'NONE');
#1637 = ORIENTED_EDGE ( 'NONE', *, *, #2448, .T. ) ;
#1638 =( CONVERSION_BASED_UNIT ( 'INCH', #1293 ) LENGTH_UNIT ( ) NAMED_UNIT ( #969 ) );
#1639 = FACE_OUTER_BOUND ( 'NONE', #674, .T. ) ;
#1640 =( LENGTH_UNIT ( ) NAMED_UNIT ( * ) SI_UNIT ( $, .METRE. ) );
#1641 = VERTEX_POINT ( 'NONE', #814 ) ;
#1642 = SURFACE_STYLE_FILL_AREA ( #2015 ) ;
#1643 = SURFACE_SIDE_STYLE ('',( #1575 ) ) ;
#1644 = PRESENTATION_STYLE_ASSIGNMENT (( #505 ) ) ;
#1645 = ORIENTED_EDGE ( 'NONE', *, *, #2390, .T. ) ;
#1646 = DIRECTION ( 'NONE',  ( 0.000000000000000000, 0.000000000000000000, 1.000000000000000000 ) ) ;
#1647 = STYLED_ITEM ( 'NONE', ( #1749 ), #2447 ) ;
#1648 = EDGE_CURVE ( 'NONE', #396, #2149, #2150, .T. ) ;
#1649 = SURFACE_STYLE_FILL_AREA ( #753 ) ;
#1650 = ORIENTED_EDGE ( 'NONE', *, *, #2663, .F. ) ;
#1651 = DIMENSIONAL_EXPONENTS ( 1.000000000000000000, 0.000000000000000000, 0.000000000000000000, 0.000000000000000000, 0.000000000000000000, 0.000000000000000000, 0.000000000000000000 ) ;
#1652 = DIRECTION ( 'NONE',  ( 1.000000000000000000, 0.000000000000000000, 0.000000000000000000 ) ) ;
#1653 = FACE_OUTER_BOUND ( 'NONE', #139, .T. ) ;
#1654 = ORIENTED_EDGE ( 'NONE', *, *, #209, .F. ) ;
#1655 =( NAMED_UNIT ( * ) SI_UNIT ( $, .STERADIAN. ) SOLID_ANGLE_UNIT ( ) );
#1656 = CONTEXT_DEPENDENT_SHAPE_REPRESENTATION ( #2759, #73 ) ;
#1657 = COLOUR_RGB ( '',0.8313725490196077761, 0.8313725490196077761, 0.8313725490196077761 ) ;
#1658 = STYLED_ITEM ( 'NONE', ( #466 ), #2196 ) ;
#1659 = AXIS2_PLACEMENT_3D ( 'NONE', #1338, #2234, #47 ) ;
#1660 = FILL_AREA_STYLE_COLOUR ( '', #376 ) ;
#1661 = EDGE_CURVE ( 'NONE', #153, #246, #2409, .T. ) ;
#1662 = STYLED_ITEM ( 'NONE', ( #1625 ), #1542 ) ;
#1663 = DIRECTION ( 'NONE',  ( 0.000000000000000000, -1.000000000000000000, 0.000000000000000000 ) ) ;
#1664 = UNCERTAINTY_MEASURE_WITH_UNIT (LENGTH_MEASURE( 1.000000000000000082E-05 ), #2813, 'distance_accuracy_value', 'NONE');
#1665 = ORIENTED_EDGE ( 'NONE', *, *, #454, .T. ) ;
#1666 = DIMENSIONAL_EXPONENTS ( 1.000000000000000000, 0.000000000000000000, 0.000000000000000000, 0.000000000000000000, 0.000000000000000000, 0.000000000000000000, 0.000000000000000000 ) ;
#1667 = CARTESIAN_POINT ( 'NONE',  ( -0.02175196850393701017, -0.01574803149606299191, 0.000000000000000000 ) ) ;
#1668 = CARTESIAN_POINT ( 'NONE',  ( 0.05925196850393701919, 0.03287401574803149040, 0.005708661417322834566 ) ) ;
#1669 =( NAMED_UNIT ( * ) PLANE_ANGLE_UNIT ( ) SI_UNIT ( $, .RADIAN. ) );
#1670 = VERTEX_POINT ( 'NONE', #1008 ) ;
#1671 = ORIENTED_EDGE ( 'NONE', *, *, #710, .T. ) ;
#1672 =( CONVERSION_BASED_UNIT ( 'INCH', #2354 ) LENGTH_UNIT ( ) NAMED_UNIT ( #2816 ) );
#1673 = FACE_OUTER_BOUND ( 'NONE', #1815, .T. ) ;
#1674 = FACE_OUTER_BOUND ( 'NONE', #958, .T. ) ;
#1675 = CARTESIAN_POINT ( 'NONE',  ( -0.06003937007874015491, -0.03484251968503937480, 0.004921259842519684971 ) ) ;
#1676 = EDGE_CURVE ( 'NONE', #2149, #2611, #2560, .T. ) ;
#1677 = VERTEX_POINT ( 'NONE', #2371 ) ;
#1678 = LINE ( 'NONE', #758, #1835 ) ;
#1679 = CARTESIAN_POINT ( 'NONE',  ( 0.05807086614173229133, 0.03405511811023622520, 0.005708661417322834566 ) ) ;
#1680 = PRESENTATION_STYLE_ASSIGNMENT (( #2369 ) ) ;
#1681 = SURFACE_SIDE_STYLE ('',( #357 ) ) ;
#1682 = CARTESIAN_POINT ( 'NONE',  ( -0.02175196850393701017, -0.01574803149606299191, 0.0007874015748031497038 ) ) ;
#1683 = DIRECTION ( 'NONE',  ( 1.000000000000000000, 0.000000000000000000, -0.000000000000000000 ) ) ;
#1684 = ORIENTED_EDGE ( 'NONE', *, *, #943, .T. ) ;
#1685 =( LENGTH_UNIT ( ) NAMED_UNIT ( * ) SI_UNIT ( $, .METRE. ) );
#1686 =( NAMED_UNIT ( * ) PLANE_ANGLE_UNIT ( ) SI_UNIT ( $, .RADIAN. ) );
#1687 = FILL_AREA_STYLE ('',( #1660 ) ) ;
#1688 =( GEOMETRIC_REPRESENTATION_CONTEXT ( 3 ) GLOBAL_UNCERTAINTY_ASSIGNED_CONTEXT ( ( #341 ) ) GLOBAL_UNIT_ASSIGNED_CONTEXT ( ( #2528, #326, #42 ) ) REPRESENTATION_CONTEXT ( 'NONE', 'WORKASPACE' ) );
#1689 = UNCERTAINTY_MEASURE_WITH_UNIT (LENGTH_MEASURE( 1.000000000000000082E-05 ), #2210, 'distance_accuracy_value', 'NONE');
#1690 = PLANE ( 'NONE',  #1195 ) ;
#1691 = CARTESIAN_POINT ( 'NONE',  ( 0.04734251968503937202, 0.01574803149606299191, 0.000000000000000000 ) ) ;
#1692 = PLANE ( 'NONE',  #2366 ) ;
#1693 =( GEOMETRIC_REPRESENTATION_CONTEXT ( 3 ) GLOBAL_UNCERTAINTY_ASSIGNED_CONTEXT ( ( #1456 ) ) GLOBAL_UNIT_ASSIGNED_CONTEXT ( ( #2533, #1171, #2271 ) ) REPRESENTATION_CONTEXT ( 'NONE', 'WORKASPACE' ) );
#1694 = CARTESIAN_POINT ( 'NONE',  ( -0.04734251968503937202, -0.008858267716535434683, 0.0007874015748031497038 ) ) ;
#1695 = CARTESIAN_POINT ( 'NONE',  ( -0.06003937007874016879, -0.03402713865674587140, 0.005382509006005438065 ) ) ;
#1696 = EDGE_CURVE ( 'NONE', #2443, #1670, #40, .T. ) ;
#1697 =( CONVERSION_BASED_UNIT ( 'INCH', #2774 ) LENGTH_UNIT ( ) NAMED_UNIT ( #1951 ) );
#1698 = ORIENTED_EDGE ( 'NONE', *, *, #2031, .F. ) ;
#1699 = SURFACE_SIDE_STYLE ('',( #1043 ) ) ;
#1700 = DIMENSIONAL_EXPONENTS ( 1.000000000000000000, 0.000000000000000000, 0.000000000000000000, 0.000000000000000000, 0.000000000000000000, 0.000000000000000000, 0.000000000000000000 ) ;
#1701 = CIRCLE ( 'NONE', #2771, 0.003669581256771143728 ) ;
#1702 = FILL_AREA_STYLE_COLOUR ( '', #1528 ) ;
#1703 = STYLED_ITEM ( 'NONE', ( #2822 ), #799 ) ;
#1704 = VECTOR ( 'NONE', #1953, 39.37007874015748143 ) ;
#1705 = CARTESIAN_POINT ( 'NONE',  ( -0.04734251968503937202, -0.02263779527559055260, 0.000000000000000000 ) ) ;
#1706 = AXIS2_PLACEMENT_3D ( 'NONE', #821, #1059, #1923 ) ;
#1707 = PRESENTATION_LAYER_ASSIGNMENT (  '', '', ( #2415 ) ) ;
#1708 = LINE ( 'NONE', #2567, #2727 ) ;
#1709 = STYLED_ITEM ( 'NONE', ( #1982 ), #888 ) ;
#1710 = DIRECTION ( 'NONE',  ( -0.000000000000000000, -0.000000000000000000, -1.000000000000000000 ) ) ;
#1711 = PLANE ( 'NONE',  #487 ) ;
#1712 =( GEOMETRIC_REPRESENTATION_CONTEXT ( 3 ) GLOBAL_UNCERTAINTY_ASSIGNED_CONTEXT ( ( #864 ) ) GLOBAL_UNIT_ASSIGNED_CONTEXT ( ( #321, #1200, #342 ) ) REPRESENTATION_CONTEXT ( 'NONE', 'WORKASPACE' ) );
#1713 = DIRECTION ( 'NONE',  ( 1.000000000000000000, 0.000000000000000000, 0.000000000000000000 ) ) ;
#1714 = SURFACE_STYLE_USAGE ( .BOTH. , #1975 ) ;
#1715 =( NAMED_UNIT ( * ) SI_UNIT ( $, .STERADIAN. ) SOLID_ANGLE_UNIT ( ) );
#1716 =( NAMED_UNIT ( * ) PLANE_ANGLE_UNIT ( ) SI_UNIT ( $, .RADIAN. ) );
#1717 = DIRECTION ( 'NONE',  ( 1.000000000000000000, 0.000000000000000000, 0.000000000000000000 ) ) ;
#1718 = SURFACE_STYLE_USAGE ( .BOTH. , #1465 ) ;
#1719 = FILL_AREA_STYLE_COLOUR ( '', #1560 ) ;
#1720 = DIRECTION ( 'NONE',  ( 0.000000000000000000, 1.000000000000000000, 0.000000000000000000 ) ) ;
#1721 = UNCERTAINTY_MEASURE_WITH_UNIT (LENGTH_MEASURE( 1.000000000000000082E-05 ), #2864, 'distance_accuracy_value', 'NONE');
#1722 = CARTESIAN_POINT ( 'NONE',  ( 0.03454724409448818589, 0.01574803149606299191, 0.000000000000000000 ) ) ;
#1723 = DIRECTION ( 'NONE',  ( 1.000000000000000000, 0.000000000000000000, 0.000000000000000000 ) ) ;
#1724 = ADVANCED_FACE ( 'NONE', ( #831 ), #2572, .T. ) ;
#1725 = SURFACE_SIDE_STYLE ('',( #1739 ) ) ;
#1726 = PRESENTATION_STYLE_ASSIGNMENT (( #1321 ) ) ;
#1727 = LENGTH_MEASURE_WITH_UNIT ( LENGTH_MEASURE( 0.02539999999999999897 ), #897 );
#1728 = VECTOR ( 'NONE', #1105, 39.37007874015748143 ) ;
#1729 = EDGE_LOOP ( 'NONE', ( #2367, #2105, #442, #2485, #789 ) ) ;
#1730 = DIRECTION ( 'NONE',  ( 0.000000000000000000, 0.000000000000000000, 1.000000000000000000 ) ) ;
#1731 = CARTESIAN_POINT ( 'NONE',  ( -0.01486220472440944948, -0.01574803149606299191, 0.000000000000000000 ) ) ;
#1732 = DIMENSIONAL_EXPONENTS ( 1.000000000000000000, 0.000000000000000000, 0.000000000000000000, 0.000000000000000000, 0.000000000000000000, 0.000000000000000000, 0.000000000000000000 ) ;
#1733 =( NAMED_UNIT ( * ) SI_UNIT ( $, .STERADIAN. ) SOLID_ANGLE_UNIT ( ) );
#1734 = B_SPLINE_CURVE_WITH_KNOTS ( 'NONE', 3,
 ( #1842, #2458, #2687, #1343 ),
 .UNSPECIFIED., .F., .F.,
 ( 4, 4 ),
 ( 0.000000000000000000, 1.000000000000000000 ),
 .UNSPECIFIED. ) ;
#1735 = ORIENTED_EDGE ( 'NONE', *, *, #521, .T. ) ;
#1736 = STYLED_ITEM ( 'NONE', ( #1644 ), #2287 ) ;
#1737 = DIRECTION ( 'NONE',  ( 1.000000000000000000, 0.000000000000000000, 0.000000000000000000 ) ) ;
#1738 = DIRECTION ( 'NONE',  ( 0.000000000000000000, -1.000000000000000000, 0.000000000000000000 ) ) ;
#1739 = SURFACE_STYLE_FILL_AREA ( #1943 ) ;
#1740 = COLOUR_RGB ( '',0.8313725490196077761, 0.8313725490196077761, 0.8313725490196077761 ) ;
#1741 = EDGE_CURVE ( 'NONE', #56, #1894, #415, .T. ) ;
#1742 = CARTESIAN_POINT ( 'NONE',  ( 0.06003937007874015491, -0.03484251968503937480, 0.000000000000000000 ) ) ;
#1743 = COLOUR_RGB ( '',0.8313725490196077761, 0.8313725490196077761, 0.8313725490196077761 ) ;
#1744 = LENGTH_MEASURE_WITH_UNIT ( LENGTH_MEASURE( 0.02539999999999999897 ), #2159 );
#1745 = ADVANCED_FACE ( 'NONE', ( #1639 ), #1621, .T. ) ;
#1746 = LINE ( 'NONE', #9, #2866 ) ;
#1747 = SURFACE_SIDE_STYLE ('',( #2689 ) ) ;
#1748 = VECTOR ( 'NONE', #300, 39.37007874015748143 ) ;
#1749 = PRESENTATION_STYLE_ASSIGNMENT (( #1133 ) ) ;
#1750 = VECTOR ( 'NONE', #407, 39.37007874015748143 ) ;
#1751 = LINE ( 'NONE', #2205, #773 ) ;
#1752 = CARTESIAN_POINT ( 'NONE',  ( 0.000000000000000000, -0.01574803149606299191, 0.000000000000000000 ) ) ;
#1753 = FILL_AREA_STYLE ('',( #1360 ) ) ;
#1754 = AXIS2_PLACEMENT_3D ( 'NONE', #1390, #72, #2509 ) ;
#1755 =( NAMED_UNIT ( * ) PLANE_ANGLE_UNIT ( ) SI_UNIT ( $, .RADIAN. ) );
#1756 =( LENGTH_UNIT ( ) NAMED_UNIT ( * ) SI_UNIT ( $, .METRE. ) );
#1757 = DIRECTION ( 'NONE',  ( 0.000000000000000000, 0.000000000000000000, 1.000000000000000000 ) ) ;
#1758 = EDGE_CURVE ( 'NONE', #2256, #2443, #2039, .T. ) ;
#1759 = DIRECTION ( 'NONE',  ( 0.000000000000000000, -0.000000000000000000, -1.000000000000000000 ) ) ;
#1760 = DIRECTION ( 'NONE',  ( 1.000000000000000000, 0.000000000000000000, 0.000000000000000000 ) ) ;
#1761 = PRESENTATION_STYLE_ASSIGNMENT (( #1544 ) ) ;
#1762 = FACE_OUTER_BOUND ( 'NONE', #2492, .T. ) ;
#1763 = EDGE_LOOP ( 'NONE', ( #2227, #373, #1028, #605 ) ) ;
#1764 = CARTESIAN_POINT ( 'NONE',  ( 0.05807086614173229133, 0.03484251968503937480, 0.0007874015748031497038 ) ) ;
#1765 = CARTESIAN_POINT ( 'NONE',  ( -0.03001968503937007746, -0.03405511811023621827, 0.005708661417322834566 ) ) ;
#1766 = DIRECTION ( 'NONE',  ( 0.000000000000000000, 0.000000000000000000, 1.000000000000000000 ) ) ;
#1767 =( CONVERSION_BASED_UNIT ( 'INCH', #190 ) LENGTH_UNIT ( ) NAMED_UNIT ( #2317 ) );
#1768 = EDGE_LOOP ( 'NONE', ( #761, #2231 ) ) ;
#1769 = DIRECTION ( 'NONE',  ( -0.000000000000000000, 1.000000000000000000, 0.000000000000000000 ) ) ;
#1770 = COLOUR_RGB ( '',0.8313725490196077761, 0.8313725490196077761, 0.8313725490196077761 ) ;
#1771 = ORIENTED_EDGE ( 'NONE', *, *, #364, .F. ) ;
#1772 = CARTESIAN_POINT ( 'NONE',  ( -0.02175196850393701017, 0.02263779527559055260, 0.000000000000000000 ) ) ;
#1773 =( GEOMETRIC_REPRESENTATION_CONTEXT ( 3 ) GLOBAL_UNCERTAINTY_ASSIGNED_CONTEXT ( ( #2768 ) ) GLOBAL_UNIT_ASSIGNED_CONTEXT ( ( #2084, #808, #2584 ) ) REPRESENTATION_CONTEXT ( 'NONE', 'WORKASPACE' ) );
#1774 = ADVANCED_FACE ( 'NONE', ( #713 ), #1396, .T. ) ;
#1775 = SURFACE_STYLE_FILL_AREA ( #12 ) ;
#1776 = ORIENTED_EDGE ( 'NONE', *, *, #1132, .F. ) ;
#1777 = FACE_OUTER_BOUND ( 'NONE', #397, .T. ) ;
#1778 = SURFACE_STYLE_USAGE ( .BOTH. , #1643 ) ;
#1779 = CARTESIAN_POINT ( 'NONE',  ( -0.004921259842519684971, -0.01574803149606299191, 0.0007874015748031497038 ) ) ;
#1780 = ORIENTED_EDGE ( 'NONE', *, *, #1521, .T. ) ;
#1781 = FILL_AREA_STYLE ('',( #911 ) ) ;
#1782 = COLOUR_RGB ( '',0.2862745098039215508, 0.2862745098039215508, 0.2862745098039215508 ) ;
#1783 = DIRECTION ( 'NONE',  ( 0.000000000000000000, -1.000000000000000000, 0.000000000000000000 ) ) ;
#1784 = SURFACE_STYLE_FILL_AREA ( #258 ) ;
#1785 = AXIS2_PLACEMENT_3D ( 'NONE', #1189, #763, #2071 ) ;
#1786 = LENGTH_MEASURE_WITH_UNIT ( LENGTH_MEASURE( 0.02539999999999999897 ), #2675 );
#1787 = STYLED_ITEM ( 'NONE', ( #1238 ), #1422 ) ;
#1788 = ORIENTED_EDGE ( 'NONE', *, *, #1648, .T. ) ;
#1789 = DIRECTION ( 'NONE',  ( 0.000000000000000000, 0.000000000000000000, 1.000000000000000000 ) ) ;
#1790 = LINE ( 'NONE', #1765, #2562 ) ;
#1791 =( GEOMETRIC_REPRESENTATION_CONTEXT ( 3 ) GLOBAL_UNCERTAINTY_ASSIGNED_CONTEXT ( ( #524 ) ) GLOBAL_UNIT_ASSIGNED_CONTEXT ( ( #1385, #2305, #2247 ) ) REPRESENTATION_CONTEXT ( 'NONE', 'WORKASPACE' ) );
#1792 =( GEOMETRIC_REPRESENTATION_CONTEXT ( 3 ) GLOBAL_UNCERTAINTY_ASSIGNED_CONTEXT ( ( #839 ) ) GLOBAL_UNIT_ASSIGNED_CONTEXT ( ( #1981, #1716, #2472 ) ) REPRESENTATION_CONTEXT ( 'NONE', 'WORKASPACE' ) );
#1793 = SHAPE_REPRESENTATION_RELATIONSHIP ( 'NONE' , 'NONE' ,  #2848, #938 ) ;
#1794 = EDGE_CURVE ( 'NONE', #1018, #940, #775, .T. ) ;
#1795 = MECHANICAL_DESIGN_GEOMETRIC_PRESENTATION_REPRESENTATION (  '', ( #730 ), #646 ) ;
#1796 = DIRECTION ( 'NONE',  ( 1.000000000000000000, 0.000000000000000000, 0.000000000000000000 ) ) ;
#1797 = UNCERTAINTY_MEASURE_WITH_UNIT (LENGTH_MEASURE( 1.000000000000000082E-05 ), #354, 'distance_accuracy_value', 'NONE');
#1798 = ORIENTED_EDGE ( 'NONE', *, *, #391, .T. ) ;
#1799 = LENGTH_MEASURE_WITH_UNIT ( LENGTH_MEASURE( 0.02539999999999999897 ), #931 );
#1800 = DIRECTION ( 'NONE',  ( -1.000000000000000000, 0.000000000000000000, 0.000000000000000000 ) ) ;
#1801 = DIRECTION ( 'NONE',  ( 1.000000000000000000, 0.000000000000000000, 0.000000000000000000 ) ) ;
#1802 =( LENGTH_UNIT ( ) NAMED_UNIT ( * ) SI_UNIT ( $, .METRE. ) );
#1803 = SURFACE_STYLE_USAGE ( .BOTH. , #259 ) ;
#1804 = CARTESIAN_POINT ( 'NONE',  ( -0.06003937007874015491, 0.000000000000000000, 0.0007874015748031497038 ) ) ;
#1805 = FILL_AREA_STYLE_COLOUR ( '', #1108 ) ;
#1806 = FILL_AREA_STYLE ('',( #252 ) ) ;
#1807 = EDGE_CURVE ( 'NONE', #544, #964, #918, .T. ) ;
#1808 = DIRECTION ( 'NONE',  ( 1.000000000000000000, 0.000000000000000000, -0.000000000000000000 ) ) ;
#1809 = ORIENTED_EDGE ( 'NONE', *, *, #611, .T. ) ;
#1810 =( NAMED_UNIT ( * ) SI_UNIT ( $, .STERADIAN. ) SOLID_ANGLE_UNIT ( ) );
#1811 = DIRECTION ( 'NONE',  ( -0.000000000000000000, 1.000000000000000000, -0.000000000000000000 ) ) ;
#1812 = MANIFOLD_SOLID_BREP ( 'Imported1', #1103 ) ;
#1813 = DIRECTION ( 'NONE',  ( 0.000000000000000000, 0.000000000000000000, -1.000000000000000000 ) ) ;
#1814 = APPLICATION_CONTEXT ( 'automotive_design' ) ;
#1815 = EDGE_LOOP ( 'NONE', ( #473, #577, #1258, #672, #930 ) ) ;
#1816 = VECTOR ( 'NONE', #876, 39.37007874015748143 ) ;
#1817 = FACE_OUTER_BOUND ( 'NONE', #1143, .T. ) ;
#1818 = FILL_AREA_STYLE_COLOUR ( '', #420 ) ;
#1819 =( CONVERSION_BASED_UNIT ( 'INCH', #1379 ) LENGTH_UNIT ( ) NAMED_UNIT ( #2760 ) );
#1820 = STYLED_ITEM ( 'NONE', ( #1558 ), #2232 ) ;
#1821 = MANIFOLD_SOLID_BREP ( 'Imported1', #2025 ) ;
#1822 = FILL_AREA_STYLE ('',( #58 ) ) ;
#1823 = DIRECTION ( 'NONE',  ( 0.000000000000000000, 0.000000000000000000, -1.000000000000000000 ) ) ;
#1824 = EDGE_CURVE ( 'NONE', #1911, #1333, #2436, .T. ) ;
#1825 = ADVANCED_FACE ( 'NONE', ( #2845 ), #2781, .T. ) ;
#1826 = UNCERTAINTY_MEASURE_WITH_UNIT (LENGTH_MEASURE( 1.000000000000000082E-05 ), #2702, 'distance_accuracy_value', 'NONE');
#1827 = ORIENTED_EDGE ( 'NONE', *, *, #1300, .F. ) ;
#1828 = DIRECTION ( 'NONE',  ( 0.000000000000000000, 0.000000000000000000, 1.000000000000000000 ) ) ;
#1829 = FILL_AREA_STYLE ('',( #933 ) ) ;
#1830 = PRESENTATION_STYLE_ASSIGNMENT (( #699 ) ) ;
#1831 = SHAPE_REPRESENTATION ( '2', ( #1608 ), #2306 ) ;
#1832 = AXIS2_PLACEMENT_3D ( 'NONE', #618, #221, #2652 ) ;
#1833 = AXIS2_PLACEMENT_3D ( 'NONE', #640, #1306, #942 ) ;
#1834 =( GEOMETRIC_REPRESENTATION_CONTEXT ( 3 ) GLOBAL_UNCERTAINTY_ASSIGNED_CONTEXT ( ( #1918 ) ) GLOBAL_UNIT_ASSIGNED_CONTEXT ( ( #687, #308, #1844 ) ) REPRESENTATION_CONTEXT ( 'NONE', 'WORKASPACE' ) );
#1835 = VECTOR ( 'NONE', #800, 39.37007874015748143 ) ;
#1836 = LINE ( 'NONE', #2508, #2640 ) ;
#1837 = MECHANICAL_DESIGN_GEOMETRIC_PRESENTATION_REPRESENTATION (  '', ( #1662 ), #1288 ) ;
#1838 = DIRECTION ( 'NONE',  ( 1.000000000000000000, 0.000000000000000000, 0.000000000000000000 ) ) ;
#1839 = VECTOR ( 'NONE', #2758, 39.37007874015748143 ) ;
#1840 =( NAMED_UNIT ( * ) PLANE_ANGLE_UNIT ( ) SI_UNIT ( $, .RADIAN. ) );
#1841 = DIRECTION ( 'NONE',  ( 0.000000000000000000, 0.000000000000000000, 1.000000000000000000 ) ) ;
#1842 = CARTESIAN_POINT ( 'NONE',  ( 0.05925196850393701226, 0.03287401574803149734, 0.005708661417322834566 ) ) ;
#1843 = DIMENSIONAL_EXPONENTS ( 1.000000000000000000, 0.000000000000000000, 0.000000000000000000, 0.000000000000000000, 0.000000000000000000, 0.000000000000000000, 0.000000000000000000 ) ;
#1844 =( NAMED_UNIT ( * ) SI_UNIT ( $, .STERADIAN. ) SOLID_ANGLE_UNIT ( ) );
#1845 = DIRECTION ( 'NONE',  ( 0.000000000000000000, 1.000000000000000000, 0.000000000000000000 ) ) ;
#1846 = CARTESIAN_POINT ( 'NONE',  ( -0.02175196850393701017, -0.01574803149606299191, 0.000000000000000000 ) ) ;
#1847 =( BOUNDED_CURVE ( )  B_SPLINE_CURVE ( 3, ( #790, #2570, #570, #596 ),
 .UNSPECIFIED., .F., .F. ) 
 B_SPLINE_CURVE_WITH_KNOTS ( ( 4, 4 ),
 ( 0.000000000000000000, 1.000000000000000000 ),
 .UNSPECIFIED. ) 
 CURVE ( )  GEOMETRIC_REPRESENTATION_ITEM ( )  RATIONAL_B_SPLINE_CURVE ( ( 1.000000000000000000, 0.8047378541243649375, 0.8047378541243649375, 1.000000000000000000 ) ) 
 REPRESENTATION_ITEM ( '' )  );
#1848 = ORIENTED_EDGE ( 'NONE', *, *, #26, .T. ) ;
#1849 = CARTESIAN_POINT ( 'NONE',  ( -0.04734251968503937202, 0.01574803149606299191, 0.000000000000000000 ) ) ;
#1850 = PRESENTATION_STYLE_ASSIGNMENT (( #314 ) ) ;
#1851 = DIRECTION ( 'NONE',  ( 0.000000000000000000, 0.000000000000000000, 1.000000000000000000 ) ) ;
#1852 = FILL_AREA_STYLE_COLOUR ( '', #2690 ) ;
#1853 = LENGTH_MEASURE_WITH_UNIT ( LENGTH_MEASURE( 0.02539999999999999897 ), #603 );
#1854 = UNCERTAINTY_MEASURE_WITH_UNIT (LENGTH_MEASURE( 1.000000000000000082E-05 ), #2350, 'distance_accuracy_value', 'NONE');
#1855 = CARTESIAN_POINT ( 'NONE',  ( -0.02175196850393701017, -0.02263779527559055260, 0.000000000000000000 ) ) ;
#1856 = DIRECTION ( 'NONE',  ( -1.000000000000000000, -0.000000000000000000, 0.000000000000000000 ) ) ;
#1857 = DIRECTION ( 'NONE',  ( 0.000000000000000000, 0.000000000000000000, 1.000000000000000000 ) ) ;
#1858 = ORIENTED_EDGE ( 'NONE', *, *, #1145, .T. ) ;
#1859 = CARTESIAN_POINT ( 'NONE',  ( -0.004921259842519684971, 0.01574803149606299191, 0.000000000000000000 ) ) ;
#1860 = SURFACE_SIDE_STYLE ('',( #1610 ) ) ;
#1861 = DIMENSIONAL_EXPONENTS ( 1.000000000000000000, 0.000000000000000000, 0.000000000000000000, 0.000000000000000000, 0.000000000000000000, 0.000000000000000000, 0.000000000000000000 ) ;
#1862 = EDGE_LOOP ( 'NONE', ( #1997, #1637, #349, #2520, #366 ) ) ;
#1863 = ORIENTED_EDGE ( 'NONE', *, *, #959, .T. ) ;
#1864 = EDGE_CURVE ( 'NONE', #1537, #2806, #1071, .T. ) ;
#1865 = LINE ( 'NONE', #1438, #146 ) ;
#1866 = PRESENTATION_LAYER_ASSIGNMENT (  '', '', ( #1904 ) ) ;
#1867 = PRODUCT_DEFINITION_SHAPE ( 'NONE', 'NONE',  #1223 ) ;
#1868 = PRODUCT_RELATED_PRODUCT_CATEGORY ( 'part', '', ( #738 ) ) ;
#1869 = VECTOR ( 'NONE', #340, 39.37007874015748143 ) ;
#1870 = CARTESIAN_POINT ( 'NONE',  ( -0.02506417207020610050, -0.2009866715216259980, 0.000000000000000000 ) ) ;
#1871 = VERTEX_POINT ( 'NONE', #2125 ) ;
#1872 =( LENGTH_UNIT ( ) NAMED_UNIT ( * ) SI_UNIT ( $, .METRE. ) );
#1873 = FILL_AREA_STYLE ('',( #2576 ) ) ;
#1874 = LENGTH_MEASURE_WITH_UNIT ( LENGTH_MEASURE( 0.02539999999999999897 ), #1049 );
#1875 = DIRECTION ( 'NONE',  ( 0.000000000000000000, 0.000000000000000000, -1.000000000000000000 ) ) ;
#1876 = EDGE_LOOP ( 'NONE', ( #1346, #1522, #2374, #2093 ) ) ;
#1877 = DIRECTION ( 'NONE',  ( -1.000000000000000000, 0.000000000000000000, 0.000000000000000000 ) ) ;
#1878 = MECHANICAL_DESIGN_GEOMETRIC_PRESENTATION_REPRESENTATION (  '', ( #2308 ), #1834 ) ;
#1879 = COLOUR_RGB ( '',0.8313725490196077761, 0.8313725490196077761, 0.8313725490196077761 ) ;
#1880 = ADVANCED_FACE ( 'NONE', ( #1673 ), #600, .F. ) ;
#1881 = STYLED_ITEM ( 'NONE', ( #740 ), #1115 ) ;
#1882 = SURFACE_STYLE_FILL_AREA ( #1687 ) ;
#1883 = FILL_AREA_STYLE_COLOUR ( '', #621 ) ;
#1884 = UNCERTAINTY_MEASURE_WITH_UNIT (LENGTH_MEASURE( 1.000000000000000082E-05 ), #578, 'distance_accuracy_value', 'NONE');
#1885 = ORIENTED_EDGE ( 'NONE', *, *, #2211, .T. ) ;
#1886 = LENGTH_MEASURE_WITH_UNIT ( LENGTH_MEASURE( 0.02539999999999999897 ), #1048 );
#1887 = MECHANICAL_DESIGN_GEOMETRIC_PRESENTATION_REPRESENTATION (  '', ( #2462 ), #492 ) ;
#1888 = AXIS2_PLACEMENT_3D ( 'NONE', #1491, #647, #2414 ) ;
#1889 = LENGTH_MEASURE_WITH_UNIT ( LENGTH_MEASURE( 0.02539999999999999897 ), #1021 );
#1890 = MECHANICAL_DESIGN_GEOMETRIC_PRESENTATION_REPRESENTATION (  '', ( #556 ), #1712 ) ;
#1891 = FILL_AREA_STYLE_COLOUR ( '', #2171 ) ;
#1892 = VERTEX_POINT ( 'NONE', #1764 ) ;
#1893 = CARTESIAN_POINT ( 'NONE',  ( -0.05807086614173229133, -0.03484251968503938174, 0.005382509006005437198 ) ) ;
#1894 = VERTEX_POINT ( 'NONE', #2420 ) ;
#1895 = DIMENSIONAL_EXPONENTS ( 1.000000000000000000, 0.000000000000000000, 0.000000000000000000, 0.000000000000000000, 0.000000000000000000, 0.000000000000000000, 0.000000000000000000 ) ;
#1896 = DIRECTION ( 'NONE',  ( 0.000000000000000000, -1.000000000000000000, 0.000000000000000000 ) ) ;
#1897 = EDGE_CURVE ( 'NONE', #1911, #352, #2637, .T. ) ;
#1898 =( LENGTH_UNIT ( ) NAMED_UNIT ( * ) SI_UNIT ( $, .METRE. ) );
#1899 = CARTESIAN_POINT ( 'NONE',  ( -0.06003937007874017573, -0.03287401574803148346, 0.005382509006005437198 ) ) ;
#1900 = ORIENTED_EDGE ( 'NONE', *, *, #2090, .F. ) ;
#1901 = PLANE ( 'NONE',  #548 ) ;
#1902 = LENGTH_MEASURE_WITH_UNIT ( LENGTH_MEASURE( 0.02539999999999999897 ), #2360 );
#1903 = CARTESIAN_POINT ( 'NONE',  ( 0.000000000000000000, 0.01574803149606299191, 0.0007874015748031497038 ) ) ;
#1904 = STYLED_ITEM ( 'NONE', ( #1269 ), #2579 ) ;
#1905 = SURFACE_STYLE_USAGE ( .BOTH. , #155 ) ;
#1906 = AXIS2_PLACEMENT_3D ( 'NONE', #2112, #1896, #1455 ) ;
#1907 = UNCERTAINTY_MEASURE_WITH_UNIT (LENGTH_MEASURE( 1.000000000000000082E-05 ), #1941, 'distance_accuracy_value', 'NONE');
#1908 = DIMENSIONAL_EXPONENTS ( 1.000000000000000000, 0.000000000000000000, 0.000000000000000000, 0.000000000000000000, 0.000000000000000000, 0.000000000000000000, 0.000000000000000000 ) ;
#1909 = EDGE_CURVE ( 'NONE', #1550, #567, #2195, .T. ) ;
#1910 = ADVANCED_FACE ( 'NONE', ( #2853 ), #2654, .T. ) ;
#1911 = VERTEX_POINT ( 'NONE', #622 ) ;
#1912 = SURFACE_STYLE_USAGE ( .BOTH. , #1271 ) ;
#1913 = CARTESIAN_POINT ( 'NONE',  ( -0.05876273988696092271, -0.03405511811023622520, 0.005708661417322834566 ) ) ;
#1914 = FACE_OUTER_BOUND ( 'NONE', #1862, .T. ) ;
#1915 = SURFACE_STYLE_USAGE ( .BOTH. , #2152 ) ;
#1916 = FILL_AREA_STYLE_COLOUR ( '', #2871 ) ;
#1917 = DIMENSIONAL_EXPONENTS ( 1.000000000000000000, 0.000000000000000000, 0.000000000000000000, 0.000000000000000000, 0.000000000000000000, 0.000000000000000000, 0.000000000000000000 ) ;
#1918 = UNCERTAINTY_MEASURE_WITH_UNIT (LENGTH_MEASURE( 1.000000000000000082E-05 ), #687, 'distance_accuracy_value', 'NONE');
#1919 = VECTOR ( 'NONE', #2830, 39.37007874015748143 ) ;
#1920 = DIRECTION ( 'NONE',  ( 0.000000000000000000, 0.000000000000000000, 1.000000000000000000 ) ) ;
#1921 = FILL_AREA_STYLE_COLOUR ( '', #981 ) ;
#1922 = AXIS2_PLACEMENT_3D ( 'NONE', #1414, #1813, #2490 ) ;
#1923 = DIRECTION ( 'NONE',  ( 1.000000000000000000, 0.000000000000000000, 0.000000000000000000 ) ) ;
#1924 = VECTOR ( 'NONE', #323, 39.37007874015748143 ) ;
#1925 = CARTESIAN_POINT ( 'NONE',  ( 0.04734251968503937202, 0.008858267716535434683, 0.000000000000000000 ) ) ;
#1926 = CIRCLE ( 'NONE', #328, 0.0007874015748031495954 ) ;
#1927 = SURFACE_SIDE_STYLE ('',( #2198 ) ) ;
#1928 =( NAMED_UNIT ( * ) SI_UNIT ( $, .STERADIAN. ) SOLID_ANGLE_UNIT ( ) );
#1929 = AXIS2_PLACEMENT_3D ( 'NONE', #1416, #2310, #330 ) ;
#1930 = VECTOR ( 'NONE', #2099, 39.37007874015748143 ) ;
#1931 = CARTESIAN_POINT ( 'NONE',  ( 0.05807086614173229133, 0.03484251968503936786, 0.004921259842519684971 ) ) ;
#1932 = ORIENTED_EDGE ( 'NONE', *, *, #1372, .F. ) ;
#1933 = FACE_OUTER_BOUND ( 'NONE', #724, .T. ) ;
#1934 = AXIS2_PLACEMENT_3D ( 'NONE', #2714, #2024, #1591 ) ;
#1935 =( GEOMETRIC_REPRESENTATION_CONTEXT ( 3 ) GLOBAL_UNCERTAINTY_ASSIGNED_CONTEXT ( ( #2378 ) ) GLOBAL_UNIT_ASSIGNED_CONTEXT ( ( #363, #1686, #1107 ) ) REPRESENTATION_CONTEXT ( 'NONE', 'WORKASPACE' ) );
#1936 = CARTESIAN_POINT ( 'NONE',  ( -0.05971321766742276882, -0.03287401574803148346, 0.005708661417322834566 ) ) ;
#1937 = DIMENSIONAL_EXPONENTS ( 1.000000000000000000, 0.000000000000000000, 0.000000000000000000, 0.000000000000000000, 0.000000000000000000, 0.000000000000000000, 0.000000000000000000 ) ;
#1938 = SURFACE_STYLE_USAGE ( .BOTH. , #2119 ) ;
#1939 = EDGE_CURVE ( 'NONE', #1892, #2628, #1094, .T. ) ;
#1940 = AXIS2_PLACEMENT_3D ( 'NONE', #2103, #1513, #1427 ) ;
#1941 =( CONVERSION_BASED_UNIT ( 'INCH', #1902 ) LENGTH_UNIT ( ) NAMED_UNIT ( #1235 ) );
#1942 =( NAMED_UNIT ( * ) SI_UNIT ( $, .STERADIAN. ) SOLID_ANGLE_UNIT ( ) );
#1943 = FILL_AREA_STYLE ('',( #868 ) ) ;
#1944 = LENGTH_MEASURE_WITH_UNIT ( LENGTH_MEASURE( 0.02539999999999999897 ), #1116 );
#1945 = SURFACE_SIDE_STYLE ('',( #188 ) ) ;
#1946 = ORIENTED_EDGE ( 'NONE', *, *, #1976, .T. ) ;
#1947 = DIRECTION ( 'NONE',  ( -0.000000000000000000, 0.000000000000000000, -1.000000000000000000 ) ) ;
#1948 = CARTESIAN_POINT ( 'NONE',  ( 0.03454724409448818589, -0.02263779527559055260, 0.000000000000000000 ) ) ;
#1949 = SURFACE_SIDE_STYLE ('',( #207 ) ) ;
#1950 = CARTESIAN_POINT ( 'NONE',  ( 0.04734251968503937202, -0.02263779527559055260, 0.0007874015748031497038 ) ) ;
#1951 = DIMENSIONAL_EXPONENTS ( 1.000000000000000000, 0.000000000000000000, 0.000000000000000000, 0.000000000000000000, 0.000000000000000000, 0.000000000000000000, 0.000000000000000000 ) ;
#1952 = EDGE_CURVE ( 'NONE', #38, #2256, #2552, .T. ) ;
#1953 = DIRECTION ( 'NONE',  ( -1.000000000000000000, -0.000000000000000000, 0.000000000000000000 ) ) ;
#1954 = SURFACE_STYLE_USAGE ( .BOTH. , #15 ) ;
#1955 =( BOUNDED_SURFACE ( )  B_SPLINE_SURFACE ( 3, 3, ( 
 ( #1076, #2868, #3, #440 ),
 ( #418, #1499, #1993, #2213 ),
 ( #1099, #643, #1295, #2187 ),
 ( #228, #896, #1535, #202 ) ),
 .UNSPECIFIED., .F., .F., .F. ) 
 B_SPLINE_SURFACE_WITH_KNOTS ( ( 4, 4 ),
 ( 4, 4 ),
 ( 0.000000000000000000, 1.000000000000000000 ),
 ( 0.000000000000000000, 1.000000000000000000 ),
 .UNSPECIFIED. ) 
 GEOMETRIC_REPRESENTATION_ITEM ( )  RATIONAL_B_SPLINE_SURFACE ( (
 ( 1.000000000000000000, 0.8047378541243667138, 0.8047378541243667138, 1.000000000000000000),
 ( 0.8047378541243599415, 0.6476030138606850839, 0.6476030138606850839, 0.8047378541243599415),
 ( 0.8047378541243599415, 0.6476030138606850839, 0.6476030138606850839, 0.8047378541243599415),
 ( 1.000000000000000000, 0.8047378541243667138, 0.8047378541243667138, 1.000000000000000000) ) ) 
 REPRESENTATION_ITEM ( '' )  SURFACE ( )  );
#1956 = SURFACE_STYLE_FILL_AREA ( #884 ) ;
#1957 = SURFACE_STYLE_FILL_AREA ( #416 ) ;
#1958 = DIRECTION ( 'NONE',  ( 0.000000000000000000, 0.000000000000000000, -1.000000000000000000 ) ) ;
#1959 = DIRECTION ( 'NONE',  ( 1.000000000000000000, 0.000000000000000000, 0.000000000000000000 ) ) ;
#1960 = ADVANCED_BREP_SHAPE_REPRESENTATION ( '', ( #1812, #1608 ), #673 ) ;
#1961 = FACE_OUTER_BOUND ( 'NONE', #765, .T. ) ;
#1962 = CIRCLE ( 'NONE', #2157, 0.006889763779527559827 ) ;
#1963 = ORIENTED_EDGE ( 'NONE', *, *, #1909, .F. ) ;
#1964 = FILL_AREA_STYLE_COLOUR ( '', #978 ) ;
#1965 = DIRECTION ( 'NONE',  ( -0.000000000000000000, 0.000000000000000000, 1.000000000000000000 ) ) ;
#1966 = PRESENTATION_STYLE_ASSIGNMENT (( #2441 ) ) ;
#1967 = CARTESIAN_POINT ( 'NONE',  ( 0.02175196850393701017, -0.008858267716535434683, 0.000000000000000000 ) ) ;
#1968 = VERTEX_POINT ( 'NONE', #653 ) ;
#1969 = CARTESIAN_POINT ( 'NONE',  ( 0.05871936420852851002, -0.03404324380342299561, 0.005708661417322834566 ) ) ;
#1970 = FILL_AREA_STYLE_COLOUR ( '', #1054 ) ;
#1971 =( REPRESENTATION_RELATIONSHIP ('NONE','NONE', #2621, #2848 ) REPRESENTATION_RELATIONSHIP_WITH_TRANSFORMATION ( #2033 )SHAPE_REPRESENTATION_RELATIONSHIP( ) );
#1972 = DIRECTION ( 'NONE',  ( 1.000000000000000000, 0.000000000000000000, 0.000000000000000000 ) ) ;
#1973 = EDGE_CURVE ( 'NONE', #2256, #1894, #1019, .T. ) ;
#1974 =( CONVERSION_BASED_UNIT ( 'INCH', #392 ) LENGTH_UNIT ( ) NAMED_UNIT ( #2838 ) );
#1975 = SURFACE_SIDE_STYLE ('',( #1308 ) ) ;
#1976 = EDGE_CURVE ( 'NONE', #2038, #2628, #748, .T. ) ;
#1977 =( CONVERSION_BASED_UNIT ( 'INCH', #1727 ) LENGTH_UNIT ( ) NAMED_UNIT ( #1221 ) );
#1978 = CYLINDRICAL_SURFACE ( 'NONE', #1316, 0.0007874015748031495954 ) ;
#1979 = AXIS2_PLACEMENT_3D ( 'NONE', #1384, #697, #1620 ) ;
#1980 = ORIENTED_EDGE ( 'NONE', *, *, #1097, .F. ) ;
#1981 =( CONVERSION_BASED_UNIT ( 'INCH', #1744 ) LENGTH_UNIT ( ) NAMED_UNIT ( #536 ) );
#1982 = PRESENTATION_STYLE_ASSIGNMENT (( #406 ) ) ;
#1983 = COLOUR_RGB ( '',0.2862745098039215508, 0.2862745098039215508, 0.2862745098039215508 ) ;
#1984 = COLOUR_RGB ( '',0.8313725490196077761, 0.8313725490196077761, 0.8313725490196077761 ) ;
#1985 = DIRECTION ( 'NONE',  ( 1.000000000000000000, 0.000000000000000000, 0.000000000000000000 ) ) ;
#1986 = VECTOR ( 'NONE', #2160, 39.37007874015748143 ) ;
#1987 = PRESENTATION_LAYER_ASSIGNMENT (  '', '', ( #1703 ) ) ;
#1988 = CARTESIAN_POINT ( 'NONE',  ( 0.05925196850393700532, -0.03287401574803149734, 0.005708661417322834566 ) ) ;
#1989 =( NAMED_UNIT ( * ) SI_UNIT ( $, .STERADIAN. ) SOLID_ANGLE_UNIT ( ) );
#1990 = COLOUR_RGB ( '',0.8313725490196077761, 0.8313725490196077761, 0.8313725490196077761 ) ;
#1991 = CARTESIAN_POINT ( 'NONE',  ( 0.02175196850393701017, -0.01574803149606299191, 0.000000000000000000 ) ) ;
#1992 = PLANE ( 'NONE',  #1475 ) ;
#1993 = CARTESIAN_POINT ( 'NONE',  ( 0.05922398905044668621, -0.03484251968503936786, 0.005382509006005445004 ) ) ;
#1994 = SURFACE_SIDE_STYLE ('',( #1117 ) ) ;
#1995 = SURFACE_SIDE_STYLE ('',( #2872 ) ) ;
#1996 = EDGE_CURVE ( 'NONE', #23, #153, #2295, .T. ) ;
#1997 = ORIENTED_EDGE ( 'NONE', *, *, #836, .T. ) ;
#1998 = CARTESIAN_POINT ( 'NONE',  ( 0.004921259842519684971, -0.01574803149606299191, 0.000000000000000000 ) ) ;
#1999 = DIRECTION ( 'NONE',  ( -0.000000000000000000, -0.000000000000000000, 1.000000000000000000 ) ) ;
#2000 = LINE ( 'NONE', #1301, #1502 ) ;
#2001 = ORIENTED_EDGE ( 'NONE', *, *, #424, .F. ) ;
#2002 = ORIENTED_EDGE ( 'NONE', *, *, #196, .F. ) ;
#2003 =( CONVERSION_BASED_UNIT ( 'INCH', #1304 ) LENGTH_UNIT ( ) NAMED_UNIT ( #2618 ) );
#2004 = ORIENTED_EDGE ( 'NONE', *, *, #229, .F. ) ;
#2005 =( LENGTH_UNIT ( ) NAMED_UNIT ( * ) SI_UNIT ( $, .METRE. ) );
#2006 = FILL_AREA_STYLE_COLOUR ( '', #2128 ) ;
#2007 = DIRECTION ( 'NONE',  ( 0.000000000000000000, 0.000000000000000000, 1.000000000000000000 ) ) ;
#2008 = CARTESIAN_POINT ( 'NONE',  ( -0.06003937007874015491, 0.03287401574803149734, 0.000000000000000000 ) ) ;
#2009 = EDGE_LOOP ( 'NONE', ( #2846, #1503 ) ) ;
#2010 = PLANE ( 'NONE',  #1940 ) ;
#2011 = FILL_AREA_STYLE_COLOUR ( '', #1743 ) ;
#2012 = CARTESIAN_POINT ( 'NONE',  ( -0.06003937007874017573, 0.03287401574803149734, 0.005382509006005445004 ) ) ;
#2013 = MECHANICAL_DESIGN_GEOMETRIC_PRESENTATION_REPRESENTATION (  '', ( #1647 ), #358 ) ;
#2014 = DIRECTION ( 'NONE',  ( 0.000000000000000000, -0.000000000000000000, 1.000000000000000000 ) ) ;
#2015 = FILL_AREA_STYLE ('',( #65 ) ) ;
#2016 = MECHANICAL_DESIGN_GEOMETRIC_PRESENTATION_REPRESENTATION (  '', ( #2856 ), #2203 ) ;
#2017 = DIRECTION ( 'NONE',  ( 0.000000000000000000, -0.000000000000000000, -1.000000000000000000 ) ) ;
#2018 = ORIENTED_EDGE ( 'NONE', *, *, #123, .T. ) ;
#2019 =( NAMED_UNIT ( * ) PLANE_ANGLE_UNIT ( ) SI_UNIT ( $, .RADIAN. ) );
#2020 = PRESENTATION_STYLE_ASSIGNMENT (( #494 ) ) ;
#2021 = FILL_AREA_STYLE_COLOUR ( '', #2388 ) ;
#2022 = VERTEX_POINT ( 'NONE', #1629 ) ;
#2023 = PRESENTATION_STYLE_ASSIGNMENT (( #725 ) ) ;
#2025 = CLOSED_SHELL ( 'NONE', ( #749, #2142, #2196, #565, #2376, #799, #2701 ) ) ;
#2024 = DIRECTION ( 'NONE',  ( 0.000000000000000000, 0.000000000000000000, 1.000000000000000000 ) ) ;
#2026 = SURFACE_STYLE_USAGE ( .BOTH. , #914 ) ;
#2027 = AXIS2_PLACEMENT_3D ( 'NONE', #2384, #140, #1225 ) ;
#2028 = COLOUR_RGB ( '',0.2862745098039215508, 0.2862745098039215508, 0.2862745098039215508 ) ;
#2029 = LENGTH_MEASURE_WITH_UNIT ( LENGTH_MEASURE( 0.02539999999999999897 ), #1188 );
#2030 = DIRECTION ( 'NONE',  ( -0.000000000000000000, -0.000000000000000000, -1.000000000000000000 ) ) ;
#2031 = EDGE_CURVE ( 'NONE', #2686, #2038, #452, .T. ) ;
#2032 = STYLED_ITEM ( 'NONE', ( #39 ), #423 ) ;
#2033 = ITEM_DEFINED_TRANSFORMATION ( 'NONE', 'NONE', #590,  #1608 ) ;
#2034 = AXIS2_PLACEMENT_3D ( 'NONE', #1532, #1125, #1559 ) ;
#2035 = PRODUCT_RELATED_PRODUCT_CATEGORY ( 'part', '', ( #338 ) ) ;
#2036 = SURFACE_STYLE_FILL_AREA ( #1364 ) ;
#2037 = UNCERTAINTY_MEASURE_WITH_UNIT (LENGTH_MEASURE( 1.000000000000000082E-05 ), #2136, 'distance_accuracy_value', 'NONE');
#2038 = VERTEX_POINT ( 'NONE', #2286 ) ;
#2039 = LINE ( 'NONE', #949, #1202 ) ;
#2040 = CYLINDRICAL_SURFACE ( 'NONE', #432, 0.006889763779527559827 ) ;
#2041 = VERTEX_POINT ( 'NONE', #2536 ) ;
#2042 = CARTESIAN_POINT ( 'NONE',  ( -1.925071256192984210E-19, 0.01574803149606299191, 0.000000000000000000 ) ) ;
#2043 = FILL_AREA_STYLE_COLOUR ( '', #2694 ) ;
#2044 = FILL_AREA_STYLE ('',( #518 ) ) ;
#2045 = CONTEXT_DEPENDENT_SHAPE_REPRESENTATION ( #1971, #1413 ) ;
#2046 = EDGE_CURVE ( 'NONE', #1401, #940, #283, .T. ) ;
#2047 = ADVANCED_FACE ( 'NONE', ( #1817 ), #995, .T. ) ;
#2048 = EDGE_CURVE ( 'NONE', #2114, #2704, #2599, .T. ) ;
#2049 = SURFACE_STYLE_FILL_AREA ( #2301 ) ;
#2050 = ORIENTED_EDGE ( 'NONE', *, *, #1252, .F. ) ;
#2051 = ORIENTED_EDGE ( 'NONE', *, *, #297, .F. ) ;
#2052 = DIRECTION ( 'NONE',  ( 0.000000000000000000, 0.000000000000000000, 1.000000000000000000 ) ) ;
#2053 =( NAMED_UNIT ( * ) PLANE_ANGLE_UNIT ( ) SI_UNIT ( $, .RADIAN. ) );
#2054 = CARTESIAN_POINT ( 'NONE',  ( 0.02175196850393701017, -0.008858267716535434683, 0.0007874015748031497038 ) ) ;
#2055 = ORIENTED_EDGE ( 'NONE', *, *, #394, .T. ) ;
#2056 = AXIS2_PLACEMENT_3D ( 'NONE', #441, #626, #244 ) ;
#2057 = FACE_OUTER_BOUND ( 'NONE', #668, .T. ) ;
#2058 =( GEOMETRIC_REPRESENTATION_CONTEXT ( 3 ) GLOBAL_UNCERTAINTY_ASSIGNED_CONTEXT ( ( #1392 ) ) GLOBAL_UNIT_ASSIGNED_CONTEXT ( ( #2518, #312, #1399 ) ) REPRESENTATION_CONTEXT ( 'NONE', 'WORKASPACE' ) );
#2059 =( NAMED_UNIT ( * ) SI_UNIT ( $, .STERADIAN. ) SOLID_ANGLE_UNIT ( ) );
#2060 = STYLED_ITEM ( 'NONE', ( #2592 ), #2355 ) ;
#2061 = SURFACE_STYLE_FILL_AREA ( #1822 ) ;
#2062 = PLANE ( 'NONE',  #1138 ) ;
#2063 = UNCERTAINTY_MEASURE_WITH_UNIT (LENGTH_MEASURE( 1.000000000000000082E-05 ), #594, 'distance_accuracy_value', 'NONE');
#2064 = VERTEX_POINT ( 'NONE', #734 ) ;
#2065 = DIRECTION ( 'NONE',  ( -0.000000000000000000, -0.000000000000000000, -1.000000000000000000 ) ) ;
#2066 = CARTESIAN_POINT ( 'NONE',  ( 0.04734251968503937202, 0.01574803149606299191, 0.000000000000000000 ) ) ;
#2067 = FACE_OUTER_BOUND ( 'NONE', #2108, .T. ) ;
#2068 = ORIENTED_EDGE ( 'NONE', *, *, #921, .T. ) ;
#2069 = STYLED_ITEM ( 'NONE', ( #1761 ), #86 ) ;
#2070 =( CONVERSION_BASED_UNIT ( 'INCH', #2029 ) LENGTH_UNIT ( ) NAMED_UNIT ( #779 ) );
#2071 = DIRECTION ( 'NONE',  ( 1.000000000000000000, 0.000000000000000000, 0.000000000000000000 ) ) ;
#2072 = DIRECTION ( 'NONE',  ( -1.000000000000000000, -0.000000000000000000, -0.000000000000000000 ) ) ;
#2073 = DIMENSIONAL_EXPONENTS ( 1.000000000000000000, 0.000000000000000000, 0.000000000000000000, 0.000000000000000000, 0.000000000000000000, 0.000000000000000000, 0.000000000000000000 ) ;
#2074 = ORIENTED_EDGE ( 'NONE', *, *, #2817, .F. ) ;
#2075 = AXIS2_PLACEMENT_3D ( 'NONE', #1583, #2736, #983 ) ;
#2076 = VECTOR ( 'NONE', #1440, 39.37007874015748143 ) ;
#2077 = CARTESIAN_POINT ( 'NONE',  ( 0.06003937007874015491, -0.03484251968503937480, 0.004921259842519684971 ) ) ;
#2078 = VECTOR ( 'NONE', #1261, 39.37007874015748143 ) ;
#2079 =( GEOMETRIC_REPRESENTATION_CONTEXT ( 3 ) GLOBAL_UNCERTAINTY_ASSIGNED_CONTEXT ( ( #723 ) ) GLOBAL_UNIT_ASSIGNED_CONTEXT ( ( #2111, #125, #154 ) ) REPRESENTATION_CONTEXT ( 'NONE', 'WORKASPACE' ) );
#2080 = SHAPE_DEFINITION_REPRESENTATION ( #1205, #2621 ) ;
#2081 = PRESENTATION_LAYER_ASSIGNMENT (  '', '', ( #230 ) ) ;
#2082 = MECHANICAL_DESIGN_GEOMETRIC_PRESENTATION_REPRESENTATION (  '', ( #1709 ), #920 ) ;
#2083 = MECHANICAL_DESIGN_GEOMETRIC_PRESENTATION_REPRESENTATION (  '', ( #841 ), #1381 ) ;
#2084 =( CONVERSION_BASED_UNIT ( 'INCH', #381 ) LENGTH_UNIT ( ) NAMED_UNIT ( #1273 ) );
#2085 = ORIENTED_EDGE ( 'NONE', *, *, #1648, .F. ) ;
#2086 = SURFACE_SIDE_STYLE ('',( #777 ) ) ;
#2087 = PRODUCT ( 'EFC3J018NUZTDG', 'EFC3J018NUZTDG', '', ( #955 ) ) ;
#2088 =( GEOMETRIC_REPRESENTATION_CONTEXT ( 3 ) GLOBAL_UNCERTAINTY_ASSIGNED_CONTEXT ( ( #1495 ) ) GLOBAL_UNIT_ASSIGNED_CONTEXT ( ( #271, #304, #22 ) ) REPRESENTATION_CONTEXT ( 'NONE', 'WORKASPACE' ) );
#2089 =( CONVERSION_BASED_UNIT ( 'INCH', #1886 ) LENGTH_UNIT ( ) NAMED_UNIT ( #2555 ) );
#2090 = EDGE_CURVE ( 'NONE', #567, #582, #2314, .T. ) ;
#2091 = APPLICATION_CONTEXT ( 'automotive_design' ) ;
#2092 = LENGTH_MEASURE_WITH_UNIT ( LENGTH_MEASURE( 0.02539999999999999897 ), #2609 );
#2093 = ORIENTED_EDGE ( 'NONE', *, *, #1909, .T. ) ;
#2094 = LINE ( 'NONE', #1859, #1839 ) ;
#2095 = VERTEX_POINT ( 'NONE', #1613 ) ;
#2096 = SURFACE_SIDE_STYLE ('',( #954 ) ) ;
#2097 = APPLICATION_PROTOCOL_DEFINITION ( 'draft international standard', 'automotive_design', 1998, #2091 ) ;
#2098 = DIMENSIONAL_EXPONENTS ( 1.000000000000000000, 0.000000000000000000, 0.000000000000000000, 0.000000000000000000, 0.000000000000000000, 0.000000000000000000, 0.000000000000000000 ) ;
#2099 = DIRECTION ( 'NONE',  ( 1.000000000000000000, 0.000000000000000000, -0.000000000000000000 ) ) ;
#2100 =( NAMED_UNIT ( * ) SI_UNIT ( $, .STERADIAN. ) SOLID_ANGLE_UNIT ( ) );
#2101 = UNCERTAINTY_MEASURE_WITH_UNIT (LENGTH_MEASURE( 1.000000000000000082E-05 ), #1578, 'distance_accuracy_value', 'NONE');
#2102 = EDGE_LOOP ( 'NONE', ( #62, #71, #2478, #2312 ) ) ;
#2103 = CARTESIAN_POINT ( 'NONE',  ( 0.000000000000000000, 0.000000000000000000, 0.0007874015748031497038 ) ) ;
#2104 = CARTESIAN_POINT ( 'NONE',  ( -0.04734251968503937202, 0.008858267716535434683, 0.0007874015748031497038 ) ) ;
#2105 = ORIENTED_EDGE ( 'NONE', *, *, #2522, .T. ) ;
#2106 = LENGTH_MEASURE_WITH_UNIT ( LENGTH_MEASURE( 0.02539999999999999897 ), #1219 );
#2107 = FILL_AREA_STYLE ('',( #2118 ) ) ;
#2108 = EDGE_LOOP ( 'NONE', ( #2002, #1645, #1579, #2001 ) ) ;
#2109 =( GEOMETRIC_REPRESENTATION_CONTEXT ( 3 ) GLOBAL_UNCERTAINTY_ASSIGNED_CONTEXT ( ( #100 ) ) GLOBAL_UNIT_ASSIGNED_CONTEXT ( ( #2474, #1185, #1581 ) ) REPRESENTATION_CONTEXT ( 'NONE', 'WORKASPACE' ) );
#2110 = COLOUR_RGB ( '',0.2862745098039215508, 0.2862745098039215508, 0.2862745098039215508 ) ;
#2111 =( CONVERSION_BASED_UNIT ( 'INCH', #574 ) LENGTH_UNIT ( ) NAMED_UNIT ( #769 ) );
#2112 = CARTESIAN_POINT ( 'NONE',  ( -0.06003937007874015491, -0.03484251968503937480, 0.000000000000000000 ) ) ;
#2113 =( GEOMETRIC_REPRESENTATION_CONTEXT ( 3 ) GLOBAL_UNCERTAINTY_ASSIGNED_CONTEXT ( ( #2605 ) ) GLOBAL_UNIT_ASSIGNED_CONTEXT ( ( #689, #2255, #2446 ) ) REPRESENTATION_CONTEXT ( 'NONE', 'WORKASPACE' ) );
#2114 = VERTEX_POINT ( 'NONE', #965 ) ;
#2115 = SURFACE_STYLE_FILL_AREA ( #825 ) ;
#2116 = CARTESIAN_POINT ( 'NONE',  ( 0.05423228346456693272, 0.01574803149606299191, 0.000000000000000000 ) ) ;
#2117 = EDGE_LOOP ( 'NONE', ( #2370, #2050, #953, #2735, #745, #239, #2711, #1040 ) ) ;
#2118 = FILL_AREA_STYLE_COLOUR ( '', #637 ) ;
#2119 = SURFACE_SIDE_STYLE ('',( #1067 ) ) ;
#2120 = ORIENTED_EDGE ( 'NONE', *, *, #1114, .F. ) ;
#2121 = CIRCLE ( 'NONE', #1922, 0.006889763779527559827 ) ;
#2122 =( GEOMETRIC_REPRESENTATION_CONTEXT ( 3 ) GLOBAL_UNCERTAINTY_ASSIGNED_CONTEXT ( ( #1254 ) ) GLOBAL_UNIT_ASSIGNED_CONTEXT ( ( #912, #960, #1580 ) ) REPRESENTATION_CONTEXT ( 'NONE', 'WORKASPACE' ) );
#2123 = EDGE_CURVE ( 'NONE', #2038, #2801, #1836, .T. ) ;
#2124 = PRODUCT_DEFINITION ( 'UNKNOWN', '', #2400, #1365 ) ;
#2125 = CARTESIAN_POINT ( 'NONE',  ( 0.05423228346456693272, 0.01574803149606299191, 0.0007874015748031497038 ) ) ;
#2126 = VECTOR ( 'NONE', #717, 39.37007874015748143 ) ;
#2127 = STYLED_ITEM ( 'NONE', ( #1726 ), #1234 ) ;
#2128 = COLOUR_RGB ( '',0.8313725490196077761, 0.8313725490196077761, 0.8313725490196077761 ) ;
#2129 = PLANE ( 'NONE',  #253 ) ;
#2130 = COLOUR_RGB ( '',0.8313725490196077761, 0.8313725490196077761, 0.8313725490196077761 ) ;
#2131 = UNCERTAINTY_MEASURE_WITH_UNIT (LENGTH_MEASURE( 1.000000000000000082E-05 ), #1309, 'distance_accuracy_value', 'NONE');
#2132 = DIRECTION ( 'NONE',  ( 0.000000000000000000, 0.000000000000000000, 1.000000000000000000 ) ) ;
#2133 = SURFACE_SIDE_STYLE ('',( #172 ) ) ;
#2134 = MECHANICAL_DESIGN_GEOMETRIC_PRESENTATION_REPRESENTATION (  '', ( #602 ), #279 ) ;
#2135 = ORIENTED_EDGE ( 'NONE', *, *, #2046, .F. ) ;
#2136 =( CONVERSION_BASED_UNIT ( 'INCH', #1022 ) LENGTH_UNIT ( ) NAMED_UNIT ( #1400 ) );
#2137 = DIRECTION ( 'NONE',  ( 0.000000000000000000, 0.000000000000000000, -1.000000000000000000 ) ) ;
#2138 = ORIENTED_EDGE ( 'NONE', *, *, #176, .T. ) ;
#2139 = FILL_AREA_STYLE_COLOUR ( '', #923 ) ;
#2140 =( NAMED_UNIT ( * ) SI_UNIT ( $, .STERADIAN. ) SOLID_ANGLE_UNIT ( ) );
#2141 = SURFACE_SIDE_STYLE ('',( #1882 ) ) ;
#2142 = ADVANCED_FACE ( 'NONE', ( #2257 ), #262, .T. ) ;
#2143 = ADVANCED_FACE ( 'NONE', ( #2796 ), #1901, .F. ) ;
#2144 = CARTESIAN_POINT ( 'NONE',  ( -0.04734251968503937202, -0.02263779527559055260, 0.000000000000000000 ) ) ;
#2145 = CARTESIAN_POINT ( 'NONE',  ( -0.04734251968503937202, -0.02263779527559055260, 0.000000000000000000 ) ) ;
#2146 = EDGE_CURVE ( 'NONE', #2443, #2686, #1847, .T. ) ;
#2147 =( LENGTH_UNIT ( ) NAMED_UNIT ( * ) SI_UNIT ( $, .METRE. ) );
#2148 = CARTESIAN_POINT ( 'NONE',  ( -0.004921259842519684971, 0.01574803149606299191, 0.000000000000000000 ) ) ;
#2149 = VERTEX_POINT ( 'NONE', #1451 ) ;
#2150 = LINE ( 'NONE', #1493, #1986 ) ;
#2151 = DIMENSIONAL_EXPONENTS ( 1.000000000000000000, 0.000000000000000000, 0.000000000000000000, 0.000000000000000000, 0.000000000000000000, 0.000000000000000000, 0.000000000000000000 ) ;
#2152 = SURFACE_SIDE_STYLE ('',( #398 ) ) ;
#2153 = DIRECTION ( 'NONE',  ( 1.000000000000000000, 0.000000000000000000, 0.000000000000000000 ) ) ;
#2154 = ORIENTED_EDGE ( 'NONE', *, *, #390, .T. ) ;
#2155 = FACE_OUTER_BOUND ( 'NONE', #2860, .T. ) ;
#2156 = CARTESIAN_POINT ( 'NONE',  ( 0.02175196850393701017, 0.008858267716535434683, 0.000000000000000000 ) ) ;
#2157 = AXIS2_PLACEMENT_3D ( 'NONE', #2066, #2184, #1985 ) ;
#2158 = FACE_OUTER_BOUND ( 'NONE', #2833, .T. ) ;
#2159 =( LENGTH_UNIT ( ) NAMED_UNIT ( * ) SI_UNIT ( $, .METRE. ) );
#2160 = DIRECTION ( 'NONE',  ( 0.000000000000000000, 0.000000000000000000, -1.000000000000000000 ) ) ;
#2161 = CARTESIAN_POINT ( 'NONE',  ( 0.04734251968503937202, -0.008858267716535434683, 0.000000000000000000 ) ) ;
#2162 = ORIENTED_EDGE ( 'NONE', *, *, #1252, .T. ) ;
#2163 =( NAMED_UNIT ( * ) SI_UNIT ( $, .STERADIAN. ) SOLID_ANGLE_UNIT ( ) );
#2164 = FACE_OUTER_BOUND ( 'NONE', #2566, .T. ) ;
#2165 = VECTOR ( 'NONE', #855, 39.37007874015748143 ) ;
#2166 = CARTESIAN_POINT ( 'NONE',  ( -0.02175196850393701017, 0.008858267716535434683, 0.000000000000000000 ) ) ;
#2167 = CARTESIAN_POINT ( 'NONE',  ( 0.04734251968503937202, 0.008858267716535434683, 0.000000000000000000 ) ) ;
#2168 = CLOSED_SHELL ( 'NONE', ( #2483, #260, #1234, #677 ) ) ;
#2169 = LENGTH_MEASURE_WITH_UNIT ( LENGTH_MEASURE( 0.02539999999999999897 ), #867 );
#2170 = PRESENTATION_LAYER_ASSIGNMENT (  '', '', ( #543 ) ) ;
#2171 = COLOUR_RGB ( '',0.2862745098039215508, 0.2862745098039215508, 0.2862745098039215508 ) ;
#2172 =( LENGTH_UNIT ( ) NAMED_UNIT ( * ) SI_UNIT ( $, .METRE. ) );
#2173 = VECTOR ( 'NONE', #2777, 39.37007874015748143 ) ;
#2174 = STYLED_ITEM ( 'NONE', ( #612 ), #1268 ) ;
#2175 = CARTESIAN_POINT ( 'NONE',  ( -0.02175196850393701017, -0.01574803149606299191, 0.000000000000000000 ) ) ;
#2176 = AXIS2_PLACEMENT_3D ( 'NONE', #16, #67, #908 ) ;
#2177 = SURFACE_SIDE_STYLE ('',( #204 ) ) ;
#2178 = SURFACE_SIDE_STYLE ('',( #233 ) ) ;
#2179 = AXIS2_PLACEMENT_3D ( 'NONE', #2175, #1757, #1517 ) ;
#2180 = SURFACE_STYLE_FILL_AREA ( #1506 ) ;
#2181 =( GEOMETRIC_REPRESENTATION_CONTEXT ( 3 ) GLOBAL_UNCERTAINTY_ASSIGNED_CONTEXT ( ( #1854 ) ) GLOBAL_UNIT_ASSIGNED_CONTEXT ( ( #2350, #606, #1492 ) ) REPRESENTATION_CONTEXT ( 'NONE', 'WORKASPACE' ) );
#2182 = CARTESIAN_POINT ( 'NONE',  ( -0.06003937007874017573, 0.03402713865674587834, 0.005382509006005445004 ) ) ;
#2183 = EDGE_CURVE ( 'NONE', #352, #2095, #818, .T. ) ;
#2184 = DIRECTION ( 'NONE',  ( 0.000000000000000000, 0.000000000000000000, 1.000000000000000000 ) ) ;
#2185 = AXIS2_PLACEMENT_3D ( 'NONE', #1596, #96, #1630 ) ;
#2186 =( CONVERSION_BASED_UNIT ( 'INCH', #2169 ) LENGTH_UNIT ( ) NAMED_UNIT ( #2352 ) );
#2187 = CARTESIAN_POINT ( 'NONE',  ( 0.05807086614173230521, -0.03451636727372196789, 0.005708661417322844107 ) ) ;
#2188 =( LENGTH_UNIT ( ) NAMED_UNIT ( * ) SI_UNIT ( $, .METRE. ) );
#2189 = PRESENTATION_STYLE_ASSIGNMENT (( #1298 ) ) ;
#2190 = DIRECTION ( 'NONE',  ( 0.000000000000000000, 1.000000000000000000, -0.000000000000000000 ) ) ;
#2191 = SURFACE_STYLE_FILL_AREA ( #902 ) ;
#2192 = CARTESIAN_POINT ( 'NONE',  ( -0.05807086614173229133, -0.03484251968503937480, 0.004921259842519684971 ) ) ;
#2193 = UNCERTAINTY_MEASURE_WITH_UNIT (LENGTH_MEASURE( 1.000000000000000082E-05 ), #1638, 'distance_accuracy_value', 'NONE');
#2194 = B_SPLINE_CURVE_WITH_KNOTS ( 'NONE', 3,
 ( #1091, #1969, #880, #1988 ),
 .UNSPECIFIED., .F., .F.,
 ( 4, 4 ),
 ( 0.000000000000000000, 1.000000000000000000 ),
 .UNSPECIFIED. ) ;
#2195 = LINE ( 'NONE', #1, #879 ) ;
#2196 = ADVANCED_FACE ( 'NONE', ( #2341 ), #652, .F. ) ;
#2197 = LENGTH_MEASURE_WITH_UNIT ( LENGTH_MEASURE( 0.02539999999999999897 ), #1095 );
#2198 = SURFACE_STYLE_FILL_AREA ( #2435 ) ;
#2199 =( NAMED_UNIT ( * ) SI_UNIT ( $, .STERADIAN. ) SOLID_ANGLE_UNIT ( ) );
#2200 = MECHANICAL_DESIGN_GEOMETRIC_PRESENTATION_REPRESENTATION (  '', ( #667 ), #523 ) ;
#2201 = EDGE_LOOP ( 'NONE', ( #2593, #2791, #448, #2762 ) ) ;
#2202 = CARTESIAN_POINT ( 'NONE',  ( -0.02175196850393701017, -0.008858267716535434683, 0.000000000000000000 ) ) ;
#2203 =( GEOMETRIC_REPRESENTATION_CONTEXT ( 3 ) GLOBAL_UNCERTAINTY_ASSIGNED_CONTEXT ( ( #2575 ) ) GLOBAL_UNIT_ASSIGNED_CONTEXT ( ( #2216, #2412, #1519 ) ) REPRESENTATION_CONTEXT ( 'NONE', 'WORKASPACE' ) );
#2204 = VECTOR ( 'NONE', #91, 39.37007874015748143 ) ;
#2205 = CARTESIAN_POINT ( 'NONE',  ( 0.01486220472440944948, -0.01574803149606299191, 0.000000000000000000 ) ) ;
#2206 = CYLINDRICAL_SURFACE ( 'NONE', #2717, 0.004921259842519684971 ) ;
#2207 = SURFACE_SIDE_STYLE ('',( #1124 ) ) ;
#2208 = DIRECTION ( 'NONE',  ( 0.000000000000000000, 0.000000000000000000, 1.000000000000000000 ) ) ;
#2209 = SURFACE_SIDE_STYLE ('',( #1956 ) ) ;
#2210 =( CONVERSION_BASED_UNIT ( 'INCH', #2679 ) LENGTH_UNIT ( ) NAMED_UNIT ( #393 ) );
#2211 = EDGE_CURVE ( 'NONE', #2718, #1229, #477, .T. ) ;
#2212 = PRESENTATION_LAYER_ASSIGNMENT (  '', '', ( #875 ) ) ;
#2213 = CARTESIAN_POINT ( 'NONE',  ( 0.05807086614173230521, -0.03484251968503937480, 0.005382509006005445004 ) ) ;
#2214 = LENGTH_MEASURE_WITH_UNIT ( LENGTH_MEASURE( 0.02539999999999999897 ), #2656 );
#2215 = MECHANICAL_DESIGN_GEOMETRIC_PRESENTATION_REPRESENTATION (  '', ( #2824 ), #495 ) ;
#2216 =( CONVERSION_BASED_UNIT ( 'INCH', #1281 ) LENGTH_UNIT ( ) NAMED_UNIT ( #2151 ) );
#2217 = AXIS2_PLACEMENT_3D ( 'NONE', #2834, #2220, #1717 ) ;
#2218 = EDGE_LOOP ( 'NONE', ( #569, #1191, #682, #2534 ) ) ;
#2219 = CYLINDRICAL_SURFACE ( 'NONE', #336, 0.003669581256771143728 ) ;
#2220 = DIRECTION ( 'NONE',  ( 0.000000000000000000, 0.000000000000000000, 1.000000000000000000 ) ) ;
#2221 = VECTOR ( 'NONE', #242, 39.37007874015748143 ) ;
#2222 = CYLINDRICAL_SURFACE ( 'NONE', #2342, 0.004921259842519684971 ) ;
#2223 = ORIENTED_EDGE ( 'NONE', *, *, #976, .T. ) ;
#2224 = AXIS2_PLACEMENT_3D ( 'NONE', #792, #1920, #2153 ) ;
#2225 = COLOUR_RGB ( '',0.8313725490196077761, 0.8313725490196077761, 0.8313725490196077761 ) ;
#2226 =( NAMED_UNIT ( * ) PLANE_ANGLE_UNIT ( ) SI_UNIT ( $, .RADIAN. ) );
#2227 = ORIENTED_EDGE ( 'NONE', *, *, #1389, .F. ) ;
#2228 = AXIS2_PLACEMENT_3D ( 'NONE', #1267, #2841, #2826 ) ;
#2229 = SURFACE_STYLE_FILL_AREA ( #1753 ) ;
#2230 = LINE ( 'NONE', #746, #2221 ) ;
#2231 = ORIENTED_EDGE ( 'NONE', *, *, #1468, .F. ) ;
#2232 = ADVANCED_FACE ( 'NONE', ( #1093 ), #2206, .T. ) ;
#2233 = EDGE_CURVE ( 'NONE', #2801, #23, #714, .T. ) ;
#2234 = DIRECTION ( 'NONE',  ( 0.000000000000000000, 0.000000000000000000, 1.000000000000000000 ) ) ;
#2235 = ORIENTED_EDGE ( 'NONE', *, *, #2661, .T. ) ;
#2236 = CARTESIAN_POINT ( 'NONE',  ( 0.06003937007874015491, 0.03287401574803149734, 0.0007874015748031497038 ) ) ;
#2237 = CARTESIAN_POINT ( 'NONE',  ( -0.06003937007874017573, 0.03402713865674587834, 0.004921259842519684971 ) ) ;
#2238 = FILL_AREA_STYLE_COLOUR ( '', #60 ) ;
#2239 = CARTESIAN_POINT ( 'NONE',  ( -0.04734251968503937202, 0.02263779527559055260, 0.000000000000000000 ) ) ;
#2240 = LENGTH_MEASURE_WITH_UNIT ( LENGTH_MEASURE( 0.02539999999999999897 ), #2005 );
#2241 =( CONVERSION_BASED_UNIT ( 'INCH', #516 ) LENGTH_UNIT ( ) NAMED_UNIT ( #1291 ) );
#2242 = DIRECTION ( 'NONE',  ( 0.000000000000000000, 0.000000000000000000, 1.000000000000000000 ) ) ;
#2243 = LENGTH_MEASURE_WITH_UNIT ( LENGTH_MEASURE( 0.02539999999999999897 ), #268 );
#2244 = ORIENTED_EDGE ( 'NONE', *, *, #2855, .T. ) ;
#2245 = SURFACE_SIDE_STYLE ('',( #1352 ) ) ;
#2246 = SURFACE_STYLE_FILL_AREA ( #50 ) ;
#2247 =( NAMED_UNIT ( * ) SI_UNIT ( $, .STERADIAN. ) SOLID_ANGLE_UNIT ( ) );
#2248 = COLOUR_RGB ( '',0.2862745098039215508, 0.2862745098039215508, 0.2862745098039215508 ) ;
#2249 = FILL_AREA_STYLE_COLOUR ( '', #1227 ) ;
#2250 = PRODUCT_RELATED_PRODUCT_CATEGORY ( 'part', '', ( #118 ) ) ;
#2251 =( NAMED_UNIT ( * ) PLANE_ANGLE_UNIT ( ) SI_UNIT ( $, .RADIAN. ) );
#2252 = STYLED_ITEM ( 'NONE', ( #1476 ), #2612 ) ;
#2253 = SURFACE_SIDE_STYLE ('',( #1356 ) ) ;
#2254 = AXIS2_PLACEMENT_3D ( 'NONE', #992, #952, #1147 ) ;
#2255 =( NAMED_UNIT ( * ) PLANE_ANGLE_UNIT ( ) SI_UNIT ( $, .RADIAN. ) );
#2256 = VERTEX_POINT ( 'NONE', #917 ) ;
#2257 = FACE_OUTER_BOUND ( 'NONE', #2281, .T. ) ;
#2258 = MECHANICAL_DESIGN_GEOMETRIC_PRESENTATION_REPRESENTATION (  '', ( #2553 ), #642 ) ;
#2259 =( NAMED_UNIT ( * ) PLANE_ANGLE_UNIT ( ) SI_UNIT ( $, .RADIAN. ) );
#2260 = LINE ( 'NONE', #708, #66 ) ;
#2261 = PRESENTATION_LAYER_ASSIGNMENT (  '', '', ( #719 ) ) ;
#2262 = ORIENTED_EDGE ( 'NONE', *, *, #2123, .F. ) ;
#2263 = LENGTH_MEASURE_WITH_UNIT ( LENGTH_MEASURE( 0.02539999999999999897 ), #1588 );
#2264 =( BOUNDED_SURFACE ( )  B_SPLINE_SURFACE ( 3, 3, ( 
 ( #1041, #135, #785, #2382 ),
 ( #1893, #1507, #1695, #1899 ),
 ( #592, #1272, #2805, #1936 ),
 ( #568, #1913, #2835, #2398 ) ),
 .UNSPECIFIED., .F., .F., .F. ) 
 B_SPLINE_SURFACE_WITH_KNOTS ( ( 4, 4 ),
 ( 4, 4 ),
 ( 0.000000000000000000, 1.000000000000000000 ),
 ( 0.000000000000000000, 1.000000000000000000 ),
 .UNSPECIFIED. ) 
 GEOMETRIC_REPRESENTATION_ITEM ( )  RATIONAL_B_SPLINE_SURFACE ( (
 ( 1.000000000000000000, 0.8047378541243649375, 0.8047378541243649375, 1.000000000000000000),
 ( 0.8047378541243649375, 0.6476030138606876374, 0.6476030138606876374, 0.8047378541243649375),
 ( 0.8047378541243649375, 0.6476030138606876374, 0.6476030138606876374, 0.8047378541243649375),
 ( 1.000000000000000000, 0.8047378541243649375, 0.8047378541243649375, 1.000000000000000000) ) ) 
 REPRESENTATION_ITEM ( '' )  SURFACE ( )  );
#2265 = CARTESIAN_POINT ( 'NONE',  ( -0.05903293339129760814, 0.03451636727372196789, 0.005708661417322844975 ) ) ;
#2266 = PRESENTATION_LAYER_ASSIGNMENT (  '', '', ( #1239 ) ) ;
#2267 = CARTESIAN_POINT ( 'NONE',  ( -0.04734251968503937202, 0.01574803149606299191, 0.0007874015748031497038 ) ) ;
#2268 = PRESENTATION_STYLE_ASSIGNMENT (( #515 ) ) ;
#2269 = DIRECTION ( 'NONE',  ( 0.000000000000000000, 1.000000000000000000, 0.000000000000000000 ) ) ;
#2270 = EDGE_CURVE ( 'NONE', #2718, #1562, #68, .T. ) ;
#2271 =( NAMED_UNIT ( * ) SI_UNIT ( $, .STERADIAN. ) SOLID_ANGLE_UNIT ( ) );
#2272 = MECHANICAL_DESIGN_GEOMETRIC_PRESENTATION_REPRESENTATION (  '', ( #1787 ), #1154 ) ;
#2273 = SURFACE_STYLE_USAGE ( .BOTH. , #2096 ) ;
#2274 = COLOUR_RGB ( '',1.000000000000000000, 1.000000000000000000, 1.000000000000000000 ) ;
#2275 = STYLED_ITEM ( 'NONE', ( #1680 ), #322 ) ;
#2276 = VECTOR ( 'NONE', #2208, 39.37007874015748143 ) ;
#2277 = LENGTH_MEASURE_WITH_UNIT ( LENGTH_MEASURE( 0.02539999999999999897 ), #1756 );
#2278 = STYLED_ITEM ( 'NONE', ( #508 ), #693 ) ;
#2279 = SURFACE_SIDE_STYLE ('',( #2049 ) ) ;
#2280 = PRODUCT_DEFINITION_CONTEXT ( 'detailed design', #1814, 'design' ) ;
#2281 = EDGE_LOOP ( 'NONE', ( #2673, #1218, #137, #13, #320 ) ) ;
#2282 = CARTESIAN_POINT ( 'NONE',  ( -0.04734251968503937202, -0.008858267716535434683, 0.000000000000000000 ) ) ;
#2283 =( LENGTH_UNIT ( ) NAMED_UNIT ( * ) SI_UNIT ( $, .METRE. ) );
#2284 = DIMENSIONAL_EXPONENTS ( 1.000000000000000000, 0.000000000000000000, 0.000000000000000000, 0.000000000000000000, 0.000000000000000000, 0.000000000000000000, 0.000000000000000000 ) ;
#2285 = ORIENTED_EDGE ( 'NONE', *, *, #1626, .T. ) ;
#2286 = CARTESIAN_POINT ( 'NONE',  ( -0.05807086614173229133, 0.03484251968503937480, 0.004921259842519684971 ) ) ;
#2287 = ADVANCED_FACE ( 'NONE', ( #1762 ), #2664, .T. ) ;
#2288 = EDGE_LOOP ( 'NONE', ( #1628, #506, #2336, #2285 ) ) ;
#2289 = SURFACE_STYLE_USAGE ( .BOTH. , #669 ) ;
#2290 = SURFACE_STYLE_USAGE ( .BOTH. , #728 ) ;
#2291 = DIRECTION ( 'NONE',  ( 0.000000000000000000, 0.000000000000000000, 1.000000000000000000 ) ) ;
#2292 = CARTESIAN_POINT ( 'NONE',  ( -0.02175196850393701017, 0.008858267716535434683, 0.0007874015748031497038 ) ) ;
#2293 = ORIENTED_EDGE ( 'NONE', *, *, #2855, .F. ) ;
#2294 = MECHANICAL_DESIGN_GEOMETRIC_PRESENTATION_REPRESENTATION (  '', ( #1508 ), #1773 ) ;
#2295 = LINE ( 'NONE', #2077, #1377 ) ;
#2296 =( NAMED_UNIT ( * ) PLANE_ANGLE_UNIT ( ) SI_UNIT ( $, .RADIAN. ) );
#2297 = CARTESIAN_POINT ( 'NONE',  ( 0.000000000000000000, 0.000000000000000000, 0.000000000000000000 ) ) ;
#2298 = DIMENSIONAL_EXPONENTS ( 1.000000000000000000, 0.000000000000000000, 0.000000000000000000, 0.000000000000000000, 0.000000000000000000, 0.000000000000000000, 0.000000000000000000 ) ;
#2299 = CARTESIAN_POINT ( 'NONE',  ( -0.02873375332697725160, -0.2009866715216259980, 0.000000000000000000 ) ) ;
#2300 = EDGE_CURVE ( 'NONE', #94, #2519, #764, .T. ) ;
#2301 = FILL_AREA_STYLE ('',( #739 ) ) ;
#2302 = UNCERTAINTY_MEASURE_WITH_UNIT (LENGTH_MEASURE( 1.000000000000000082E-05 ), #1277, 'distance_accuracy_value', 'NONE');
#2303 = ORIENTED_EDGE ( 'NONE', *, *, #1132, .T. ) ;
#2304 = PRESENTATION_STYLE_ASSIGNMENT (( #756 ) ) ;
#2305 =( NAMED_UNIT ( * ) PLANE_ANGLE_UNIT ( ) SI_UNIT ( $, .RADIAN. ) );
#2306 =( GEOMETRIC_REPRESENTATION_CONTEXT ( 3 ) GLOBAL_UNCERTAINTY_ASSIGNED_CONTEXT ( ( #1036 ) ) GLOBAL_UNIT_ASSIGNED_CONTEXT ( ( #1013, #1430, #27 ) ) REPRESENTATION_CONTEXT ( 'NONE', 'WORKASPACE' ) );
#2307 = FILL_AREA_STYLE ('',( #2335 ) ) ;
#2308 = STYLED_ITEM ( 'NONE', ( #979 ), #284 ) ;
#2309 = ORIENTED_EDGE ( 'NONE', *, *, #1034, .F. ) ;
#2310 = DIRECTION ( 'NONE',  ( 1.000000000000000000, 6.123233995736766036E-17, 0.000000000000000000 ) ) ;
#2311 = PRESENTATION_LAYER_ASSIGNMENT (  '', '', ( #493 ) ) ;
#2312 = ORIENTED_EDGE ( 'NONE', *, *, #1014, .F. ) ;
#2313 = AXIS2_PLACEMENT_3D ( 'NONE', #655, #1958, #2857 ) ;
#2314 = LINE ( 'NONE', #2479, #2126 ) ;
#2315 = PRESENTATION_LAYER_ASSIGNMENT (  '', '', ( #2827 ) ) ;
#2316 = APPLICATION_CONTEXT ( 'automotive_design' ) ;
#2317 = DIMENSIONAL_EXPONENTS ( 1.000000000000000000, 0.000000000000000000, 0.000000000000000000, 0.000000000000000000, 0.000000000000000000, 0.000000000000000000, 0.000000000000000000 ) ;
#2318 = AXIS2_PLACEMENT_3D ( 'NONE', #741, #1169, #1412 ) ;
#2319 = AXIS2_PLACEMENT_3D ( 'NONE', #2332, #1196, #98 ) ;
#2320 = MECHANICAL_DESIGN_GEOMETRIC_PRESENTATION_REPRESENTATION (  '', ( #1703 ), #1935 ) ;
#2321 = DIRECTION ( 'NONE',  ( 0.000000000000000000, 0.000000000000000000, -1.000000000000000000 ) ) ;
#2322 = CIRCLE ( 'NONE', #1072, 0.006889763779527559827 ) ;
#2323 = COLOUR_RGB ( '',0.8313725490196077761, 0.8313725490196077761, 0.8313725490196077761 ) ;
#2324 =( NAMED_UNIT ( * ) PLANE_ANGLE_UNIT ( ) SI_UNIT ( $, .RADIAN. ) );
#2325 = CARTESIAN_POINT ( 'NONE',  ( 0.06003937007874015491, 0.03287401574803149040, 0.004921259842519684971 ) ) ;
#2326 = EDGE_CURVE ( 'NONE', #2631, #1641, #535, .T. ) ;
#2327 = FILL_AREA_STYLE_COLOUR ( '', #2130 ) ;
#2328 = CARTESIAN_POINT ( 'NONE',  ( 0.06003937007874015491, 0.03484251968503937480, 0.000000000000000000 ) ) ;
#2329 = VERTEX_POINT ( 'NONE', #1388 ) ;
#2330 =( NAMED_UNIT ( * ) SI_UNIT ( $, .STERADIAN. ) SOLID_ANGLE_UNIT ( ) );
#2331 = DIRECTION ( 'NONE',  ( 0.000000000000000000, 0.000000000000000000, 1.000000000000000000 ) ) ;
#2332 = CARTESIAN_POINT ( 'NONE',  ( 0.000000000000000000, 0.01574803149606299191, 0.0007874015748031497038 ) ) ;
#2333 = UNCERTAINTY_MEASURE_WITH_UNIT (LENGTH_MEASURE( 1.000000000000000082E-05 ), #1767, 'distance_accuracy_value', 'NONE');
#2334 =( NAMED_UNIT ( * ) PLANE_ANGLE_UNIT ( ) SI_UNIT ( $, .RADIAN. ) );
#2335 = FILL_AREA_STYLE_COLOUR ( '', #2225 ) ;
#2336 = ORIENTED_EDGE ( 'NONE', *, *, #1632, .F. ) ;
#2337 = FACE_OUTER_BOUND ( 'NONE', #1763, .T. ) ;
#2338 = ADVANCED_FACE ( 'NONE', ( #1653 ), #1206, .T. ) ;
#2339 =( NAMED_UNIT ( * ) PLANE_ANGLE_UNIT ( ) SI_UNIT ( $, .RADIAN. ) );
#2340 = VERTEX_POINT ( 'NONE', #2161 ) ;
#2341 = FACE_OUTER_BOUND ( 'NONE', #2102, .T. ) ;
#2342 = AXIS2_PLACEMENT_3D ( 'NONE', #514, #742, #1606 ) ;
#2343 = STYLED_ITEM ( 'NONE', ( #2393 ), #2660 ) ;
#2344 = SURFACE_STYLE_USAGE ( .BOTH. , #1454 ) ;
#2345 = COLOUR_RGB ( '',0.8313725490196077761, 0.8313725490196077761, 0.8313725490196077761 ) ;
#2346 = EDGE_LOOP ( 'NONE', ( #510, #1788, #2051, #2501 ) ) ;
#2347 = SURFACE_STYLE_USAGE ( .BOTH. , #2607 ) ;
#2348 = LENGTH_MEASURE_WITH_UNIT ( LENGTH_MEASURE( 0.02539999999999999897 ), #1898 );
#2349 = ORIENTED_EDGE ( 'NONE', *, *, #1468, .T. ) ;
#2350 =( CONVERSION_BASED_UNIT ( 'INCH', #2792 ) LENGTH_UNIT ( ) NAMED_UNIT ( #1843 ) );
#2351 =( CONVERSION_BASED_UNIT ( 'INCH', #175 ) LENGTH_UNIT ( ) NAMED_UNIT ( #1025 ) );
#2352 = DIMENSIONAL_EXPONENTS ( 1.000000000000000000, 0.000000000000000000, 0.000000000000000000, 0.000000000000000000, 0.000000000000000000, 0.000000000000000000, 0.000000000000000000 ) ;
#2353 = VERTEX_POINT ( 'NONE', #1274 ) ;
#2354 = LENGTH_MEASURE_WITH_UNIT ( LENGTH_MEASURE( 0.02539999999999999897 ), #178 );
#2355 = ADVANCED_FACE ( 'NONE', ( #1914 ), #1711, .T. ) ;
#2356 = FILL_AREA_STYLE ('',( #1916 ) ) ;
#2357 = LENGTH_MEASURE_WITH_UNIT ( LENGTH_MEASURE( 0.02539999999999999897 ), #767 );
#2358 = STYLED_ITEM ( 'NONE', ( #766 ), #2142 ) ;
#2359 = AXIS2_PLACEMENT_3D ( 'NONE', #932, #1201, #370 ) ;
#2360 =( LENGTH_UNIT ( ) NAMED_UNIT ( * ) SI_UNIT ( $, .METRE. ) );
#2361 = EDGE_CURVE ( 'NONE', #1081, #2440, #2672, .T. ) ;
#2362 = AXIS2_PLACEMENT_3D ( 'NONE', #2772, #1875, #1479 ) ;
#2363 = FACE_OUTER_BOUND ( 'NONE', #2547, .T. ) ;
#2364 = COLOUR_RGB ( '',1.000000000000000000, 1.000000000000000000, 1.000000000000000000 ) ;
#2365 = UNCERTAINTY_MEASURE_WITH_UNIT (LENGTH_MEASURE( 1.000000000000000082E-05 ), #2351, 'distance_accuracy_value', 'NONE');
#2366 = AXIS2_PLACEMENT_3D ( 'NONE', #356, #113, #2770 ) ;
#2367 = ORIENTED_EDGE ( 'NONE', *, *, #1204, .T. ) ;
#2368 = VECTOR ( 'NONE', #2401, 39.37007874015748143 ) ;
#2369 = SURFACE_STYLE_USAGE ( .BOTH. , #1231 ) ;
#2370 = ORIENTED_EDGE ( 'NONE', *, *, #471, .T. ) ;
#2371 = CARTESIAN_POINT ( 'NONE',  ( -0.01486220472440944948, -0.01574803149606299191, 0.0007874015748031497038 ) ) ;
#2372 =( LENGTH_UNIT ( ) NAMED_UNIT ( * ) SI_UNIT ( $, .METRE. ) );
#2373 = FILL_AREA_STYLE_COLOUR ( '', #267 ) ;
#2374 = ORIENTED_EDGE ( 'NONE', *, *, #2840, .T. ) ;
#2375 = FILL_AREA_STYLE ('',( #1702 ) ) ;
#2376 = ADVANCED_FACE ( 'NONE', ( #816 ), #1026, .F. ) ;
#2377 =( LENGTH_UNIT ( ) NAMED_UNIT ( * ) SI_UNIT ( $, .METRE. ) );
#2378 = UNCERTAINTY_MEASURE_WITH_UNIT (LENGTH_MEASURE( 1.000000000000000082E-05 ), #363, 'distance_accuracy_value', 'NONE');
#2379 = PRESENTATION_STYLE_ASSIGNMENT (( #148 ) ) ;
#2380 = CARTESIAN_POINT ( 'NONE',  ( 0.05807086614173229133, 0.03451636727372196789, 0.005708661417322829362 ) ) ;
#2381 = PRESENTATION_STYLE_ASSIGNMENT (( #2659 ) ) ;
#2382 = CARTESIAN_POINT ( 'NONE',  ( -0.06003937007874016879, -0.03287401574803149040, 0.004921259842519684971 ) ) ;
#2383 = DIRECTION ( 'NONE',  ( -1.000000000000000000, 0.000000000000000000, 0.000000000000000000 ) ) ;
#2384 = CARTESIAN_POINT ( 'NONE',  ( 0.03454724409448818589, -0.01574803149606299191, 0.000000000000000000 ) ) ;
#2385 = FILL_AREA_STYLE_COLOUR ( '', #974 ) ;
#2386 = COLOUR_RGB ( '',0.8313725490196077761, 0.8313725490196077761, 0.8313725490196077761 ) ;
#2387 = CARTESIAN_POINT ( 'NONE',  ( -0.02175196850393701017, 0.008858267716535434683, 0.000000000000000000 ) ) ;
#2388 = COLOUR_RGB ( '',0.8313725490196077761, 0.8313725490196077761, 0.8313725490196077761 ) ;
#2389 = DIMENSIONAL_EXPONENTS ( 1.000000000000000000, 0.000000000000000000, 0.000000000000000000, 0.000000000000000000, 0.000000000000000000, 0.000000000000000000, 0.000000000000000000 ) ;
#2390 = EDGE_CURVE ( 'NONE', #327, #2041, #1962, .T. ) ;
#2391 = SURFACE_STYLE_USAGE ( .BOTH. , #1945 ) ;
#2392 = COLOUR_RGB ( '',0.8313725490196077761, 0.8313725490196077761, 0.8313725490196077761 ) ;
#2393 = PRESENTATION_STYLE_ASSIGNMENT (( #2657 ) ) ;
#2394 = ORIENTED_EDGE ( 'NONE', *, *, #649, .F. ) ;
#2395 = ORIENTED_EDGE ( 'NONE', *, *, #176, .F. ) ;
#2396 = FILL_AREA_STYLE ('',( #1964 ) ) ;
#2397 = SURFACE_SIDE_STYLE ('',( #2180 ) ) ;
#2398 = CARTESIAN_POINT ( 'NONE',  ( -0.05925196850393701919, -0.03287401574803149040, 0.005708661417322834566 ) ) ;
#2399 = SURFACE_SIDE_STYLE ('',( #2191 ) ) ;
#2400 = PRODUCT_DEFINITION_FORMATION_WITH_SPECIFIED_SOURCE ( 'ANY', '', #118, .NOT_KNOWN. ) ;
#2401 = DIRECTION ( 'NONE',  ( 0.000000000000000000, 0.000000000000000000, -1.000000000000000000 ) ) ;
#2402 = AXIS2_PLACEMENT_3D ( 'NONE', #632, #1720, #850 ) ;
#2403 = PRESENTATION_STYLE_ASSIGNMENT (( #2614 ) ) ;
#2404 = MECHANICAL_DESIGN_GEOMETRIC_PRESENTATION_REPRESENTATION (  '', ( #2415 ), #265 ) ;
#2405 = CIRCLE ( 'NONE', #266, 0.0007874015748031516554 ) ;
#2406 = FILL_AREA_STYLE_COLOUR ( '', #1740 ) ;
#2407 = PRESENTATION_LAYER_ASSIGNMENT (  '', '', ( #2358 ) ) ;
#2408 = FILL_AREA_STYLE_COLOUR ( '', #43 ) ;
#2409 = CIRCLE ( 'NONE', #925, 0.001968503937007870519 ) ;
#2410 = COLOUR_RGB ( '',0.8313725490196077761, 0.8313725490196077761, 0.8313725490196077761 ) ;
#2411 = EDGE_CURVE ( 'NONE', #93, #54, #2427, .T. ) ;
#2412 =( NAMED_UNIT ( * ) PLANE_ANGLE_UNIT ( ) SI_UNIT ( $, .RADIAN. ) );
#2413 = ORIENTED_EDGE ( 'NONE', *, *, #2048, .T. ) ;
#2414 = DIRECTION ( 'NONE',  ( -1.000000000000000000, 0.000000000000000000, 0.000000000000000000 ) ) ;
#2415 = STYLED_ITEM ( 'NONE', ( #215 ), #1821 ) ;
#2416 = EDGE_CURVE ( 'NONE', #582, #1871, #619, .T. ) ;
#2417 =( GEOMETRIC_REPRESENTATION_CONTEXT ( 3 ) GLOBAL_UNCERTAINTY_ASSIGNED_CONTEXT ( ( #400 ) ) GLOBAL_UNIT_ASSIGNED_CONTEXT ( ( #2700, #1112, #250 ) ) REPRESENTATION_CONTEXT ( 'NONE', 'WORKASPACE' ) );
#2418 = ORIENTED_EDGE ( 'NONE', *, *, #836, .F. ) ;
#2419 = ORIENTED_EDGE ( 'NONE', *, *, #2270, .T. ) ;
#2420 = CARTESIAN_POINT ( 'NONE',  ( -0.06003937007874016879, -0.03287401574803149734, 0.004921259842519684971 ) ) ;
#2421 = CYLINDRICAL_SURFACE ( 'NONE', #1158, 0.0007874015748031495954 ) ;
#2422 = DIRECTION ( 'NONE',  ( 1.000000000000000000, -0.000000000000000000, -0.000000000000000000 ) ) ;
#2423 = FILL_AREA_STYLE_COLOUR ( '', #1657 ) ;
#2424 = VERTEX_POINT ( 'NONE', #1554 ) ;
#2425 = FILL_AREA_STYLE_COLOUR ( '', #1070 ) ;
#2426 = APPLICATION_CONTEXT ( 'automotive_design' ) ;
#2427 = LINE ( 'NONE', #2461, #1816 ) ;
#2428 = ORIENTED_EDGE ( 'NONE', *, *, #1794, .T. ) ;
#2429 =( LENGTH_UNIT ( ) NAMED_UNIT ( * ) SI_UNIT ( $, .METRE. ) );
#2430 = EDGE_CURVE ( 'NONE', #1504, #2718, #2000, .T. ) ;
#2431 = DIRECTION ( 'NONE',  ( 0.000000000000000000, 0.000000000000000000, -1.000000000000000000 ) ) ;
#2432 = CARTESIAN_POINT ( 'NONE',  ( -0.05807086614173229133, -0.03405511811023621827, 0.005708661417322834566 ) ) ;
#2433 = DIRECTION ( 'NONE',  ( 0.000000000000000000, 0.000000000000000000, -1.000000000000000000 ) ) ;
#2434 = AXIS2_PLACEMENT_3D ( 'NONE', #1090, #1783, #2691 ) ;
#2435 = FILL_AREA_STYLE ('',( #625 ) ) ;
#2436 = LINE ( 'NONE', #609, #331 ) ;
#2437 = SHAPE_REPRESENTATION_RELATIONSHIP ( 'NONE' , 'NONE' ,  #1831, #794 ) ;
#2438 = SURFACE_STYLE_USAGE ( .BOTH. , #2177 ) ;
#2439 = VECTOR ( 'NONE', #929, 39.37007874015748143 ) ;
#2440 = VERTEX_POINT ( 'NONE', #1526 ) ;
#2441 = SURFACE_STYLE_USAGE ( .BOTH. , #1747 ) ;
#2442 = CARTESIAN_POINT ( 'NONE',  ( -0.05925196850393700532, 0.03287401574803149734, 0.005708661417322834566 ) ) ;
#2443 = VERTEX_POINT ( 'NONE', #2442 ) ;
#2444 = CARTESIAN_POINT ( 'NONE',  ( -0.05807086614173229133, -0.03405511811023621827, 0.005708661417322834566 ) ) ;
#2445 = CARTESIAN_POINT ( 'NONE',  ( 0.04734251968503937202, -0.01574803149606299191, 0.000000000000000000 ) ) ;
#2446 =( NAMED_UNIT ( * ) SI_UNIT ( $, .STERADIAN. ) SOLID_ANGLE_UNIT ( ) );
#2447 = ADVANCED_FACE ( 'NONE', ( #10 ), #2662, .T. ) ;
#2448 = EDGE_CURVE ( 'NONE', #615, #982, #706, .T. ) ;
#2449 = AXIS2_PLACEMENT_3D ( 'NONE', #2297, #968, #1838 ) ;
#2450 = DIRECTION ( 'NONE',  ( 1.000000000000000000, 0.000000000000000000, 0.000000000000000000 ) ) ;
#2451 = EDGE_CURVE ( 'NONE', #1641, #2440, #630, .T. ) ;
#2452 = PRESENTATION_LAYER_ASSIGNMENT (  '', '', ( #2069 ) ) ;
#2453 = STYLED_ITEM ( 'NONE', ( #762 ), #872 ) ;
#2454 = DIRECTION ( 'NONE',  ( 1.000000000000000000, 0.000000000000000000, 0.000000000000000000 ) ) ;
#2455 = VECTOR ( 'NONE', #1646, 39.37007874015748143 ) ;
#2456 = PRESENTATION_LAYER_ASSIGNMENT (  '', '', ( #675 ) ) ;
#2457 = ORIENTED_EDGE ( 'NONE', *, *, #889, .F. ) ;
#2458 = CARTESIAN_POINT ( 'NONE',  ( 0.05924009419712385899, 0.03352251381482751480, 0.005708661417322834566 ) ) ;
#2459 = CARTESIAN_POINT ( 'NONE',  ( -0.02873375332697725160, -0.2009866715216259980, 7.874015748031495683E-05 ) ) ;
#2460 = CIRCLE ( 'NONE', #1573, 0.004921259842519684971 ) ;
#2461 = CARTESIAN_POINT ( 'NONE',  ( -0.04734251968503937202, 0.02263779527559055260, 0.000000000000000000 ) ) ;
#2462 = STYLED_ITEM ( 'NONE', ( #1453 ), #1880 ) ;
#2463 = PRESENTATION_LAYER_ASSIGNMENT (  '', '', ( #639 ) ) ;
#2464 = CARTESIAN_POINT ( 'NONE',  ( -0.06003937007874016185, -0.03287401574803149734, 0.000000000000000000 ) ) ;
#2465 = ORIENTED_EDGE ( 'NONE', *, *, #1372, .T. ) ;
#2466 = SURFACE_SIDE_STYLE ('',( #654 ) ) ;
#2467 =( LENGTH_UNIT ( ) NAMED_UNIT ( * ) SI_UNIT ( $, .METRE. ) );
#2468 = DIRECTION ( 'NONE',  ( -1.000000000000000000, 0.000000000000000000, 0.000000000000000000 ) ) ;
#2469 = EDGE_CURVE ( 'NONE', #153, #289, #220, .T. ) ;
#2470 =( NAMED_UNIT ( * ) PLANE_ANGLE_UNIT ( ) SI_UNIT ( $, .RADIAN. ) );
#2471 = ORIENTED_EDGE ( 'NONE', *, *, #1085, .F. ) ;
#2472 =( NAMED_UNIT ( * ) SI_UNIT ( $, .STERADIAN. ) SOLID_ANGLE_UNIT ( ) );
#2473 = PRESENTATION_STYLE_ASSIGNMENT (( #2515 ) ) ;
#2474 =( CONVERSION_BASED_UNIT ( 'INCH', #2743 ) LENGTH_UNIT ( ) NAMED_UNIT ( #840 ) );
#2475 = FILL_AREA_STYLE_COLOUR ( '', #446 ) ;
#2476 = FILL_AREA_STYLE_COLOUR ( '', #2410 ) ;
#2477 = DIRECTION ( 'NONE',  ( 0.000000000000000000, -1.000000000000000000, 0.000000000000000000 ) ) ;
#2478 = ORIENTED_EDGE ( 'NONE', *, *, #1033, .F. ) ;
#2479 = CARTESIAN_POINT ( 'NONE',  ( 0.000000000000000000, 0.008858267716535434683, 0.0007874015748031497038 ) ) ;
#2480 = PRESENTATION_STYLE_ASSIGNMENT (( #1348 ) ) ;
#2481 = FACE_OUTER_BOUND ( 'NONE', #1415, .T. ) ;
#2482 =( NAMED_UNIT ( * ) SI_UNIT ( $, .STERADIAN. ) SOLID_ANGLE_UNIT ( ) );
#2483 = ADVANCED_FACE ( 'NONE', ( #409 ), #2222, .T. ) ;
#2484 = PRODUCT_DEFINITION_CONTEXT ( 'detailed design', #768, 'design' ) ;
#2485 = ORIENTED_EDGE ( 'NONE', *, *, #2416, .T. ) ;
#2486 = FACE_OUTER_BOUND ( 'NONE', #2757, .T. ) ;
#2487 = AXIS2_PLACEMENT_3D ( 'NONE', #292, #2052, #257 ) ;
#2488 = LENGTH_MEASURE_WITH_UNIT ( LENGTH_MEASURE( 0.02539999999999999897 ), #1640 );
#2489 = VERTEX_POINT ( 'NONE', #475 ) ;
#2490 = DIRECTION ( 'NONE',  ( -1.000000000000000000, 0.000000000000000000, 0.000000000000000000 ) ) ;
#2491 =( GEOMETRIC_REPRESENTATION_CONTEXT ( 3 ) GLOBAL_UNCERTAINTY_ASSIGNED_CONTEXT ( ( #1601 ) ) GLOBAL_UNIT_ASSIGNED_CONTEXT ( ( #1038, #2669, #1087 ) ) REPRESENTATION_CONTEXT ( 'NONE', 'WORKASPACE' ) );
#2492 = EDGE_LOOP ( 'NONE', ( #294, #1735, #2413, #2775 ) ) ;
#2493 = CARTESIAN_POINT ( 'NONE',  ( -0.05925196850393701919, -0.03287401574803149734, 0.004921259842519684971 ) ) ;
#2494 = ORIENTED_EDGE ( 'NONE', *, *, #996, .F. ) ;
#2495 =( NAMED_UNIT ( * ) PLANE_ANGLE_UNIT ( ) SI_UNIT ( $, .RADIAN. ) );
#2496 = CLOSED_SHELL ( 'NONE', ( #1317, #1350, #1825, #1115, #2563, #1464, #1880 ) ) ;
#2497 = AXIS2_PLACEMENT_3D ( 'NONE', #240, #1512, #635 ) ;
#2498 = EDGE_CURVE ( 'NONE', #893, #525, #301, .T. ) ;
#2499 = CIRCLE ( 'NONE', #593, 0.006889763779527559827 ) ;
#2500 = PRESENTATION_STYLE_ASSIGNMENT (( #2290 ) ) ;
#2501 = ORIENTED_EDGE ( 'NONE', *, *, #870, .F. ) ;
#2502 = CARTESIAN_POINT ( 'NONE',  ( 0.02175196850393701017, 0.02263779527559055260, 0.0007874015748031497038 ) ) ;
#2503 = AXIS2_PLACEMENT_3D ( 'NONE', #509, #2242, #2454 ) ;
#2504 = DIRECTION ( 'NONE',  ( 0.000000000000000000, -0.000000000000000000, 1.000000000000000000 ) ) ;
#2505 = EDGE_CURVE ( 'NONE', #2424, #1401, #1358, .T. ) ;
#2506 = STYLED_ITEM ( 'NONE', ( #623 ), #1464 ) ;
#2507 = DIRECTION ( 'NONE',  ( 0.000000000000000000, 0.000000000000000000, 1.000000000000000000 ) ) ;
#2508 = CARTESIAN_POINT ( 'NONE',  ( 0.06003937007874015491, 0.03484251968503937480, 0.004921259842519684971 ) ) ;
#2509 = DIRECTION ( 'NONE',  ( 1.000000000000000000, 0.000000000000000000, -0.000000000000000000 ) ) ;
#2510 = AXIS2_PLACEMENT_3D ( 'NONE', #161, #1259, #812 ) ;
#2511 = CARTESIAN_POINT ( 'NONE',  ( -0.02449605933727756063, 0.1755978748459854633, 0.005669291338582677434 ) ) ;
#2512 = SURFACE_STYLE_USAGE ( .BOTH. , #721 ) ;
#2513 = UNCERTAINTY_MEASURE_WITH_UNIT (LENGTH_MEASURE( 1.000000000000000082E-05 ), #414, 'distance_accuracy_value', 'NONE');
#2514 = ORIENTED_EDGE ( 'NONE', *, *, #123, .F. ) ;
#2515 = SURFACE_STYLE_USAGE ( .BOTH. , #2526 ) ;
#2516 = LENGTH_MEASURE_WITH_UNIT ( LENGTH_MEASURE( 0.02539999999999999897 ), #1802 );
#2517 = FILL_AREA_STYLE ('',( #2006 ) ) ;
#2518 =( CONVERSION_BASED_UNIT ( 'INCH', #1627 ) LENGTH_UNIT ( ) NAMED_UNIT ( #150 ) );
#2519 = VERTEX_POINT ( 'NONE', #530 ) ;
#2520 = ORIENTED_EDGE ( 'NONE', *, *, #1404, .T. ) ;
#2521 = DIRECTION ( 'NONE',  ( -1.000000000000000000, 0.000000000000000000, 0.000000000000000000 ) ) ;
#2522 = EDGE_CURVE ( 'NONE', #261, #567, #251, .T. ) ;
#2523 = APPLICATION_PROTOCOL_DEFINITION ( 'draft international standard', 'automotive_design', 1998, #1814 ) ;
#2524 = PLANE ( 'NONE',  #834 ) ;
#2525 = ORIENTED_EDGE ( 'NONE', *, *, #1114, .T. ) ;
#2526 = SURFACE_SIDE_STYLE ('',( #1168 ) ) ;
#2527 = DIMENSIONAL_EXPONENTS ( 1.000000000000000000, 0.000000000000000000, 0.000000000000000000, 0.000000000000000000, 0.000000000000000000, 0.000000000000000000, 0.000000000000000000 ) ;
#2528 =( CONVERSION_BASED_UNIT ( 'INCH', #2488 ) LENGTH_UNIT ( ) NAMED_UNIT ( #1480 ) );
#2529 = EDGE_LOOP ( 'NONE', ( #1885, #2293, #1368, #1654, #1417 ) ) ;
#2530 = SURFACE_STYLE_FILL_AREA ( #937 ) ;
#2531 = LINE ( 'NONE', #534, #1153 ) ;
#2532 = STYLED_ITEM ( 'NONE', ( #2500 ), #2483 ) ;
#2533 =( CONVERSION_BASED_UNIT ( 'INCH', #2746 ) LENGTH_UNIT ( ) NAMED_UNIT ( #408 ) );
#2534 = ORIENTED_EDGE ( 'NONE', *, *, #1758, .T. ) ;
#2535 = PRESENTATION_LAYER_ASSIGNMENT (  '', '', ( #2343 ) ) ;
#2536 = CARTESIAN_POINT ( 'NONE',  ( 0.04734251968503937202, 0.02263779527559055260, 0.000000000000000000 ) ) ;
#2537 = SURFACE_STYLE_FILL_AREA ( #1175 ) ;
#2538 = PRODUCT_CONTEXT ( 'NONE', #2091, 'mechanical' ) ;
#2539 = EDGE_CURVE ( 'NONE', #982, #1172, #1135, .T. ) ;
#2540 = UNCERTAINTY_MEASURE_WITH_UNIT (LENGTH_MEASURE( 1.000000000000000082E-05 ), #1672, 'distance_accuracy_value', 'NONE');
#2541 = EDGE_LOOP ( 'NONE', ( #696, #254, #2349, #656 ) ) ;
#2542 = CYLINDRICAL_SURFACE ( 'NONE', #2699, 0.006889763779527559827 ) ;
#2543 = DIMENSIONAL_EXPONENTS ( 1.000000000000000000, 0.000000000000000000, 0.000000000000000000, 0.000000000000000000, 0.000000000000000000, 0.000000000000000000, 0.000000000000000000 ) ;
#2544 = DIRECTION ( 'NONE',  ( 0.000000000000000000, 0.000000000000000000, 1.000000000000000000 ) ) ;
#2545 =( NAMED_UNIT ( * ) SI_UNIT ( $, .STERADIAN. ) SOLID_ANGLE_UNIT ( ) );
#2546 = CIRCLE ( 'NONE', #2402, 0.0007874015748031495954 ) ;
#2547 = EDGE_LOOP ( 'NONE', ( #1527, #890, #497, #232, #1056 ) ) ;
#2548 = SURFACE_STYLE_USAGE ( .BOTH. , #1681 ) ;
#2549 = STYLED_ITEM ( 'NONE', ( #613 ), #1812 ) ;
#2550 =( CONVERSION_BASED_UNIT ( 'INCH', #2732 ) LENGTH_UNIT ( ) NAMED_UNIT ( #1080 ) );
#2551 = CIRCLE ( 'NONE', #1612, 0.0007874015748031516554 ) ;
#2552 =( BOUNDED_CURVE ( )  B_SPLINE_CURVE ( 3, ( #2432, #434, #1318, #691 ),
 .UNSPECIFIED., .F., .F. ) 
 B_SPLINE_CURVE_WITH_KNOTS ( ( 4, 4 ),
 ( 0.000000000000000000, 1.000000000000000000 ),
 .UNSPECIFIED. ) 
 CURVE ( )  GEOMETRIC_REPRESENTATION_ITEM ( )  RATIONAL_B_SPLINE_CURVE ( ( 1.000000000000000000, 0.8047378541243649375, 0.8047378541243649375, 1.000000000000000000 ) ) 
 REPRESENTATION_ITEM ( '' )  );
#2553 = STYLED_ITEM ( 'NONE', ( #2790 ), #298 ) ;
#2554 = FILL_AREA_STYLE_COLOUR ( '', #2392 ) ;
#2555 = DIMENSIONAL_EXPONENTS ( 1.000000000000000000, 0.000000000000000000, 0.000000000000000000, 0.000000000000000000, 0.000000000000000000, 0.000000000000000000, 0.000000000000000000 ) ;
#2556 = ORIENTED_EDGE ( 'NONE', *, *, #956, .T. ) ;
#2557 =( GEOMETRIC_REPRESENTATION_CONTEXT ( 3 ) GLOBAL_UNCERTAINTY_ASSIGNED_CONTEXT ( ( #1826 ) ) GLOBAL_UNIT_ASSIGNED_CONTEXT ( ( #2702, #2259, #2721 ) ) REPRESENTATION_CONTEXT ( 'NONE', 'WORKASPACE' ) );
#2558 = DIRECTION ( 'NONE',  ( 0.000000000000000000, 0.000000000000000000, 1.000000000000000000 ) ) ;
#2559 =( NAMED_UNIT ( * ) PLANE_ANGLE_UNIT ( ) SI_UNIT ( $, .RADIAN. ) );
#2560 = CIRCLE ( 'NONE', #2362, 0.004921259842519684971 ) ;
#2561 = SHAPE_DEFINITION_REPRESENTATION ( #1867, #1831 ) ;
#2562 = VECTOR ( 'NONE', #664, 39.37007874015748143 ) ;
#2563 = ADVANCED_FACE ( 'NONE', ( #2067 ), #2040, .T. ) ;
#2564 = CARTESIAN_POINT ( 'NONE',  ( 0.000000000000000000, 0.02263779527559055260, 0.0007874015748031497038 ) ) ;
#2565 = FILL_AREA_STYLE ('',( #1244 ) ) ;
#2566 = EDGE_LOOP ( 'NONE', ( #2244, #2303, #2814, #804 ) ) ;
#2567 = CARTESIAN_POINT ( 'NONE',  ( -0.04734251968503937202, 0.008858267716535434683, 0.000000000000000000 ) ) ;
#2568 =( NAMED_UNIT ( * ) SI_UNIT ( $, .STERADIAN. ) SOLID_ANGLE_UNIT ( ) );
#2569 = ORIENTED_EDGE ( 'NONE', *, *, #1589, .F. ) ;
#2570 = CARTESIAN_POINT ( 'NONE',  ( -0.05925196850393698450, 0.03356588949326011484, 0.005708661417322834566 ) ) ;
#2571 = LENGTH_MEASURE_WITH_UNIT ( LENGTH_MEASURE( 0.02539999999999999897 ), #1012 );
#2572 =( BOUNDED_SURFACE ( )  B_SPLINE_SURFACE ( 3, 3, ( 
 ( #1345, #2237, #429, #248 ),
 ( #2012, #2182, #2850, #861 ),
 ( #206, #41, #2265, #306 ),
 ( #51, #273, #1183, #2742 ) ),
 .UNSPECIFIED., .F., .F., .F. ) 
 B_SPLINE_SURFACE_WITH_KNOTS ( ( 4, 4 ),
 ( 4, 4 ),
 ( 0.000000000000000000, 1.000000000000000000 ),
 ( 0.000000000000000000, 1.000000000000000000 ),
 .UNSPECIFIED. ) 
 GEOMETRIC_REPRESENTATION_ITEM ( )  RATIONAL_B_SPLINE_SURFACE ( (
 ( 1.000000000000000000, 0.8047378541243649375, 0.8047378541243649375, 1.000000000000000000),
 ( 0.8047378541243599415, 0.6476030138606836406, 0.6476030138606836406, 0.8047378541243599415),
 ( 0.8047378541243599415, 0.6476030138606836406, 0.6476030138606836406, 0.8047378541243599415),
 ( 1.000000000000000000, 0.8047378541243649375, 0.8047378541243649375, 1.000000000000000000) ) ) 
 REPRESENTATION_ITEM ( '' )  SURFACE ( )  );
#2573 = SURFACE_SIDE_STYLE ('',( #2797 ) ) ;
#2574 = CYLINDRICAL_SURFACE ( 'NONE', #272, 0.001968503937007870519 ) ;
#2575 = UNCERTAINTY_MEASURE_WITH_UNIT (LENGTH_MEASURE( 1.000000000000000082E-05 ), #2216, 'distance_accuracy_value', 'NONE');
#2576 = FILL_AREA_STYLE_COLOUR ( '', #35 ) ;
#2577 = CARTESIAN_POINT ( 'NONE',  ( 0.05925196850393703307, 0.03356588949326012178, 0.005708661417322834566 ) ) ;
#2578 = CARTESIAN_POINT ( 'NONE',  ( 0.06003937007874015491, -0.03287401574803149734, 0.0007874015748031497038 ) ) ;
#2579 = ADVANCED_FACE ( 'NONE', ( #1443 ), #736, .T. ) ;
#2580 = EDGE_LOOP ( 'NONE', ( #1900, #1963, #993, #2074 ) ) ;
#2581 = MECHANICAL_DESIGN_GEOMETRIC_PRESENTATION_REPRESENTATION (  '', ( #2532 ), #2109 ) ;
#2582 =( REPRESENTATION_RELATIONSHIP ('NONE','NONE', #2621, #1831 ) REPRESENTATION_RELATIONSHIP_WITH_TRANSFORMATION ( #557 )SHAPE_REPRESENTATION_RELATIONSHIP( ) );
#2583 =( NAMED_UNIT ( * ) SI_UNIT ( $, .STERADIAN. ) SOLID_ANGLE_UNIT ( ) );
#2584 =( NAMED_UNIT ( * ) SI_UNIT ( $, .STERADIAN. ) SOLID_ANGLE_UNIT ( ) );
#2585 = COLOUR_RGB ( '',0.8313725490196077761, 0.8313725490196077761, 0.8313725490196077761 ) ;
#2586 = LENGTH_MEASURE_WITH_UNIT ( LENGTH_MEASURE( 0.02539999999999999897 ), #1242 );
#2587 = CARTESIAN_POINT ( 'NONE',  ( 0.000000000000000000, 0.000000000000000000, 0.000000000000000000 ) ) ;
#2588 = DIRECTION ( 'NONE',  ( 0.000000000000000000, 0.000000000000000000, -1.000000000000000000 ) ) ;
#2589 = ORIENTED_EDGE ( 'NONE', *, *, #521, .F. ) ;
#2590 =( NAMED_UNIT ( * ) SI_UNIT ( $, .STERADIAN. ) SOLID_ANGLE_UNIT ( ) );
#2591 = CARTESIAN_POINT ( 'NONE',  ( 0.05807086614173229133, -0.03287401574803149734, 0.004921259842519684971 ) ) ;
#2592 = PRESENTATION_STYLE_ASSIGNMENT (( #1449 ) ) ;
#2593 = ORIENTED_EDGE ( 'NONE', *, *, #1939, .T. ) ;
#2594 = VECTOR ( 'NONE', #2862, 39.37007874015748143 ) ;
#2595 =( GEOMETRIC_REPRESENTATION_CONTEXT ( 3 ) GLOBAL_UNCERTAINTY_ASSIGNED_CONTEXT ( ( #1487 ) ) GLOBAL_UNIT_ASSIGNED_CONTEXT ( ( #1514, #1307, #2655 ) ) REPRESENTATION_CONTEXT ( 'NONE', 'WORKASPACE' ) );
#2596 = SURFACE_STYLE_USAGE ( .BOTH. , #1699 ) ;
#2597 =( GEOMETRIC_REPRESENTATION_CONTEXT ( 3 ) GLOBAL_UNCERTAINTY_ASSIGNED_CONTEXT ( ( #1571 ) ) GLOBAL_UNIT_ASSIGNED_CONTEXT ( ( #1403, #2296, #286 ) ) REPRESENTATION_CONTEXT ( 'NONE', 'WORKASPACE' ) );
#2598 =( CONVERSION_BASED_UNIT ( 'INCH', #2357 ) LENGTH_UNIT ( ) NAMED_UNIT ( #167 ) );
#2599 = CIRCLE ( 'NONE', #1473, 0.006889763779527559827 ) ;
#2600 = VECTOR ( 'NONE', #1965, 39.37007874015748143 ) ;
#2601 = CIRCLE ( 'NONE', #1929, 0.0007874015748031516554 ) ;
#2602 = PRESENTATION_LAYER_ASSIGNMENT (  '', '', ( #2174 ) ) ;
#2603 =( NAMED_UNIT ( * ) PLANE_ANGLE_UNIT ( ) SI_UNIT ( $, .RADIAN. ) );
#2604 = PRESENTATION_LAYER_ASSIGNMENT (  '', '', ( #1203 ) ) ;
#2605 = UNCERTAINTY_MEASURE_WITH_UNIT (LENGTH_MEASURE( 1.000000000000000082E-05 ), #689, 'distance_accuracy_value', 'NONE');
#2606 = PRESENTATION_STYLE_ASSIGNMENT (( #1474 ) ) ;
#2607 = SURFACE_SIDE_STYLE ('',( #604 ) ) ;
#2608 = ORIENTED_EDGE ( 'NONE', *, *, #2676, .F. ) ;
#2609 =( LENGTH_UNIT ( ) NAMED_UNIT ( * ) SI_UNIT ( $, .METRE. ) );
#2610 =( LENGTH_UNIT ( ) NAMED_UNIT ( * ) SI_UNIT ( $, .METRE. ) );
#2611 = VERTEX_POINT ( 'NONE', #2148 ) ;
#2612 = ADVANCED_FACE ( 'NONE', ( #112 ), #1006, .T. ) ;
#2613 = FILL_AREA_STYLE ('',( #1921 ) ) ;
#2614 = SURFACE_STYLE_USAGE ( .BOTH. , #842 ) ;
#2615 = CARTESIAN_POINT ( 'NONE',  ( 0.04734251968503937202, -0.01574803149606299191, 0.0007874015748031497038 ) ) ;
#2616 = DIRECTION ( 'NONE',  ( 1.000000000000000000, 1.836970198721029688E-16, -0.000000000000000000 ) ) ;
#2617 = PRESENTATION_STYLE_ASSIGNMENT (( #1718 ) ) ;
#2618 = DIMENSIONAL_EXPONENTS ( 1.000000000000000000, 0.000000000000000000, 0.000000000000000000, 0.000000000000000000, 0.000000000000000000, 0.000000000000000000, 0.000000000000000000 ) ;
#2619 =( NAMED_UNIT ( * ) SI_UNIT ( $, .STERADIAN. ) SOLID_ANGLE_UNIT ( ) );
#2620 = CARTESIAN_POINT ( 'NONE',  ( 0.04734251968503937202, -0.02263779527559055260, 0.000000000000000000 ) ) ;
#2621 = SHAPE_REPRESENTATION ( 'EFC3J018NUZTDG', ( #1060, #1833, #2449, #590 ), #2635 ) ;
#2622 = DIRECTION ( 'NONE',  ( 0.000000000000000000, 0.000000000000000000, 1.000000000000000000 ) ) ;
#2623 = PRESENTATION_STYLE_ASSIGNMENT (( #1279 ) ) ;
#2624 = SURFACE_STYLE_USAGE ( .BOTH. , #2209 ) ;
#2625 = AXIS2_PLACEMENT_3D ( 'NONE', #275, #1142, #1354 ) ;
#2626 = PRESENTATION_STYLE_ASSIGNMENT (( #213 ) ) ;
#2627 = PRESENTATION_LAYER_ASSIGNMENT (  '', '', ( #1005 ) ) ;
#2628 = VERTEX_POINT ( 'NONE', #1297 ) ;
#2629 = FACE_OUTER_BOUND ( 'NONE', #1611, .T. ) ;
#2630 = MECHANICAL_DESIGN_GEOMETRIC_PRESENTATION_REPRESENTATION (  '', ( #2060 ), #1179 ) ;
#2631 = VERTEX_POINT ( 'NONE', #419 ) ;
#2632 = DIRECTION ( 'NONE',  ( -1.000000000000000000, 0.000000000000000000, -0.000000000000000000 ) ) ;
#2633 = DIRECTION ( 'NONE',  ( 0.000000000000000000, 0.000000000000000000, 1.000000000000000000 ) ) ;
#2634 = CARTESIAN_POINT ( 'NONE',  ( 0.02175196850393701017, -0.01574803149606299191, 0.0007874015748031497038 ) ) ;
#2635 =( GEOMETRIC_REPRESENTATION_CONTEXT ( 3 ) GLOBAL_UNCERTAINTY_ASSIGNED_CONTEXT ( ( #587 ) ) GLOBAL_UNIT_ASSIGNED_CONTEXT ( ( #1819, #296, #2059 ) ) REPRESENTATION_CONTEXT ( 'NONE', 'WORKASPACE' ) );
#2636 = LENGTH_MEASURE_WITH_UNIT ( LENGTH_MEASURE( 0.02539999999999999897 ), #402 );
#2637 = CIRCLE ( 'NONE', #2497, 0.004921259842519684971 ) ;
#2638 =( GEOMETRIC_REPRESENTATION_CONTEXT ( 3 ) GLOBAL_UNCERTAINTY_ASSIGNED_CONTEXT ( ( #755 ) ) GLOBAL_UNIT_ASSIGNED_CONTEXT ( ( #2724, #2495, #1810 ) ) REPRESENTATION_CONTEXT ( 'NONE', 'WORKASPACE' ) );
#2639 = DIRECTION ( 'NONE',  ( 0.000000000000000000, 0.000000000000000000, 1.000000000000000000 ) ) ;
#2640 = VECTOR ( 'NONE', #479, 39.37007874015748143 ) ;
#2641 = PRESENTATION_LAYER_ASSIGNMENT (  '', '', ( #634 ) ) ;
#2642 =( NAMED_UNIT ( * ) SI_UNIT ( $, .STERADIAN. ) SOLID_ANGLE_UNIT ( ) );
#2643 = CIRCLE ( 'NONE', #1068, 0.006889763779527559827 ) ;
#2644 = COLOUR_RGB ( '',0.8313725490196077761, 0.8313725490196077761, 0.8313725490196077761 ) ;
#2645 = ADVANCED_FACE ( 'NONE', ( #1961 ), #6, .T. ) ;
#2646 = STYLED_ITEM ( 'NONE', ( #486 ), #1745 ) ;
#2647 = PRESENTATION_LAYER_ASSIGNMENT (  '', '', ( #841 ) ) ;
#2648 = CARTESIAN_POINT ( 'NONE',  ( -0.05807086614173229133, -0.03287401574803149734, 0.0007874015748031497038 ) ) ;
#2649 =( NAMED_UNIT ( * ) PLANE_ANGLE_UNIT ( ) SI_UNIT ( $, .RADIAN. ) );
#2650 =( LENGTH_UNIT ( ) NAMED_UNIT ( * ) SI_UNIT ( $, .METRE. ) );
#2651 = EDGE_LOOP ( 'NONE', ( #537, #1932 ) ) ;
#2652 = DIRECTION ( 'NONE',  ( -1.000000000000000000, 0.000000000000000000, 0.000000000000000000 ) ) ;
#2653 = COLOUR_RGB ( '',0.8313725490196077761, 0.8313725490196077761, 0.8313725490196077761 ) ;
#2654 = CYLINDRICAL_SURFACE ( 'NONE', #138, 0.001968503937007870519 ) ;
#2655 =( NAMED_UNIT ( * ) SI_UNIT ( $, .STERADIAN. ) SOLID_ANGLE_UNIT ( ) );
#2656 =( LENGTH_UNIT ( ) NAMED_UNIT ( * ) SI_UNIT ( $, .METRE. ) );
#2657 = SURFACE_STYLE_USAGE ( .BOTH. , #1995 ) ;
#2658 = EDGE_LOOP ( 'NONE', ( #2514, #1490, #1863, #1027 ) ) ;
#2659 = SURFACE_STYLE_USAGE ( .BOTH. , #2178 ) ;
#2660 = ADVANCED_FACE ( 'NONE', ( #1100 ), #1978, .T. ) ;
#2661 = EDGE_CURVE ( 'NONE', #1446, #2022, #1635, .T. ) ;
#2662 = CYLINDRICAL_SURFACE ( 'NONE', #2434, 0.0007874015748031495954 ) ;
#2663 = EDGE_CURVE ( 'NONE', #261, #2489, #2260, .T. ) ;
#2664 = CYLINDRICAL_SURFACE ( 'NONE', #2254, 0.006889763779527559827 ) ;
#2665 = FILL_AREA_STYLE ('',( #198 ) ) ;
#2666 =( LENGTH_UNIT ( ) NAMED_UNIT ( * ) SI_UNIT ( $, .METRE. ) );
#2667 =( NAMED_UNIT ( * ) SI_UNIT ( $, .STERADIAN. ) SOLID_ANGLE_UNIT ( ) );
#2668 = APPLICATION_CONTEXT ( 'automotive_design' ) ;
#2669 =( NAMED_UNIT ( * ) PLANE_ANGLE_UNIT ( ) SI_UNIT ( $, .RADIAN. ) );
#2670 = ORIENTED_EDGE ( 'NONE', *, *, #1404, .F. ) ;
#2671 = CARTESIAN_POINT ( 'NONE',  ( -0.05423228346456693272, 0.01574803149606299191, 0.0007874015748031497038 ) ) ;
#2672 = CIRCLE ( 'NONE', #1409, 0.006889763779527559827 ) ;
#2673 = ORIENTED_EDGE ( 'NONE', *, *, #901, .T. ) ;
#2674 = DIRECTION ( 'NONE',  ( -0.000000000000000000, 1.000000000000000000, 0.000000000000000000 ) ) ;
#2675 =( LENGTH_UNIT ( ) NAMED_UNIT ( * ) SI_UNIT ( $, .METRE. ) );
#2676 = EDGE_CURVE ( 'NONE', #1670, #94, #1600, .T. ) ;
#2677 =( NAMED_UNIT ( * ) SI_UNIT ( $, .STERADIAN. ) SOLID_ANGLE_UNIT ( ) );
#2678 = AXIS2_PLACEMENT_3D ( 'NONE', #2615, #1055, #2778 ) ;
#2679 = LENGTH_MEASURE_WITH_UNIT ( LENGTH_MEASURE( 0.02539999999999999897 ), #2467 );
#2680 = CIRCLE ( 'NONE', #631, 0.006889763779527559827 ) ;
#2681 = VECTOR ( 'NONE', #1856, 39.37007874015748143 ) ;
#2682 = DIRECTION ( 'NONE',  ( -0.000000000000000000, -0.000000000000000000, 1.000000000000000000 ) ) ;
#2683 = VECTOR ( 'NONE', #2030, 39.37007874015748143 ) ;
#2684 = DIRECTION ( 'NONE',  ( -0.000000000000000000, -0.000000000000000000, -1.000000000000000000 ) ) ;
#2685 =( GEOMETRIC_REPRESENTATION_CONTEXT ( 3 ) GLOBAL_UNCERTAINTY_ASSIGNED_CONTEXT ( ( #562 ) ) GLOBAL_UNIT_ASSIGNED_CONTEXT ( ( #76, #1840, #1616 ) ) REPRESENTATION_CONTEXT ( 'NONE', 'WORKASPACE' ) );
#2686 = VERTEX_POINT ( 'NONE', #318 ) ;
#2687 = CARTESIAN_POINT ( 'NONE',  ( 0.05875075295262213726, 0.03404266906064899734, 0.005708661417322834566 ) ) ;
#2688 = CARTESIAN_POINT ( 'NONE',  ( 0.01486220472440944948, -0.01574803149606299191, 0.000000000000000000 ) ) ;
#2689 = SURFACE_STYLE_FILL_AREA ( #2875 ) ;
#2690 = COLOUR_RGB ( '',0.2862745098039215508, 0.2862745098039215508, 0.2862745098039215508 ) ;
#2691 = DIRECTION ( 'NONE',  ( 0.000000000000000000, 0.000000000000000000, -1.000000000000000000 ) ) ;
#2692 = AXIS2_PLACEMENT_3D ( 'NONE', #111, #1441, #1959 ) ;
#2693 = PRESENTATION_LAYER_ASSIGNMENT (  '', '', ( #928 ) ) ;
#2694 = COLOUR_RGB ( '',0.8313725490196077761, 0.8313725490196077761, 0.8313725490196077761 ) ;
#2695 = VECTOR ( 'NONE', #1523, 39.37007874015748143 ) ;
#2696 = SURFACE_STYLE_USAGE ( .BOTH. , #662 ) ;
#2697 = ORIENTED_EDGE ( 'NONE', *, *, #196, .T. ) ;
#2698 =( CONVERSION_BASED_UNIT ( 'INCH', #95 ) LENGTH_UNIT ( ) NAMED_UNIT ( #1439 ) );
#2699 = AXIS2_PLACEMENT_3D ( 'NONE', #1991, #2433, #1319 ) ;
#2700 =( CONVERSION_BASED_UNIT ( 'INCH', #241 ) LENGTH_UNIT ( ) NAMED_UNIT ( #559 ) );
#2701 = ADVANCED_FACE ( 'NONE', ( #482 ), #2062, .T. ) ;
#2702 =( CONVERSION_BASED_UNIT ( 'INCH', #2277 ) LENGTH_UNIT ( ) NAMED_UNIT ( #572 ) );
#2703 = LENGTH_MEASURE_WITH_UNIT ( LENGTH_MEASURE( 0.02539999999999999897 ), #1140 );
#2704 = VERTEX_POINT ( 'NONE', #522 ) ;
#2705 = CARTESIAN_POINT ( 'NONE',  ( 0.05925196850393701919, 0.03287401574803149734, 0.004921259842519684971 ) ) ;
#2706 = SURFACE_STYLE_FILL_AREA ( #1829 ) ;
#2707 = EDGE_LOOP ( 'NONE', ( #1128, #313, #1594, #1478 ) ) ;
#2708 = DIRECTION ( 'NONE',  ( 1.000000000000000000, 0.000000000000000000, 0.000000000000000000 ) ) ;
#2709 = PLANE ( 'NONE',  #1906 ) ;
#2710 = UNCERTAINTY_MEASURE_WITH_UNIT (LENGTH_MEASURE( 1.000000000000000082E-05 ), #2003, 'distance_accuracy_value', 'NONE');
#2711 = ORIENTED_EDGE ( 'NONE', *, *, #157, .T. ) ;
#2712 = ADVANCED_FACE ( 'NONE', ( #2739 ), #2709, .T. ) ;
#2713 = DIRECTION ( 'NONE',  ( -1.000000000000000000, -0.000000000000000000, 0.000000000000000000 ) ) ;
#2714 = CARTESIAN_POINT ( 'NONE',  ( -0.02506417207020610050, -0.2009866715216259980, 7.874015748031495683E-05 ) ) ;
#2715 = SURFACE_SIDE_STYLE ('',( #977 ) ) ;
#2716 =( CONVERSION_BASED_UNIT ( 'INCH', #1355 ) LENGTH_UNIT ( ) NAMED_UNIT ( #2298 ) );
#2717 = AXIS2_PLACEMENT_3D ( 'NONE', #1752, #2876, #238 ) ;
#2718 = VERTEX_POINT ( 'NONE', #145 ) ;
#2719 = DIRECTION ( 'NONE',  ( -1.000000000000000000, 0.000000000000000000, 0.000000000000000000 ) ) ;
#2720 = DIRECTION ( 'NONE',  ( 0.000000000000000000, 0.000000000000000000, -1.000000000000000000 ) ) ;
#2721 =( NAMED_UNIT ( * ) SI_UNIT ( $, .STERADIAN. ) SOLID_ANGLE_UNIT ( ) );
#2722 = CLOSED_SHELL ( 'NONE', ( #852, #322, #2338, #2750, #693, #1542, #284 ) ) ;
#2723 = CARTESIAN_POINT ( 'NONE',  ( -0.05807086614173229133, 0.03287401574803149734, 0.004921259842519684971 ) ) ;
#2724 =( CONVERSION_BASED_UNIT ( 'INCH', #1395 ) LENGTH_UNIT ( ) NAMED_UNIT ( #1651 ) );
#2725 = DIMENSIONAL_EXPONENTS ( 1.000000000000000000, 0.000000000000000000, 0.000000000000000000, 0.000000000000000000, 0.000000000000000000, 0.000000000000000000, 0.000000000000000000 ) ;
#2726 = AXIS2_PLACEMENT_3D ( 'NONE', #1209, #1174, #334 ) ;
#2727 = VECTOR ( 'NONE', #1999, 39.37007874015748143 ) ;
#2728 = ADVANCED_FACE ( 'NONE', ( #2363 ), #2129, .T. ) ;
#2729 = STYLED_ITEM ( 'NONE', ( #2403 ), #1484 ) ;
#2730 = CIRCLE ( 'NONE', #227, 0.006889763779527559827 ) ;
#2731 =( NAMED_UNIT ( * ) SI_UNIT ( $, .STERADIAN. ) SOLID_ANGLE_UNIT ( ) );
#2732 = LENGTH_MEASURE_WITH_UNIT ( LENGTH_MEASURE( 0.02539999999999999897 ), #962 );
#2733 = PRESENTATION_LAYER_ASSIGNMENT (  '', '', ( #1113 ) ) ;
#2734 = AXIS2_PLACEMENT_3D ( 'NONE', #990, #2291, #329 ) ;
#2735 = ORIENTED_EDGE ( 'NONE', *, *, #1758, .F. ) ;
#2736 = DIRECTION ( 'NONE',  ( 0.000000000000000000, 0.000000000000000000, 1.000000000000000000 ) ) ;
#2737 = CYLINDRICAL_SURFACE ( 'NONE', #1576, 0.006889763779527559827 ) ;
#2738 = APPLICATION_PROTOCOL_DEFINITION ( 'draft international standard', 'automotive_design', 1998, #2668 ) ;
#2739 = FACE_OUTER_BOUND ( 'NONE', #989, .T. ) ;
#2740 = UNCERTAINTY_MEASURE_WITH_UNIT (LENGTH_MEASURE( 1.000000000000000082E-05 ), #2186, 'distance_accuracy_value', 'NONE');
#2741 = PLANE ( 'NONE',  #2359 ) ;
#2742 = CARTESIAN_POINT ( 'NONE',  ( -0.05807086614173229133, 0.03405511811023620439, 0.005708661417322834566 ) ) ;
#2743 = LENGTH_MEASURE_WITH_UNIT ( LENGTH_MEASURE( 0.02539999999999999897 ), #2755 );
#2744 = EDGE_CURVE ( 'NONE', #23, #947, #586, .T. ) ;
#2745 =( LENGTH_UNIT ( ) NAMED_UNIT ( * ) SI_UNIT ( $, .METRE. ) );
#2746 = LENGTH_MEASURE_WITH_UNIT ( LENGTH_MEASURE( 0.02539999999999999897 ), #1373 );
#2747 = DIMENSIONAL_EXPONENTS ( 1.000000000000000000, 0.000000000000000000, 0.000000000000000000, 0.000000000000000000, 0.000000000000000000, 0.000000000000000000, 0.000000000000000000 ) ;
#2748 = ORIENTED_EDGE ( 'NONE', *, *, #2416, .F. ) ;
#2749 = DIRECTION ( 'NONE',  ( 0.000000000000000000, -1.000000000000000000, -0.000000000000000000 ) ) ;
#2750 = ADVANCED_FACE ( 'NONE', ( #2811 ), #774, .T. ) ;
#2751 = DIRECTION ( 'NONE',  ( 1.000000000000000000, 0.000000000000000000, 0.000000000000000000 ) ) ;
#2752 = ORIENTED_EDGE ( 'NONE', *, *, #79, .T. ) ;
#2753 = DIRECTION ( 'NONE',  ( 1.000000000000000000, 0.000000000000000000, -0.000000000000000000 ) ) ;
#2754 = FILL_AREA_STYLE_COLOUR ( '', #504 ) ;
#2755 =( LENGTH_UNIT ( ) NAMED_UNIT ( * ) SI_UNIT ( $, .METRE. ) );
#2756 =( CONVERSION_BASED_UNIT ( 'INCH', #2092 ) LENGTH_UNIT ( ) NAMED_UNIT ( #732 ) );
#2757 = EDGE_LOOP ( 'NONE', ( #192, #2154, #1848, #1650 ) ) ;
#2758 = DIRECTION ( 'NONE',  ( 0.000000000000000000, 0.000000000000000000, -1.000000000000000000 ) ) ;
#2759 =( REPRESENTATION_RELATIONSHIP ('NONE','NONE', #2621, #539 ) REPRESENTATION_RELATIONSHIP_WITH_TRANSFORMATION ( #997 )SHAPE_REPRESENTATION_RELATIONSHIP( ) );
#2760 = DIMENSIONAL_EXPONENTS ( 1.000000000000000000, 0.000000000000000000, 0.000000000000000000, 0.000000000000000000, 0.000000000000000000, 0.000000000000000000, 0.000000000000000000 ) ;
#2761 = FILL_AREA_STYLE ('',( #280 ) ) ;
#2762 = ORIENTED_EDGE ( 'NONE', *, *, #611, .F. ) ;
#2763 = COLOUR_RGB ( '',0.8313725490196077761, 0.8313725490196077761, 0.8313725490196077761 ) ;
#2764 =( NAMED_UNIT ( * ) PLANE_ANGLE_UNIT ( ) SI_UNIT ( $, .RADIAN. ) );
#2765 = VECTOR ( 'NONE', #2072, 39.37007874015748143 ) ;
#2766 = SURFACE_STYLE_USAGE ( .BOTH. , #2141 ) ;
#2767 = FILL_AREA_STYLE_COLOUR ( '', #2763 ) ;
#2768 = UNCERTAINTY_MEASURE_WITH_UNIT (LENGTH_MEASURE( 1.000000000000000082E-05 ), #2084, 'distance_accuracy_value', 'NONE');
#2769 = CARTESIAN_POINT ( 'NONE',  ( -0.05423228346456693272, 0.01574803149606299191, 0.000000000000000000 ) ) ;
#2770 = DIRECTION ( 'NONE',  ( 1.000000000000000000, 0.000000000000000000, -0.000000000000000000 ) ) ;
#2771 = AXIS2_PLACEMENT_3D ( 'NONE', #1134, #489, #936 ) ;
#2772 = CARTESIAN_POINT ( 'NONE',  ( 0.000000000000000000, 0.01574803149606299191, 0.000000000000000000 ) ) ;
#2773 = VECTOR ( 'NONE', #670, 39.37007874015748143 ) ;
#2774 = LENGTH_MEASURE_WITH_UNIT ( LENGTH_MEASURE( 0.02539999999999999897 ), #2372 );
#2775 = ORIENTED_EDGE ( 'NONE', *, *, #889, .T. ) ;
#2776 = COLOUR_RGB ( '',1.000000000000000000, 1.000000000000000000, 1.000000000000000000 ) ;
#2777 = DIRECTION ( 'NONE',  ( 0.000000000000000000, 0.000000000000000000, 1.000000000000000000 ) ) ;
#2778 = DIRECTION ( 'NONE',  ( -1.000000000000000000, 0.000000000000000000, 0.000000000000000000 ) ) ;
#2779 = COLOUR_RGB ( '',0.8313725490196077761, 0.8313725490196077761, 0.8313725490196077761 ) ;
#2780 = PRESENTATION_LAYER_ASSIGNMENT (  '', '', ( #599 ) ) ;
#2781 = CYLINDRICAL_SURFACE ( 'NONE', #2224, 0.006889763779527559827 ) ;
#2782 = VECTOR ( 'NONE', #1469, 39.37007874015748143 ) ;
#2783 = DIRECTION ( 'NONE',  ( 0.000000000000000000, 0.000000000000000000, 1.000000000000000000 ) ) ;
#2784 = EDGE_CURVE ( 'NONE', #246, #56, #795, .T. ) ;
#2785 = MECHANICAL_DESIGN_GEOMETRIC_PRESENTATION_REPRESENTATION (  '', ( #887 ), #644 ) ;
#2786 = DIRECTION ( 'NONE',  ( 0.000000000000000000, -0.000000000000000000, -1.000000000000000000 ) ) ;
#2787 = MANIFOLD_SOLID_BREP ( 'Imported2', #1063 ) ;
#2788 = ORIENTED_EDGE ( 'NONE', *, *, #364, .T. ) ;
#2789 = LINE ( 'NONE', #2145, #2076 ) ;
#2790 = PRESENTATION_STYLE_ASSIGNMENT (( #132 ) ) ;
#2791 = ORIENTED_EDGE ( 'NONE', *, *, #1976, .F. ) ;
#2792 = LENGTH_MEASURE_WITH_UNIT ( LENGTH_MEASURE( 0.02539999999999999897 ), #2610 );
#2793 = MANIFOLD_SOLID_BREP ( 'Imported5', #2496 ) ;
#2794 = LINE ( 'NONE', #607, #1750 ) ;
#2795 = ORIENTED_EDGE ( 'NONE', *, *, #901, .F. ) ;
#2796 = FACE_OUTER_BOUND ( 'NONE', #1342, .T. ) ;
#2797 = SURFACE_STYLE_FILL_AREA ( #401 ) ;
#2798 = DIRECTION ( 'NONE',  ( 0.000000000000000000, 0.000000000000000000, -1.000000000000000000 ) ) ;
#2799 = UNCERTAINTY_MEASURE_WITH_UNIT (LENGTH_MEASURE( 1.000000000000000082E-05 ), #2698, 'distance_accuracy_value', 'NONE');
#2800 = FILL_AREA_STYLE_COLOUR ( '', #1782 ) ;
#2801 = VERTEX_POINT ( 'NONE', #1534 ) ;
#2802 = ORIENTED_EDGE ( 'NONE', *, *, #1545, .F. ) ;
#2803 = PLANE ( 'NONE',  #2510 ) ;
#2804 = ORIENTED_EDGE ( 'NONE', *, *, #454, .F. ) ;
#2805 = CARTESIAN_POINT ( 'NONE',  ( -0.05971321766742277576, -0.03383608299759682109, 0.005708661417322834566 ) ) ;
#2806 = VERTEX_POINT ( 'NONE', #2387 ) ;
#2807 = CARTESIAN_POINT ( 'NONE',  ( 0.000000000000000000, 0.000000000000000000, 0.0007874015748031497038 ) ) ;
#2808 = PRESENTATION_LAYER_ASSIGNMENT (  '', '', ( #2252 ) ) ;
#2809 = SURFACE_STYLE_USAGE ( .BOTH. , #1485 ) ;
#2810 =( NAMED_UNIT ( * ) SI_UNIT ( $, .STERADIAN. ) SOLID_ANGLE_UNIT ( ) );
#2811 = FACE_OUTER_BOUND ( 'NONE', #1123, .T. ) ;
#2812 =( NAMED_UNIT ( * ) PLANE_ANGLE_UNIT ( ) SI_UNIT ( $, .RADIAN. ) );
#2813 =( CONVERSION_BASED_UNIT ( 'INCH', #1889 ) LENGTH_UNIT ( ) NAMED_UNIT ( #379 ) );
#2814 = ORIENTED_EDGE ( 'NONE', *, *, #1442, .F. ) ;
#2815 = DIRECTION ( 'NONE',  ( 1.000000000000000000, 0.000000000000000000, 0.000000000000000000 ) ) ;
#2816 = DIMENSIONAL_EXPONENTS ( 1.000000000000000000, 0.000000000000000000, 0.000000000000000000, 0.000000000000000000, 0.000000000000000000, 0.000000000000000000, 0.000000000000000000 ) ;
#2817 = EDGE_CURVE ( 'NONE', #582, #532, #170, .T. ) ;
#2818 = SURFACE_STYLE_FILL_AREA ( #581 ) ;
#2819 = EDGE_LOOP ( 'NONE', ( #1776, #133, #1463, #48 ) ) ;
#2820 = ORIENTED_EDGE ( 'NONE', *, *, #1066, .F. ) ;
#2821 = VECTOR ( 'NONE', #860, 39.37007874015748143 ) ;
#2822 = PRESENTATION_STYLE_ASSIGNMENT (( #1511 ) ) ;
#2823 = CARTESIAN_POINT ( 'NONE',  ( 0.000000000000000000, 0.000000000000000000, 0.000000000000000000 ) ) ;
#2824 = STYLED_ITEM ( 'NONE', ( #295 ), #2047 ) ;
#2825 = AXIS2_PLACEMENT_3D ( 'NONE', #1667, #2544, #778 ) ;
#2826 = DIRECTION ( 'NONE',  ( 1.000000000000000000, 0.000000000000000000, 0.000000000000000000 ) ) ;
#2827 = STYLED_ITEM ( 'NONE', ( #2617 ), #1624 ) ;
#2828 = AXIS2_PLACEMENT_3D ( 'NONE', #1870, #560, #109 ) ;
#2829 = SURFACE_STYLE_FILL_AREA ( #2375 ) ;
#2830 = DIRECTION ( 'NONE',  ( -0.000000000000000000, -0.000000000000000000, -1.000000000000000000 ) ) ;
#2831 = AXIS2_PLACEMENT_3D ( 'NONE', #55, #2269, #2504 ) ;
#2832 =( NAMED_UNIT ( * ) PLANE_ANGLE_UNIT ( ) SI_UNIT ( $, .RADIAN. ) );
#2833 = EDGE_LOOP ( 'NONE', ( #1050, #1809, #627, #1088 ) ) ;
#2834 = CARTESIAN_POINT ( 'NONE',  ( -0.02175196850393701017, -0.01574803149606299191, 0.0007874015748031497038 ) ) ;
#2835 = CARTESIAN_POINT ( 'NONE',  ( -0.05925196850393703307, -0.03356588949326012178, 0.005708661417322834566 ) ) ;
#2836 = CARTESIAN_POINT ( 'NONE',  ( -0.04734251968503937202, 0.02263779527559055260, 0.000000000000000000 ) ) ;
#2837 = UNCERTAINTY_MEASURE_WITH_UNIT (LENGTH_MEASURE( 1.000000000000000082E-05 ), #49, 'distance_accuracy_value', 'NONE');
#2838 = DIMENSIONAL_EXPONENTS ( 1.000000000000000000, 0.000000000000000000, 0.000000000000000000, 0.000000000000000000, 0.000000000000000000, 0.000000000000000000, 0.000000000000000000 ) ;
#2839 = SURFACE_STYLE_FILL_AREA ( #350 ) ;
#2840 = EDGE_CURVE ( 'NONE', #2489, #1550, #1472, .T. ) ;
#2841 = DIRECTION ( 'NONE',  ( 0.000000000000000000, 0.000000000000000000, 1.000000000000000000 ) ) ;
#2842 = FACE_OUTER_BOUND ( 'NONE', #2201, .T. ) ;
#2843 = DIRECTION ( 'NONE',  ( 0.000000000000000000, 0.000000000000000000, 1.000000000000000000 ) ) ;
#2844 =( CONVERSION_BASED_UNIT ( 'INCH', #1944 ) LENGTH_UNIT ( ) NAMED_UNIT ( #1458 ) );
#2845 = FACE_OUTER_BOUND ( 'NONE', #1876, .T. ) ;
#2846 = ORIENTED_EDGE ( 'NONE', *, *, #580, .F. ) ;
#2847 = LINE ( 'NONE', #1538, #2695 ) ;
#2848 = SHAPE_REPRESENTATION ( 'ONsemi Updated Logo', ( #1608 ), #31 ) ;
#2849 = CARTESIAN_POINT ( 'NONE',  ( 0.03454724409448818589, -0.008858267716535434683, 0.000000000000000000 ) ) ;
#2850 = CARTESIAN_POINT ( 'NONE',  ( -0.05922398905044667927, 0.03484251968503936786, 0.005382509006005445004 ) ) ;
#2851 = DIRECTION ( 'NONE',  ( 1.000000000000000000, 0.000000000000000000, 0.000000000000000000 ) ) ;
#2852 = DIRECTION ( 'NONE',  ( 0.000000000000000000, 0.000000000000000000, -1.000000000000000000 ) ) ;
#2853 = FACE_OUTER_BOUND ( 'NONE', #375, .T. ) ;
#2854 = DIRECTION ( 'NONE',  ( 0.000000000000000000, -0.000000000000000000, -1.000000000000000000 ) ) ;
#2855 = EDGE_CURVE ( 'NONE', #2631, #1229, #1237, .T. ) ;
#2856 = STYLED_ITEM ( 'NONE', ( #2859 ), #2645 ) ;
#2857 = DIRECTION ( 'NONE',  ( -1.000000000000000000, 0.000000000000000000, 0.000000000000000000 ) ) ;
#2858 = PRESENTATION_LAYER_ASSIGNMENT (  '', '', ( #1509 ) ) ;
#2859 = PRESENTATION_STYLE_ASSIGNMENT (( #2438 ) ) ;
#2860 = EDGE_LOOP ( 'NONE', ( #2395, #858, #1283, #81 ) ) ;
#2861 = EDGE_LOOP ( 'NONE', ( #421, #2525, #702, #1212 ) ) ;
#2862 = DIRECTION ( 'NONE',  ( -0.000000000000000000, -0.000000000000000000, -1.000000000000000000 ) ) ;
#2863 = COLOUR_RGB ( '',0.8313725490196077761, 0.8313725490196077761, 0.8313725490196077761 ) ;
#2864 =( CONVERSION_BASED_UNIT ( 'INCH', #2197 ) LENGTH_UNIT ( ) NAMED_UNIT ( #752 ) );
#2865 = FACE_OUTER_BOUND ( 'NONE', #2580, .T. ) ;
#2866 = VECTOR ( 'NONE', #2190, 39.37007874015748143 ) ;
#2867 =( GEOMETRIC_REPRESENTATION_CONTEXT ( 3 ) GLOBAL_UNCERTAINTY_ASSIGNED_CONTEXT ( ( #2302 ) ) GLOBAL_UNIT_ASSIGNED_CONTEXT ( ( #1277, #2764, #165 ) ) REPRESENTATION_CONTEXT ( 'NONE', 'WORKASPACE' ) );
#2868 = CARTESIAN_POINT ( 'NONE',  ( 0.06003937007874016879, -0.03402713865674587140, 0.004921259842519685838 ) ) ;
#2869 =( NAMED_UNIT ( * ) PLANE_ANGLE_UNIT ( ) SI_UNIT ( $, .RADIAN. ) );
#2870 = PRESENTATION_LAYER_ASSIGNMENT (  '', '', ( #1662 ) ) ;
#2871 = COLOUR_RGB ( '',0.8313725490196077761, 0.8313725490196077761, 0.8313725490196077761 ) ;
#2872 = SURFACE_STYLE_FILL_AREA ( #614 ) ;
#2873 = VERTEX_POINT ( 'NONE', #399 ) ;
#2874 = LINE ( 'NONE', #2202, #2773 ) ;
#2875 = FILL_AREA_STYLE ('',( #219 ) ) ;
#2876 = DIRECTION ( 'NONE',  ( 0.000000000000000000, 0.000000000000000000, 1.000000000000000000 ) ) ;
#2877 = NEXT_ASSEMBLY_USAGE_OCCURRENCE ( 'NAUO1', ' ', ' ', #1444, #1016, $ ) ;
#2878 = NEXT_ASSEMBLY_USAGE_OCCURRENCE ( 'NAUO2', ' ', ' ', #1444, #1223, $ ) ;
#2879 = NEXT_ASSEMBLY_USAGE_OCCURRENCE ( 'NAUO3', ' ', ' ', #1444, #2124, $ ) ;
ENDSEC;
END-ISO-10303-21;
