ISO-10303-21;
HEADER;
FILE_DESCRIPTION (( 'STEP AP214' ),
    '1' );
FILE_NAME ('EXC34CE121U.STEP',
    '2022-11-03T10:55:05',
    ( '' ),
    ( '' ),
    'SwSTEP 2.0',
    'SolidWorks 2017',
    '' );
FILE_SCHEMA (( 'AUTOMOTIVE_DESIGN' ));
ENDSEC;

DATA;
#1 = CYLINDRICAL_SURFACE ( 'NONE', #1355, 0.02400000000000004200 ) ;
#2 = CARTESIAN_POINT ( 'NONE',  ( 0.7000000000000000700, 0.5999999999999999800, -0.2799999999999999700 ) ) ;
#3 = LINE ( 'NONE', #1161, #2183 ) ;
#4 = EDGE_CURVE ( 'NONE', #1698, #648, #2563, .T. ) ;
#5 = ORIENTED_EDGE ( 'NONE', *, *, #2557, .F. ) ;
#6 = MECHANICAL_DESIGN_GEOMETRIC_PRESENTATION_REPRESENTATION (  '', ( #1713 ), #1864 ) ;
#7 = EDGE_CURVE ( 'NONE', #1794, #1857, #2215, .T. ) ;
#8 = EDGE_LOOP ( 'NONE', ( #2503, #1366, #1722, #1095, #2714, #245 ) ) ;
#9 = ORIENTED_EDGE ( 'NONE', *, *, #2831, .F. ) ;
#10 = FACE_OUTER_BOUND ( 'NONE', #791, .T. ) ;
#11 = EDGE_CURVE ( 'NONE', #397, #334, #2463, .T. ) ;
#12 = DIRECTION ( 'NONE',  ( -0.0000000000000000000, -1.000000000000000000, -0.0000000000000000000 ) ) ;
#13 = ORIENTED_EDGE ( 'NONE', *, *, #2726, .F. ) ;
#14 = AXIS2_PLACEMENT_3D ( 'NONE', #617, #151, #1759 ) ;
#15 = CARTESIAN_POINT ( 'NONE',  ( 0.9460000000000000600, 0.5459999999999999300, -0.2500000000000007800 ) ) ;
#16 = ADVANCED_FACE ( 'NONE', ( #517 ), #2354, .T. ) ;
#17 = DIRECTION ( 'NONE',  ( -0.0000000000000000000, -0.0000000000000000000, 1.000000000000000000 ) ) ;
#18 = ORIENTED_EDGE ( 'NONE', *, *, #1035, .T. ) ;
#19 = DIRECTION ( 'NONE',  ( 1.000000000000000000, 0.0000000000000000000, 0.0000000000000000000 ) ) ;
#20 = ORIENTED_EDGE ( 'NONE', *, *, #1232, .F. ) ;
#21 = DIRECTION ( 'NONE',  ( 4.015563601798166900E-015, 0.0000000000000000000, 1.000000000000000000 ) ) ;
#22 = DIRECTION ( 'NONE',  ( -0.0000000000000000000, -0.0000000000000000000, 1.000000000000000000 ) ) ;
#23 = AXIS2_PLACEMENT_3D ( 'NONE', #1572, #411, #419 ) ;
#24 = CARTESIAN_POINT ( 'NONE',  ( -0.6999999999999917400, 0.5699999999999999500, 0.5200000000000000200 ) ) ;
#25 = PRESENTATION_STYLE_ASSIGNMENT (( #2126 ) ) ;
#26 = CARTESIAN_POINT ( 'NONE',  ( -1.000000000000000000, 0.5999999999999999800, -0.5500000000000002700 ) ) ;
#27 = AXIS2_PLACEMENT_3D ( 'NONE', #1960, #1721, #2855 ) ;
#28 = ORIENTED_EDGE ( 'NONE', *, *, #7, .T. ) ;
#29 = CYLINDRICAL_SURFACE ( 'NONE', #1254, 0.03000000000000007900 ) ;
#30 = ORIENTED_EDGE ( 'NONE', *, *, #203, .T. ) ;
#31 = ORIENTED_EDGE ( 'NONE', *, *, #1176, .F. ) ;
#32 = CARTESIAN_POINT ( 'NONE',  ( -0.9700000000000002000, 0.5699999999999999500, 0.5500000000000002700 ) ) ;
#33 = ORIENTED_EDGE ( 'NONE', *, *, #1175, .F. ) ;
#34 = DIRECTION ( 'NONE',  ( 0.0000000000000000000, 1.000000000000000000, 0.0000000000000000000 ) ) ;
#35 = LINE ( 'NONE', #2759, #2797 ) ;
#36 = DIRECTION ( 'NONE',  ( 0.0000000000000000000, -0.0000000000000000000, -1.000000000000000000 ) ) ;
#37 = CARTESIAN_POINT ( 'NONE',  ( -0.9460000000000000600, 0.05399999999999995800, -0.6010000000000000900 ) ) ;
#38 = VECTOR ( 'NONE', #2303, 1000.000000000000000 ) ;
#39 = CARTESIAN_POINT ( 'NONE',  ( -0.9700000000000002000, 0.05399999999999995800, 0.6009999999999999800 ) ) ;
#40 = DIRECTION ( 'NONE',  ( 0.0000000000000000000, 0.0000000000000000000, 1.000000000000000000 ) ) ;
#41 = SURFACE_STYLE_FILL_AREA ( #1195 ) ;
#42 = CARTESIAN_POINT ( 'NONE',  ( -0.9460000000000000600, 0.5459999999999999300, 0.6250000000000000000 ) ) ;
#43 = VECTOR ( 'NONE', #2034, 1000.000000000000000 ) ;
#44 = DIRECTION ( 'NONE',  ( 1.000000000000000000, 6.985838740241651300E-018, 0.0000000000000000000 ) ) ;
#45 = CARTESIAN_POINT ( 'NONE',  ( -0.9459999999999915100, 0.5999999999999999800, -0.6250000000000002200 ) ) ;
#46 = AXIS2_PLACEMENT_3D ( 'NONE', #2630, #2854, #2398 ) ;
#47 = EDGE_CURVE ( 'NONE', #1644, #2488, #1669, .T. ) ;
#48 = EDGE_CURVE ( 'NONE', #2786, #2122, #1598, .T. ) ;
#49 = DIRECTION ( 'NONE',  ( -1.000000000000000000, -0.0000000000000000000, -0.0000000000000000000 ) ) ;
#50 = DIRECTION ( 'NONE',  ( -0.0000000000000000000, -1.000000000000000000, -0.0000000000000000000 ) ) ;
#51 = AXIS2_PLACEMENT_3D ( 'NONE', #2910, #891, #233 ) ;
#52 = CARTESIAN_POINT ( 'NONE',  ( 0.9460000000000000600, 0.5459999999999999300, -0.6250000000000000000 ) ) ;
#53 = CARTESIAN_POINT ( 'NONE',  ( -0.9700000000000005300, 0.02999999999999995700, 0.5500000000000069300 ) ) ;
#54 = VECTOR ( 'NONE', #510, 1000.000000000000000 ) ;
#55 = ORIENTED_EDGE ( 'NONE', *, *, #2762, .T. ) ;
#56 = DIRECTION ( 'NONE',  ( -4.517509052022913800E-016, 0.0000000000000000000, -1.000000000000000000 ) ) ;
#57 = DIRECTION ( 'NONE',  ( -0.0000000000000000000, -0.0000000000000000000, -1.000000000000000000 ) ) ;
#58 = ORIENTED_EDGE ( 'NONE', *, *, #531, .F. ) ;
#59 = DIRECTION ( 'NONE',  ( -1.000000000000000000, 0.0000000000000000000, 0.0000000000000000000 ) ) ;
#60 = EDGE_CURVE ( 'NONE', #1896, #2849, #266, .T. ) ;
#61 = AXIS2_PLACEMENT_3D ( 'NONE', #969, #1677, #299 ) ;
#62 = ORIENTED_EDGE ( 'NONE', *, *, #1714, .T. ) ;
#63 = COLOUR_RGB ( '',0.7921568627450980000, 0.8196078431372548800, 0.9333333333333333500 ) ;
#64 = EDGE_CURVE ( 'NONE', #2645, #850, #2636, .T. ) ;
#65 = CARTESIAN_POINT ( 'NONE',  ( -0.9460000000000000600, 0.02999999999999995700, 0.2499999999999997800 ) ) ;
#66 = CARTESIAN_POINT ( 'NONE',  ( 0.9460000000000000600, 0.05399999999999997200, -0.6250000000000000000 ) ) ;
#67 = CARTESIAN_POINT ( 'NONE',  ( 0.9459999999999915100, 0.05400000000000001300, -0.5500000000000004900 ) ) ;
#68 = EDGE_LOOP ( 'NONE', ( #1108, #384, #1889 ) ) ;
#69 = VERTEX_POINT ( 'NONE', #1371 ) ;
#70 = DIRECTION ( 'NONE',  ( 1.000000000000000000, -0.0000000000000000000, -4.015563601798166900E-015 ) ) ;
#71 = AXIS2_PLACEMENT_3D ( 'NONE', #67, #533, #1873 ) ;
#72 =( LENGTH_UNIT ( ) NAMED_UNIT ( * ) SI_UNIT ( .MILLI., .METRE. ) );
#73 = EDGE_LOOP ( 'NONE', ( #484, #1205, #1230, #1306 ) ) ;
#74 = VECTOR ( 'NONE', #2159, 1000.000000000000000 ) ;
#75 = VERTEX_POINT ( 'NONE', #2951 ) ;
#76 = CIRCLE ( 'NONE', #2934, 0.02400000000000004200 ) ;
#77 = ORIENTED_EDGE ( 'NONE', *, *, #706, .F. ) ;
#78 = DIRECTION ( 'NONE',  ( -1.000000000000000000, 0.0000000000000000000, 0.0000000000000000000 ) ) ;
#79 = CARTESIAN_POINT ( 'NONE',  ( -0.9460000000000000600, -9.503687444435072300E-019, 0.5500000000000000400 ) ) ;
#80 = VECTOR ( 'NONE', #2388, 1000.000000000000000 ) ;
#81 = DIRECTION ( 'NONE',  ( -4.517509052022913800E-016, 0.0000000000000000000, -1.000000000000000000 ) ) ;
#82 = CYLINDRICAL_SURFACE ( 'NONE', #105, 0.03000000000000007900 ) ;
#83 = EDGE_LOOP ( 'NONE', ( #751, #1645, #593, #28 ) ) ;
#84 = CIRCLE ( 'NONE', #827, 0.02400000000000004200 ) ;
#85 = AXIS2_PLACEMENT_3D ( 'NONE', #703, #1839, #1620 ) ;
#86 = DIRECTION ( 'NONE',  ( -1.000000000000000000, 0.0000000000000000000, 0.0000000000000000000 ) ) ;
#87 = CARTESIAN_POINT ( 'NONE',  ( 0.9700000000000002000, 0.5459999999999999300, 0.6250000000000000000 ) ) ;
#88 = AXIS2_PLACEMENT_3D ( 'NONE', #37, #963, #1649 ) ;
#89 = EDGE_CURVE ( 'NONE', #1970, #843, #1109, .T. ) ;
#90 = ORIENTED_EDGE ( 'NONE', *, *, #1754, .F. ) ;
#91 = DIRECTION ( 'NONE',  ( 4.015563601798168800E-016, 0.0000000000000000000, 1.000000000000000000 ) ) ;
#92 = DIRECTION ( 'NONE',  ( -1.000000000000000000, 0.0000000000000000000, 0.0000000000000000000 ) ) ;
#93 = CARTESIAN_POINT ( 'NONE',  ( -1.000000000000000000, 0.5999999999999999800, -0.5500000000000002700 ) ) ;
#94 = ORIENTED_EDGE ( 'NONE', *, *, #571, .F. ) ;
#95 = DIRECTION ( 'NONE',  ( 0.0000000000000000000, 1.000000000000000000, 0.0000000000000000000 ) ) ;
#96 = DIRECTION ( 'NONE',  ( -0.0000000000000000000, -1.000000000000000000, -0.0000000000000000000 ) ) ;
#97 = EDGE_CURVE ( 'NONE', #2786, #912, #2037, .T. ) ;
#98 = CARTESIAN_POINT ( 'NONE',  ( -0.9999999999999915600, 0.5999999999999999800, 0.5500000000000002700 ) ) ;
#99 = CARTESIAN_POINT ( 'NONE',  ( 0.6999999999999999600, 0.0000000000000000000, -0.5200000000000011300 ) ) ;
#100 = LINE ( 'NONE', #2053, #2138 ) ;
#101 = EDGE_LOOP ( 'NONE', ( #412, #2344, #1248, #2577, #112, #247 ) ) ;
#102 = DIRECTION ( 'NONE',  ( 0.0000000000000000000, 0.0000000000000000000, -1.000000000000000000 ) ) ;
#103 = ORIENTED_EDGE ( 'NONE', *, *, #2088, .T. ) ;
#104 = AXIS2_PLACEMENT_3D ( 'NONE', #950, #2764, #976 ) ;
#105 = AXIS2_PLACEMENT_3D ( 'NONE', #2974, #725, #2347 ) ;
#106 = ORIENTED_EDGE ( 'NONE', *, *, #1596, .F. ) ;
#107 = LINE ( 'NONE', #2246, #433 ) ;
#108 = CARTESIAN_POINT ( 'NONE',  ( -0.7299999999999918800, 0.5999999999999999800, 0.5500000000000001600 ) ) ;
#109 = EDGE_CURVE ( 'NONE', #1794, #1692, #2155, .T. ) ;
#110 = EDGE_CURVE ( 'NONE', #1047, #918, #1531, .T. ) ;
#111 = LINE ( 'NONE', #1719, #1285 ) ;
#112 = ORIENTED_EDGE ( 'NONE', *, *, #2231, .T. ) ;
#113 = DIRECTION ( 'NONE',  ( -0.0000000000000000000, -0.0000000000000000000, 1.000000000000000000 ) ) ;
#114 = AXIS2_PLACEMENT_3D ( 'NONE', #1859, #508, #1411 ) ;
#115 = CIRCLE ( 'NONE', #347, 0.02400000000000004200 ) ;
#116 = FACE_OUTER_BOUND ( 'NONE', #2973, .T. ) ;
#117 = ORIENTED_EDGE ( 'NONE', *, *, #401, .F. ) ;
#118 = DIRECTION ( 'NONE',  ( -1.000000000000000000, 0.0000000000000000000, 0.0000000000000000000 ) ) ;
#119 = DIRECTION ( 'NONE',  ( 0.0000000000000000000, 1.000000000000000000, 0.0000000000000000000 ) ) ;
#120 = ORIENTED_EDGE ( 'NONE', *, *, #2589, .T. ) ;
#121 = ORIENTED_EDGE ( 'NONE', *, *, #557, .T. ) ;
#122 = CARTESIAN_POINT ( 'NONE',  ( 0.7299999999999999800, 0.02999999999999997100, -0.5200000000000011300 ) ) ;
#123 = AXIS2_PLACEMENT_3D ( 'NONE', #1160, #1407, #1193 ) ;
#124 = EDGE_CURVE ( 'NONE', #2369, #2002, #1295, .T. ) ;
#125 = DIRECTION ( 'NONE',  ( 0.0000000000000000000, -1.000000000000000000, 0.0000000000000000000 ) ) ;
#126 = PLANE ( 'NONE',  #46 ) ;
#127 = SHAPE_DEFINITION_REPRESENTATION ( #372, #2373 ) ;
#128 = AXIS2_PLACEMENT_3D ( 'NONE', #1681, #505, #534 ) ;
#129 = ORIENTED_EDGE ( 'NONE', *, *, #1784, .F. ) ;
#130 = CARTESIAN_POINT ( 'NONE',  ( -0.9460000000000000600, 0.5459999999999999300, 0.6250000000000000000 ) ) ;
#131 = CARTESIAN_POINT ( 'NONE',  ( -0.9459999999999915100, 0.5999999999999999800, -0.2499999999999998300 ) ) ;
#132 = ORIENTED_EDGE ( 'NONE', *, *, #1728, .T. ) ;
#133 = DIRECTION ( 'NONE',  ( -4.517509052022913800E-016, -3.155858974501401200E-033, -1.000000000000000000 ) ) ;
#134 = CARTESIAN_POINT ( 'NONE',  ( 0.9999999999999915600, 0.5459999999999999300, -0.6250000000000002200 ) ) ;
#135 = CARTESIAN_POINT ( 'NONE',  ( 0.9459999999999915100, 0.5999999999999999800, 0.2499999999999995800 ) ) ;
#136 = ORIENTED_EDGE ( 'NONE', *, *, #2230, .T. ) ;
#137 = FACE_OUTER_BOUND ( 'NONE', #1212, .T. ) ;
#138 =( LENGTH_UNIT ( ) NAMED_UNIT ( * ) SI_UNIT ( .MILLI., .METRE. ) );
#139 = PLANE ( 'NONE',  #1997 ) ;
#140 = ORIENTED_EDGE ( 'NONE', *, *, #2569, .F. ) ;
#141 = VECTOR ( 'NONE', #2243, 1000.000000000000000 ) ;
#142 = ORIENTED_EDGE ( 'NONE', *, *, #2833, .F. ) ;
#143 = VERTEX_POINT ( 'NONE', #1593 ) ;
#144 = FACE_OUTER_BOUND ( 'NONE', #1963, .T. ) ;
#145 = EDGE_LOOP ( 'NONE', ( #2308, #1284, #1412, #2014 ) ) ;
#146 = EDGE_CURVE ( 'NONE', #570, #2661, #2525, .T. ) ;
#147 = DIRECTION ( 'NONE',  ( 4.517509052022929600E-016, 0.0000000000000000000, 1.000000000000000000 ) ) ;
#148 = ADVANCED_FACE ( 'NONE', ( #373 ), #889, .F. ) ;
#149 = DIRECTION ( 'NONE',  ( -1.000000000000000000, 0.0000000000000000000, 4.015563601798165300E-015 ) ) ;
#150 = CYLINDRICAL_SURFACE ( 'NONE', #1022, 0.03000000000000007900 ) ;
#151 = DIRECTION ( 'NONE',  ( -0.0000000000000000000, -0.0000000000000000000, -1.000000000000000000 ) ) ;
#152 = CIRCLE ( 'NONE', #535, 0.05400000000000001300 ) ;
#153 = CARTESIAN_POINT ( 'NONE',  ( -0.7300000000000000900, 0.0000000000000000000, -0.2799999999999999700 ) ) ;
#154 = EDGE_CURVE ( 'NONE', #1362, #2686, #1814, .T. ) ;
#155 = VECTOR ( 'NONE', #1349, 1000.000000000000000 ) ;
#156 = LINE ( 'NONE', #942, #1073 ) ;
#157 = PLANE ( 'NONE',  #1918 ) ;
#158 = CARTESIAN_POINT ( 'NONE',  ( -0.7299999999999917700, 0.02999999999999997100, 0.5200000000000000200 ) ) ;
#159 = ORIENTED_EDGE ( 'NONE', *, *, #435, .F. ) ;
#160 = CARTESIAN_POINT ( 'NONE',  ( 0.9700000000000002000, 0.05400000000000001300, 0.6250000000000000000 ) ) ;
#161 = CARTESIAN_POINT ( 'NONE',  ( -0.7000000000000000700, 0.5999999999999999800, -0.2799999999999999700 ) ) ;
#162 = ORIENTED_EDGE ( 'NONE', *, *, #1289, .F. ) ;
#163 = ADVANCED_FACE ( 'NONE', ( #970 ), #1264, .T. ) ;
#164 = ADVANCED_FACE ( 'NONE', ( #892 ), #1604, .T. ) ;
#165 = ORIENTED_EDGE ( 'NONE', *, *, #1880, .T. ) ;
#166 = CARTESIAN_POINT ( 'NONE',  ( -0.9700000000000002000, 0.02999999999999995700, 0.5500000000000002700 ) ) ;
#167 = EDGE_CURVE ( 'NONE', #464, #2551, #826, .T. ) ;
#168 = ORIENTED_EDGE ( 'NONE', *, *, #557, .F. ) ;
#169 = DIRECTION ( 'NONE',  ( 0.0000000000000000000, 0.0000000000000000000, 1.000000000000000000 ) ) ;
#170 = CARTESIAN_POINT ( 'NONE',  ( -0.6999999999999916300, 0.02999999999999996100, 0.6249999999999998900 ) ) ;
#171 = DIRECTION ( 'NONE',  ( 0.0000000000000000000, -1.000000000000000000, 0.0000000000000000000 ) ) ;
#172 = CARTESIAN_POINT ( 'NONE',  ( -0.9999999999999915600, 0.5999999999999999800, 0.5500000000000002700 ) ) ;
#173 = AXIS2_PLACEMENT_3D ( 'NONE', #2441, #1752, #1515 ) ;
#174 = ORIENTED_EDGE ( 'NONE', *, *, #2318, .T. ) ;
#175 = CARTESIAN_POINT ( 'NONE',  ( -0.7299999999999918800, 0.02999999999999997100, 0.5500000000000001600 ) ) ;
#176 = ORIENTED_EDGE ( 'NONE', *, *, #2805, .F. ) ;
#177 = CARTESIAN_POINT ( 'NONE',  ( -0.7299999999999919900, 0.0000000000000000000, 0.2499999999999997800 ) ) ;
#178 = VECTOR ( 'NONE', #2905, 1000.000000000000000 ) ;
#179 = ORIENTED_EDGE ( 'NONE', *, *, #4, .F. ) ;
#180 = LINE ( 'NONE', #1088, #917 ) ;
#181 = VERTEX_POINT ( 'NONE', #2962 ) ;
#182 = ADVANCED_FACE ( 'NONE', ( #300 ), #2598, .T. ) ;
#183 = CARTESIAN_POINT ( 'NONE',  ( 0.7300000000000084200, 0.02999999999999997100, 0.2499999999999988100 ) ) ;
#184 = ORIENTED_EDGE ( 'NONE', *, *, #47, .F. ) ;
#185 = VECTOR ( 'NONE', #2490, 1000.000000000000000 ) ;
#186 = AXIS2_PLACEMENT_3D ( 'NONE', #845, #1344, #2258 ) ;
#187 = FACE_OUTER_BOUND ( 'NONE', #101, .T. ) ;
#188 = DIRECTION ( 'NONE',  ( 6.985838740241651300E-018, -1.000000000000000000, 0.0000000000000000000 ) ) ;
#189 = CIRCLE ( 'NONE', #282, 0.03000000000000007900 ) ;
#190 = AXIS2_PLACEMENT_3D ( 'NONE', #1082, #2481, #416 ) ;
#191 = DIRECTION ( 'NONE',  ( 1.000000000000000000, 0.0000000000000000000, 0.0000000000000000000 ) ) ;
#192 = VECTOR ( 'NONE', #1667, 1000.000000000000000 ) ;
#193 = VECTOR ( 'NONE', #17, 1000.000000000000000 ) ;
#194 = ADVANCED_FACE ( 'NONE', ( #1994 ), #82, .T. ) ;
#195 = CARTESIAN_POINT ( 'NONE',  ( -0.7300000000000002000, 0.0000000000000000000, -0.5200000000000002400 ) ) ;
#196 = DIRECTION ( 'NONE',  ( 0.0000000000000000000, 0.0000000000000000000, -1.000000000000000000 ) ) ;
#197 = DIRECTION ( 'NONE',  ( 4.517509052022929600E-016, 0.0000000000000000000, 1.000000000000000000 ) ) ;
#198 = ORIENTED_EDGE ( 'NONE', *, *, #2767, .F. ) ;
#199 = DIRECTION ( 'NONE',  ( 0.0000000000000000000, 1.000000000000000000, 0.0000000000000000000 ) ) ;
#200 = FACE_OUTER_BOUND ( 'NONE', #762, .T. ) ;
#201 = AXIS2_PLACEMENT_3D ( 'NONE', #219, #1099, #888 ) ;
#202 = ORIENTED_EDGE ( 'NONE', *, *, #1806, .F. ) ;
#203 = EDGE_CURVE ( 'NONE', #790, #2265, #1848, .T. ) ;
#204 = EDGE_CURVE ( 'NONE', #1641, #1644, #624, .T. ) ;
#205 = EDGE_CURVE ( 'NONE', #181, #2095, #1917, .T. ) ;
#206 = ORIENTED_EDGE ( 'NONE', *, *, #2964, .T. ) ;
#207 = ADVANCED_FACE ( 'NONE', ( #698 ), #1148, .T. ) ;
#208 = DIRECTION ( 'NONE',  ( 3.614007241618349200E-015, -0.0000000000000000000, -1.000000000000000000 ) ) ;
#209 = AXIS2_PLACEMENT_3D ( 'NONE', #406, #1528, #806 ) ;
#210 = ORIENTED_EDGE ( 'NONE', *, *, #2531, .F. ) ;
#211 = CIRCLE ( 'NONE', #1650, 0.02999999999999997100 ) ;
#212 = CARTESIAN_POINT ( 'NONE',  ( 0.7299999999999999800, 0.5999999999999999800, -0.5200000000000011300 ) ) ;
#213 = ORIENTED_EDGE ( 'NONE', *, *, #1503, .F. ) ;
#214 = VECTOR ( 'NONE', #1767, 1000.000000000000000 ) ;
#215 = ORIENTED_EDGE ( 'NONE', *, *, #829, .F. ) ;
#216 = DIRECTION ( 'NONE',  ( -1.000000000000000000, 0.0000000000000000000, 0.0000000000000000000 ) ) ;
#217 = LINE ( 'NONE', #2148, #692 ) ;
#218 = ORIENTED_EDGE ( 'NONE', *, *, #669, .F. ) ;
#219 = CARTESIAN_POINT ( 'NONE',  ( 0.7300000000000084200, 0.0000000000000000000, 0.5200000000000000200 ) ) ;
#220 = AXIS2_PLACEMENT_3D ( 'NONE', #2607, #2811, #1465 ) ;
#221 = EDGE_CURVE ( 'NONE', #2200, #69, #1413, .T. ) ;
#222 = EDGE_CURVE ( 'NONE', #1644, #2274, #2493, .T. ) ;
#223 = ADVANCED_FACE ( 'NONE', ( #1773 ), #2580, .F. ) ;
#224 = ORIENTED_EDGE ( 'NONE', *, *, #89, .F. ) ;
#225 = PRESENTATION_LAYER_ASSIGNMENT (  '', '', ( #1637 ) ) ;
#226 = ADVANCED_FACE ( 'NONE', ( #1746 ), #1470, .F. ) ;
#227 =( NAMED_UNIT ( * ) PLANE_ANGLE_UNIT ( ) SI_UNIT ( $, .RADIAN. ) );
#228 = LINE ( 'NONE', #2165, #937 ) ;
#229 = ORIENTED_EDGE ( 'NONE', *, *, #1334, .F. ) ;
#230 = ORIENTED_EDGE ( 'NONE', *, *, #1332, .F. ) ;
#231 = CARTESIAN_POINT ( 'NONE',  ( 1.000000000000000000, 0.5999999999999999800, -0.2500000000000010500 ) ) ;
#232 = DIRECTION ( 'NONE',  ( 0.0000000000000000000, -1.000000000000000000, 0.0000000000000000000 ) ) ;
#233 = DIRECTION ( 'NONE',  ( 0.0000000000000000000, 0.0000000000000000000, 1.000000000000000000 ) ) ;
#234 = EDGE_LOOP ( 'NONE', ( #230, #2729, #1480, #1687 ) ) ;
#235 = VECTOR ( 'NONE', #1900, 1000.000000000000000 ) ;
#236 = DIRECTION ( 'NONE',  ( 1.000000000000000000, 0.0000000000000000000, 0.0000000000000000000 ) ) ;
#237 = SURFACE_SIDE_STYLE ('',( #2452 ) ) ;
#238 = EDGE_LOOP ( 'NONE', ( #174, #1416, #77, #2036 ) ) ;
#239 = AXIS2_PLACEMENT_3D ( 'NONE', #2360, #509, #248 ) ;
#240 = CARTESIAN_POINT ( 'NONE',  ( -0.7300000000000003200, 0.02999999999999997100, -0.5500000000000002700 ) ) ;
#241 = DIRECTION ( 'NONE',  ( 0.0000000000000000000, 0.0000000000000000000, -1.000000000000000000 ) ) ;
#242 = ADVANCED_FACE ( 'NONE', ( #2154 ), #1216, .T. ) ;
#243 = EDGE_CURVE ( 'NONE', #1477, #1191, #2560, .T. ) ;
#244 = ORIENTED_EDGE ( 'NONE', *, *, #1188, .F. ) ;
#245 = ORIENTED_EDGE ( 'NONE', *, *, #1203, .T. ) ;
#246 = FACE_OUTER_BOUND ( 'NONE', #349, .T. ) ;
#247 = ORIENTED_EDGE ( 'NONE', *, *, #575, .T. ) ;
#248 = DIRECTION ( 'NONE',  ( 1.000000000000000000, 0.0000000000000000000, 0.0000000000000000000 ) ) ;
#249 = DIRECTION ( 'NONE',  ( -0.0000000000000000000, -0.0000000000000000000, 1.000000000000000000 ) ) ;
#250 = ORIENTED_EDGE ( 'NONE', *, *, #1731, .T. ) ;
#251 = CIRCLE ( 'NONE', #2196, 0.05400000000000001300 ) ;
#252 = VERTEX_POINT ( 'NONE', #1257 ) ;
#253 = DIRECTION ( 'NONE',  ( 0.0000000000000000000, -1.000000000000000000, 0.0000000000000000000 ) ) ;
#254 = ORIENTED_EDGE ( 'NONE', *, *, #1508, .F. ) ;
#255 = VECTOR ( 'NONE', #241, 1000.000000000000000 ) ;
#256 = ORIENTED_EDGE ( 'NONE', *, *, #2815, .T. ) ;
#257 = DIRECTION ( 'NONE',  ( 0.0000000000000000000, -1.000000000000000000, 0.0000000000000000000 ) ) ;
#258 = LINE ( 'NONE', #2731, #1065 ) ;
#259 = DIRECTION ( 'NONE',  ( 1.000000000000000000, 0.0000000000000000000, -4.015563601798168800E-016 ) ) ;
#260 = DIRECTION ( 'NONE',  ( 0.0000000000000000000, 0.0000000000000000000, 1.000000000000000000 ) ) ;
#261 = VECTOR ( 'NONE', #1888, 1000.000000000000000 ) ;
#262 = DIRECTION ( 'NONE',  ( 0.0000000000000000000, 0.0000000000000000000, -1.000000000000000000 ) ) ;
#263 = VECTOR ( 'NONE', #578, 1000.000000000000000 ) ;
#264 = CARTESIAN_POINT ( 'NONE',  ( 0.9460000000000000600, 0.05400000000000001300, 0.5499999999999992700 ) ) ;
#265 = EDGE_CURVE ( 'NONE', #2868, #1869, #890, .T. ) ;
#266 = LINE ( 'NONE', #2736, #2737 ) ;
#267 = DIRECTION ( 'NONE',  ( 0.0000000000000000000, 0.0000000000000000000, -1.000000000000000000 ) ) ;
#268 = AXIS2_PLACEMENT_3D ( 'NONE', #481, #928, #2353 ) ;
#269 = DIRECTION ( 'NONE',  ( -0.0000000000000000000, -0.0000000000000000000, 1.000000000000000000 ) ) ;
#270 = UNCERTAINTY_MEASURE_WITH_UNIT (LENGTH_MEASURE( 1.000000000000000100E-005 ), #2808, 'distance_accuracy_value', 'NONE');
#271 = CARTESIAN_POINT ( 'NONE',  ( -0.9459999999999915100, 0.5459999999999999300, 0.5500000000000002700 ) ) ;
#272 = ORIENTED_EDGE ( 'NONE', *, *, #828, .T. ) ;
#273 = ADVANCED_FACE ( 'NONE', ( #2666 ), #2180, .F. ) ;
#274 = CYLINDRICAL_SURFACE ( 'NONE', #104, 0.05400000000000001300 ) ;
#275 = DIRECTION ( 'NONE',  ( 0.0000000000000000000, -1.000000000000000000, 0.0000000000000000000 ) ) ;
#276 = AXIS2_PLACEMENT_3D ( 'NONE', #2955, #1595, #19 ) ;
#277 = ORIENTED_EDGE ( 'NONE', *, *, #595, .T. ) ;
#278 = EDGE_CURVE ( 'NONE', #1286, #2615, #1633, .T. ) ;
#279 = CARTESIAN_POINT ( 'NONE',  ( 1.000000000000000000, 0.5999999999999999800, -0.5500000000000002700 ) ) ;
#280 = DIRECTION ( 'NONE',  ( 0.0000000000000000000, 0.0000000000000000000, -1.000000000000000000 ) ) ;
#281 = CARTESIAN_POINT ( 'NONE',  ( -0.9700000000000002000, 0.5459999999999999300, 0.6009999999999999800 ) ) ;
#282 = AXIS2_PLACEMENT_3D ( 'NONE', #2393, #553, #2639 ) ;
#283 = ORIENTED_EDGE ( 'NONE', *, *, #1162, .F. ) ;
#284 = SURFACE_SIDE_STYLE ('',( #1347 ) ) ;
#285 = CIRCLE ( 'NONE', #2605, 0.02999999999999997100 ) ;
#286 = ORIENTED_EDGE ( 'NONE', *, *, #2837, .F. ) ;
#287 = DIRECTION ( 'NONE',  ( 0.0000000000000000000, 1.000000000000000000, 0.0000000000000000000 ) ) ;
#288 = VERTEX_POINT ( 'NONE', #1235 ) ;
#289 = CARTESIAN_POINT ( 'NONE',  ( -0.9460000000000000600, 0.5699999999999999500, 0.2499999999999997800 ) ) ;
#290 = VECTOR ( 'NONE', #2733, 1000.000000000000000 ) ;
#291 = ORIENTED_EDGE ( 'NONE', *, *, #359, .F. ) ;
#292 = LINE ( 'NONE', #1538, #365 ) ;
#293 = ORIENTED_EDGE ( 'NONE', *, *, #670, .T. ) ;
#294 = VERTEX_POINT ( 'NONE', #346 ) ;
#295 =( NAMED_UNIT ( * ) PLANE_ANGLE_UNIT ( ) SI_UNIT ( $, .RADIAN. ) );
#296 =( NAMED_UNIT ( * ) PLANE_ANGLE_UNIT ( ) SI_UNIT ( $, .RADIAN. ) );
#297 = CIRCLE ( 'NONE', #2157, 0.05400000000000001300 ) ;
#298 = DIRECTION ( 'NONE',  ( 0.0000000000000000000, 1.000000000000000000, 0.0000000000000000000 ) ) ;
#299 = DIRECTION ( 'NONE',  ( 1.000000000000000000, 0.0000000000000000000, 0.0000000000000000000 ) ) ;
#300 = FACE_OUTER_BOUND ( 'NONE', #1653, .T. ) ;
#301 = CARTESIAN_POINT ( 'NONE',  ( 0.7000000000000083900, 0.0000000000000000000, 0.2799999999999989200 ) ) ;
#302 = DIRECTION ( 'NONE',  ( 0.0000000000000000000, 0.0000000000000000000, -1.000000000000000000 ) ) ;
#303 = FACE_OUTER_BOUND ( 'NONE', #1798, .T. ) ;
#304 = EDGE_CURVE ( 'NONE', #790, #1423, #1744, .T. ) ;
#305 = DIRECTION ( 'NONE',  ( 1.000000000000000000, 0.0000000000000000000, 0.0000000000000000000 ) ) ;
#306 = CARTESIAN_POINT ( 'NONE',  ( 0.9459999999999915100, 0.5459999999999999300, 0.5499999999999993800 ) ) ;
#307 = VECTOR ( 'NONE', #2578, 1000.000000000000000 ) ;
#308 = DIRECTION ( 'NONE',  ( 0.0000000000000000000, -1.000000000000000000, 0.0000000000000000000 ) ) ;
#309 = CARTESIAN_POINT ( 'NONE',  ( 0.9700000000000002000, 0.5699999999999999500, 0.6250000000000000000 ) ) ;
#310 = CARTESIAN_POINT ( 'NONE',  ( -0.9699999999999959800, 0.02999999999999995700, -0.5500000000000073700 ) ) ;
#311 = DIRECTION ( 'NONE',  ( -0.0000000000000000000, -0.0000000000000000000, 1.000000000000000000 ) ) ;
#312 = DIRECTION ( 'NONE',  ( 0.0000000000000000000, 0.0000000000000000000, -1.000000000000000000 ) ) ;
#313 = ORIENTED_EDGE ( 'NONE', *, *, #2444, .F. ) ;
#314 = DIRECTION ( 'NONE',  ( 1.000000000000000000, 0.0000000000000000000, 0.0000000000000000000 ) ) ;
#315 = ORIENTED_EDGE ( 'NONE', *, *, #2762, .F. ) ;
#316 = CARTESIAN_POINT ( 'NONE',  ( -0.9700000000000002000, 0.05399999999999995800, -0.6010000000000000900 ) ) ;
#317 = DIRECTION ( 'NONE',  ( 1.000000000000000000, 0.0000000000000000000, 0.0000000000000000000 ) ) ;
#318 = PRESENTATION_LAYER_ASSIGNMENT (  '', '', ( #377 ) ) ;
#319 = ORIENTED_EDGE ( 'NONE', *, *, #2088, .F. ) ;
#320 = VECTOR ( 'NONE', #113, 1000.000000000000000 ) ;
#321 = EDGE_CURVE ( 'NONE', #2405, #1774, #1810, .T. ) ;
#322 = EDGE_LOOP ( 'NONE', ( #2104, #601, #2223, #2195 ) ) ;
#323 = CARTESIAN_POINT ( 'NONE',  ( 0.7299999999999999800, 0.5999999999999999800, -0.5200000000000011300 ) ) ;
#324 = CARTESIAN_POINT ( 'NONE',  ( -0.7299999999999918800, 0.02999999999999997100, 0.2799999999999997500 ) ) ;
#325 = EDGE_CURVE ( 'NONE', #2584, #1869, #1329, .T. ) ;
#326 = ORIENTED_EDGE ( 'NONE', *, *, #1392, .F. ) ;
#327 = FACE_OUTER_BOUND ( 'NONE', #2469, .T. ) ;
#328 = ORIENTED_EDGE ( 'NONE', *, *, #2268, .F. ) ;
#329 = DIRECTION ( 'NONE',  ( 4.517509052022913800E-016, 0.0000000000000000000, 1.000000000000000000 ) ) ;
#330 = AXIS2_PLACEMENT_3D ( 'NONE', #1697, #1056, #2672 ) ;
#331 = ORIENTED_EDGE ( 'NONE', *, *, #1847, .T. ) ;
#332 = LINE ( 'NONE', #2963, #2696 ) ;
#333 = LINE ( 'NONE', #1245, #2594 ) ;
#334 = VERTEX_POINT ( 'NONE', #2847 ) ;
#335 = DIRECTION ( 'NONE',  ( 0.0000000000000000000, 0.0000000000000000000, -1.000000000000000000 ) ) ;
#336 = CARTESIAN_POINT ( 'NONE',  ( -0.9460000000000000600, 0.02999999999999995700, 0.6250000000000000000 ) ) ;
#337 = FACE_OUTER_BOUND ( 'NONE', #2374, .T. ) ;
#338 = DIRECTION ( 'NONE',  ( -1.000000000000000000, 0.0000000000000000000, 0.0000000000000000000 ) ) ;
#339 = DIRECTION ( 'NONE',  ( 1.000000000000000000, 1.694065894508597700E-015, 0.0000000000000000000 ) ) ;
#340 = EDGE_LOOP ( 'NONE', ( #1197, #33, #1837, #880 ) ) ;
#341 = VERTEX_POINT ( 'NONE', #569 ) ;
#342 = LINE ( 'NONE', #2431, #1852 ) ;
#343 = AXIS2_PLACEMENT_3D ( 'NONE', #1074, #388, #2237 ) ;
#344 = CARTESIAN_POINT ( 'NONE',  ( 0.7000000000000002900, 0.02999999999999996800, 0.6249999999999992200 ) ) ;
#345 = DIRECTION ( 'NONE',  ( 0.0000000000000000000, 1.000000000000000000, 0.0000000000000000000 ) ) ;
#346 = CARTESIAN_POINT ( 'NONE',  ( 0.7000000000000083900, 0.5699999999999999500, 0.2799999999999989200 ) ) ;
#347 = AXIS2_PLACEMENT_3D ( 'NONE', #1459, #2169, #339 ) ;
#348 = CARTESIAN_POINT ( 'NONE',  ( 1.000000000000000000, 0.5999999999999999800, -0.5500000000000002700 ) ) ;
#349 = EDGE_LOOP ( 'NONE', ( #1984, #712, #586, #2173, #106, #430 ) ) ;
#350 = SPHERICAL_SURFACE ( 'NONE', #2086, 0.02400000000000000000 ) ;
#351 = DIRECTION ( 'NONE',  ( 4.015563601798168800E-016, -0.0000000000000000000, 1.000000000000000000 ) ) ;
#352 = EDGE_LOOP ( 'NONE', ( #814, #1063, #2573, #1953 ) ) ;
#353 = DIRECTION ( 'NONE',  ( -4.517509052022913800E-016, -3.155858974501401200E-033, -1.000000000000000000 ) ) ;
#354 = CARTESIAN_POINT ( 'NONE',  ( -0.7300000000000000900, 0.5999999999999999800, -0.2799999999999999700 ) ) ;
#355 = DIRECTION ( 'NONE',  ( 0.0000000000000000000, 1.000000000000000000, 0.0000000000000000000 ) ) ;
#356 = VERTEX_POINT ( 'NONE', #1688 ) ;
#357 = LINE ( 'NONE', #2935, #1935 ) ;
#358 = AXIS2_PLACEMENT_3D ( 'NONE', #1830, #448, #1851 ) ;
#359 = EDGE_CURVE ( 'NONE', #1279, #2602, #1708, .T. ) ;
#360 = ORIENTED_EDGE ( 'NONE', *, *, #1632, .T. ) ;
#361 = VECTOR ( 'NONE', #1292, 1000.000000000000000 ) ;
#362 = DIRECTION ( 'NONE',  ( 0.0000000000000000000, -1.000000000000000000, 0.0000000000000000000 ) ) ;
#363 = EDGE_CURVE ( 'NONE', #75, #1642, #2214, .T. ) ;
#364 = EDGE_LOOP ( 'NONE', ( #1541, #719, #474, #540, #736, #215 ) ) ;
#365 = VECTOR ( 'NONE', #1067, 1000.000000000000000 ) ;
#366 = EDGE_LOOP ( 'NONE', ( #30, #1785, #256, #283 ) ) ;
#367 = CARTESIAN_POINT ( 'NONE',  ( 0.9459999999999915100, 0.5999999999999999800, -0.6250000000000002200 ) ) ;
#368 = AXIS2_PLACEMENT_3D ( 'NONE', #1451, #1463, #86 ) ;
#369 = DIRECTION ( 'NONE',  ( 1.000000000000000000, 0.0000000000000000000, 3.614007241618347600E-015 ) ) ;
#370 = PRESENTATION_STYLE_ASSIGNMENT (( #1904 ) ) ;
#371 = EDGE_CURVE ( 'NONE', #2062, #1008, #442, .T. ) ;
#372 = PRODUCT_DEFINITION_SHAPE ( 'NONE', 'NONE',  #863 ) ;
#373 = FACE_OUTER_BOUND ( 'NONE', #2455, .T. ) ;
#374 = ORIENTED_EDGE ( 'NONE', *, *, #409, .T. ) ;
#375 = SURFACE_STYLE_USAGE ( .BOTH. , #1556 ) ;
#376 = CIRCLE ( 'NONE', #358, 0.02400000000000004200 ) ;
#377 = STYLED_ITEM ( 'NONE', ( #25 ), #2414 ) ;
#378 = CARTESIAN_POINT ( 'NONE',  ( 1.000000000000008400, 0.5999999999999999800, 0.5499999999999990500 ) ) ;
#379 = EDGE_CURVE ( 'NONE', #1655, #2661, #2916, .T. ) ;
#380 = CARTESIAN_POINT ( 'NONE',  ( -1.000000000000000000, 0.5999999999999999800, -0.5500000000000002700 ) ) ;
#381 = CARTESIAN_POINT ( 'NONE',  ( -0.7000000000000001800, 0.5999999999999999800, -0.5200000000000002400 ) ) ;
#382 = FACE_OUTER_BOUND ( 'NONE', #443, .T. ) ;
#383 = AXIS2_PLACEMENT_3D ( 'NONE', #932, #1214, #1664 ) ;
#384 = ORIENTED_EDGE ( 'NONE', *, *, #1432, .T. ) ;
#385 = DIRECTION ( 'NONE',  ( -1.000000000000000000, 0.0000000000000000000, 0.0000000000000000000 ) ) ;
#386 = DIRECTION ( 'NONE',  ( 4.015563601798165300E-015, 0.0000000000000000000, 1.000000000000000000 ) ) ;
#387 = ADVANCED_FACE ( 'NONE', ( #1950 ), #2948, .T. ) ;
#388 = DIRECTION ( 'NONE',  ( 6.985838740241651300E-018, -1.000000000000000000, -0.0000000000000000000 ) ) ;
#389 = DIRECTION ( 'NONE',  ( -4.517509052022913800E-016, 0.0000000000000000000, -1.000000000000000000 ) ) ;
#390 = CARTESIAN_POINT ( 'NONE',  ( -0.9460000000000000600, 0.05399999999999995800, -0.2499999999999997800 ) ) ;
#391 = VERTEX_POINT ( 'NONE', #1283 ) ;
#392 = VECTOR ( 'NONE', #2412, 1000.000000000000000 ) ;
#393 = DIRECTION ( 'NONE',  ( 0.0000000000000000000, 0.0000000000000000000, -1.000000000000000000 ) ) ;
#394 = CARTESIAN_POINT ( 'NONE',  ( -0.9460000000000000600, 0.05399999999999995800, 0.6009999999999999800 ) ) ;
#395 = AXIS2_PLACEMENT_3D ( 'NONE', #2161, #91, #338 ) ;
#396 = ORIENTED_EDGE ( 'NONE', *, *, #2572, .F. ) ;
#397 = VERTEX_POINT ( 'NONE', #2899 ) ;
#398 = ORIENTED_EDGE ( 'NONE', *, *, #1920, .F. ) ;
#399 = LINE ( 'NONE', #1850, #2588 ) ;
#400 = VERTEX_POINT ( 'NONE', #79 ) ;
#401 = EDGE_CURVE ( 'NONE', #1362, #69, #591, .T. ) ;
#402 = CARTESIAN_POINT ( 'NONE',  ( -0.9460000000000000600, 0.0000000000000000000, -0.6250000000000000000 ) ) ;
#403 = DIRECTION ( 'NONE',  ( 0.0000000000000000000, 0.0000000000000000000, -1.000000000000000000 ) ) ;
#404 = DIRECTION ( 'NONE',  ( -1.000000000000000000, 0.0000000000000000000, 0.0000000000000000000 ) ) ;
#405 = CIRCLE ( 'NONE', #2090, 0.05400000000000001300 ) ;
#406 = CARTESIAN_POINT ( 'NONE',  ( -0.9460000000000000600, 0.05399999999999995800, 0.6009999999999999800 ) ) ;
#407 = VECTOR ( 'NONE', #802, 1000.000000000000000 ) ;
#408 = ADVANCED_FACE ( 'NONE', ( #2316 ), #2113, .T. ) ;
#409 = EDGE_CURVE ( 'NONE', #1970, #687, #1882, .T. ) ;
#410 = COLOUR_RGB ( '',0.7921568627450980000, 0.8196078431372548800, 0.9333333333333333500 ) ;
#411 = DIRECTION ( 'NONE',  ( 0.0000000000000000000, -1.000000000000000000, 0.0000000000000000000 ) ) ;
#412 = ORIENTED_EDGE ( 'NONE', *, *, #1454, .F. ) ;
#413 = ORIENTED_EDGE ( 'NONE', *, *, #2679, .T. ) ;
#414 = FACE_OUTER_BOUND ( 'NONE', #1512, .T. ) ;
#415 = ORIENTED_EDGE ( 'NONE', *, *, #2329, .T. ) ;
#416 = DIRECTION ( 'NONE',  ( 1.000000000000000000, 0.0000000000000000000, 4.517509052022927000E-015 ) ) ;
#417 = PLANE ( 'NONE',  #2462 ) ;
#418 = AXIS2_PLACEMENT_3D ( 'NONE', #323, #2389, #2372 ) ;
#419 = DIRECTION ( 'NONE',  ( 0.0000000000000000000, 0.0000000000000000000, -1.000000000000000000 ) ) ;
#420 = LINE ( 'NONE', #2, #2439 ) ;
#421 = EDGE_CURVE ( 'NONE', #1137, #1047, #2035, .T. ) ;
#422 = CARTESIAN_POINT ( 'NONE',  ( -0.7000000000000001800, 0.02999999999999997100, -0.5200000000000002400 ) ) ;
#423 = DIRECTION ( 'NONE',  ( 1.000000000000000000, 0.0000000000000000000, 0.0000000000000000000 ) ) ;
#424 = VERTEX_POINT ( 'NONE', #2685 ) ;
#425 = MECHANICAL_DESIGN_GEOMETRIC_PRESENTATION_REPRESENTATION (  '', ( #1565 ), #732 ) ;
#426 = VERTEX_POINT ( 'NONE', #2647 ) ;
#427 = ORIENTED_EDGE ( 'NONE', *, *, #110, .T. ) ;
#428 = EDGE_CURVE ( 'NONE', #2300, #1524, #2075, .T. ) ;
#429 = FILL_AREA_STYLE_COLOUR ( '', #63 ) ;
#430 = ORIENTED_EDGE ( 'NONE', *, *, #2318, .F. ) ;
#431 = ORIENTED_EDGE ( 'NONE', *, *, #2739, .F. ) ;
#432 = ORIENTED_EDGE ( 'NONE', *, *, #811, .T. ) ;
#433 = VECTOR ( 'NONE', #2923, 1000.000000000000000 ) ;
#434 = CARTESIAN_POINT ( 'NONE',  ( 0.7300000000000084200, 0.5999999999999999800, 0.2499999999999988100 ) ) ;
#435 = EDGE_CURVE ( 'NONE', #2488, #1472, #1261, .T. ) ;
#436 = ORIENTED_EDGE ( 'NONE', *, *, #2386, .T. ) ;
#437 = ADVANCED_FACE ( 'NONE', ( #1005 ), #1302, .F. ) ;
#438 = LINE ( 'NONE', #1702, #1143 ) ;
#439 = ORIENTED_EDGE ( 'NONE', *, *, #787, .T. ) ;
#440 = FACE_OUTER_BOUND ( 'NONE', #680, .T. ) ;
#441 = AXIS2_PLACEMENT_3D ( 'NONE', #988, #308, #1468 ) ;
#442 = CIRCLE ( 'NONE', #847, 0.03000000000000007900 ) ;
#443 = EDGE_LOOP ( 'NONE', ( #1316, #616, #1378, #1023, #594, #2108 ) ) ;
#444 = VERTEX_POINT ( 'NONE', #1980 ) ;
#445 = CARTESIAN_POINT ( 'NONE',  ( 0.0000000000000000000, 0.5459999999999999300, -0.6250000000000000000 ) ) ;
#446 = ADVANCED_FACE ( 'NONE', ( #116 ), #1038, .T. ) ;
#447 = CARTESIAN_POINT ( 'NONE',  ( -0.7000000000000000700, 0.5999999999999999800, -0.2799999999999999700 ) ) ;
#448 = DIRECTION ( 'NONE',  ( 0.0000000000000000000, 0.0000000000000000000, -1.000000000000000000 ) ) ;
#449 = ORIENTED_EDGE ( 'NONE', *, *, #2329, .F. ) ;
#450 = VERTEX_POINT ( 'NONE', #2211 ) ;
#451 = DIRECTION ( 'NONE',  ( -0.0000000000000000000, -0.0000000000000000000, 1.000000000000000000 ) ) ;
#452 = DIRECTION ( 'NONE',  ( 0.0000000000000000000, -0.0000000000000000000, -1.000000000000000000 ) ) ;
#453 = FACE_OUTER_BOUND ( 'NONE', #596, .T. ) ;
#454 = CARTESIAN_POINT ( 'NONE',  ( 0.7300000000000000900, 0.5999999999999999800, -0.2799999999999999700 ) ) ;
#455 = UNCERTAINTY_MEASURE_WITH_UNIT (LENGTH_MEASURE( 1.000000000000000100E-005 ), #2548, 'distance_accuracy_value', 'NONE');
#456 = AXIS2_PLACEMENT_3D ( 'NONE', #1843, #2746, #934 ) ;
#457 = CARTESIAN_POINT ( 'NONE',  ( 0.7300000000000000900, 0.5999999999999999800, -0.5500000000000012700 ) ) ;
#458 = ORIENTED_EDGE ( 'NONE', *, *, #1791, .T. ) ;
#459 =( NAMED_UNIT ( * ) SI_UNIT ( $, .STERADIAN. ) SOLID_ANGLE_UNIT ( ) );
#460 = DIRECTION ( 'NONE',  ( -0.0000000000000000000, 0.0000000000000000000, -1.000000000000000000 ) ) ;
#461 = ORIENTED_EDGE ( 'NONE', *, *, #964, .F. ) ;
#462 = FACE_OUTER_BOUND ( 'NONE', #2898, .T. ) ;
#463 = ADVANCED_FACE ( 'NONE', ( #2278 ), #824, .T. ) ;
#464 = VERTEX_POINT ( 'NONE', #2882 ) ;
#465 = CARTESIAN_POINT ( 'NONE',  ( 1.000000000000000000, 0.5999999999999999800, -0.2500000000000010500 ) ) ;
#466 = LINE ( 'NONE', #166, #2829 ) ;
#467 = ORIENTED_EDGE ( 'NONE', *, *, #2284, .F. ) ;
#468 = CARTESIAN_POINT ( 'NONE',  ( -0.9700000000000002000, 0.5699999999999999500, 0.6009999999999999800 ) ) ;
#469 = ORIENTED_EDGE ( 'NONE', *, *, #2579, .T. ) ;
#470 = DIRECTION ( 'NONE',  ( -0.0000000000000000000, 0.0000000000000000000, 1.000000000000000000 ) ) ;
#471 = VERTEX_POINT ( 'NONE', #135 ) ;
#472 = EDGE_CURVE ( 'NONE', #2623, #2265, #512, .T. ) ;
#473 = LINE ( 'NONE', #344, #2458 ) ;
#474 = ORIENTED_EDGE ( 'NONE', *, *, #2956, .T. ) ;
#475 = DIRECTION ( 'NONE',  ( -0.0000000000000000000, -1.000000000000000000, -0.0000000000000000000 ) ) ;
#476 = DIRECTION ( 'NONE',  ( -4.517509052022929600E-016, -0.0000000000000000000, -1.000000000000000000 ) ) ;
#477 =( GEOMETRIC_REPRESENTATION_CONTEXT ( 3 ) GLOBAL_UNCERTAINTY_ASSIGNED_CONTEXT ( ( #455 ) ) GLOBAL_UNIT_ASSIGNED_CONTEXT ( ( #2548, #1872, #459 ) ) REPRESENTATION_CONTEXT ( 'NONE', 'WORKASPACE' ) );
#478 = EDGE_CURVE ( 'NONE', #1134, #444, #2878, .T. ) ;
#479 = LINE ( 'NONE', #2283, #765 ) ;
#480 = VECTOR ( 'NONE', #605, 1000.000000000000000 ) ;
#481 = CARTESIAN_POINT ( 'NONE',  ( 0.7300000000000084200, 0.5999999999999999800, 0.5200000000000000200 ) ) ;
#482 = CARTESIAN_POINT ( 'NONE',  ( -0.9460000000000000600, 0.05399999999999995800, -0.6009999999999999800 ) ) ;
#483 = CIRCLE ( 'NONE', #1388, 0.02999999999999997100 ) ;
#484 = ORIENTED_EDGE ( 'NONE', *, *, #1336, .F. ) ;
#485 = DIRECTION ( 'NONE',  ( 0.0000000000000000000, 0.0000000000000000000, -1.000000000000000000 ) ) ;
#486 = DIRECTION ( 'NONE',  ( 0.0000000000000000000, -1.000000000000000000, 0.0000000000000000000 ) ) ;
#487 = CARTESIAN_POINT ( 'NONE',  ( -0.6999999999999918500, 0.5999999999999999800, 0.2799999999999997500 ) ) ;
#488 = CARTESIAN_POINT ( 'NONE',  ( -0.7299999999999919900, 0.5999999999999999800, 0.2499999999999997800 ) ) ;
#489 = DIRECTION ( 'NONE',  ( 0.0000000000000000000, 0.0000000000000000000, 1.000000000000000000 ) ) ;
#490 = DIRECTION ( 'NONE',  ( 6.023345402697249900E-016, 0.0000000000000000000, 1.000000000000000000 ) ) ;
#491 = ORIENTED_EDGE ( 'NONE', *, *, #243, .T. ) ;
#492 = AXIS2_PLACEMENT_3D ( 'NONE', #380, #1991, #2222 ) ;
#493 = CARTESIAN_POINT ( 'NONE',  ( -0.6999999999999916300, 0.5699999999999999500, 0.6249999999999998900 ) ) ;
#494 = ORIENTED_EDGE ( 'NONE', *, *, #1638, .F. ) ;
#495 = DIRECTION ( 'NONE',  ( 0.0000000000000000000, 0.0000000000000000000, -1.000000000000000000 ) ) ;
#496 =( NAMED_UNIT ( * ) SI_UNIT ( $, .STERADIAN. ) SOLID_ANGLE_UNIT ( ) );
#497 = AXIS2_PLACEMENT_3D ( 'NONE', #122, #1709, #1250 ) ;
#498 = EDGE_LOOP ( 'NONE', ( #1318, #1532, #1732, #2870, #745, #862 ) ) ;
#499 = DIRECTION ( 'NONE',  ( -1.000000000000000000, 0.0000000000000000000, 4.015563601798166900E-015 ) ) ;
#500 = CARTESIAN_POINT ( 'NONE',  ( -0.6999999999999918500, 0.0000000000000000000, 0.2799999999999997500 ) ) ;
#501 = EDGE_LOOP ( 'NONE', ( #1779, #1135, #2663, #614, #662, #1868 ) ) ;
#502 = CIRCLE ( 'NONE', #186, 0.02999999999999997100 ) ;
#503 = DIRECTION ( 'NONE',  ( 1.000000000000000000, 0.0000000000000000000, 0.0000000000000000000 ) ) ;
#504 = EDGE_LOOP ( 'NONE', ( #675, #1937, #1871, #1942, #315, #551 ) ) ;
#505 = DIRECTION ( 'NONE',  ( -0.0000000000000000000, -1.000000000000000000, -0.0000000000000000000 ) ) ;
#506 = ORIENTED_EDGE ( 'NONE', *, *, #265, .T. ) ;
#507 = ORIENTED_EDGE ( 'NONE', *, *, #1521, .F. ) ;
#508 = DIRECTION ( 'NONE',  ( 6.023345402697249900E-016, -0.0000000000000000000, 1.000000000000000000 ) ) ;
#509 = DIRECTION ( 'NONE',  ( 0.0000000000000000000, -0.0000000000000000000, -1.000000000000000000 ) ) ;
#510 = DIRECTION ( 'NONE',  ( 0.0000000000000000000, -1.000000000000000000, 0.0000000000000000000 ) ) ;
#511 = LINE ( 'NONE', #2160, #729 ) ;
#512 = LINE ( 'NONE', #1527, #1069 ) ;
#513 = AXIS2_PLACEMENT_3D ( 'NONE', #1386, #2788, #722 ) ;
#514 = EDGE_CURVE ( 'NONE', #1692, #1467, #1107, .T. ) ;
#515 = ORIENTED_EDGE ( 'NONE', *, *, #1272, .T. ) ;
#516 = EDGE_CURVE ( 'NONE', #1325, #288, #297, .T. ) ;
#517 = FACE_OUTER_BOUND ( 'NONE', #536, .T. ) ;
#518 =( LENGTH_UNIT ( ) NAMED_UNIT ( * ) SI_UNIT ( .MILLI., .METRE. ) );
#519 = VERTEX_POINT ( 'NONE', #2255 ) ;
#520 = ORIENTED_EDGE ( 'NONE', *, *, #1499, .F. ) ;
#521 = AXIS2_PLACEMENT_3D ( 'NONE', #1153, #897, #1131 ) ;
#522 = VECTOR ( 'NONE', #1312, 1000.000000000000000 ) ;
#523 = CARTESIAN_POINT ( 'NONE',  ( -0.9460000000000000600, 0.05399999999999995800, 0.6250000000000000000 ) ) ;
#524 = ORIENTED_EDGE ( 'NONE', *, *, #154, .F. ) ;
#525 = LINE ( 'NONE', #1149, #837 ) ;
#526 = FILL_AREA_STYLE_COLOUR ( '', #410 ) ;
#527 =( NAMED_UNIT ( * ) SI_UNIT ( $, .STERADIAN. ) SOLID_ANGLE_UNIT ( ) );
#528 = DIRECTION ( 'NONE',  ( 4.015563601798165300E-015, -0.0000000000000000000, 1.000000000000000000 ) ) ;
#529 = CARTESIAN_POINT ( 'NONE',  ( -0.9460000000000000600, 0.5459999999999999300, -0.6250000000000000000 ) ) ;
#530 = AXIS2_PLACEMENT_3D ( 'NONE', #1892, #1436, #966 ) ;
#531 = EDGE_CURVE ( 'NONE', #2115, #625, #1184, .T. ) ;
#532 = ORIENTED_EDGE ( 'NONE', *, *, #2387, .T. ) ;
#533 = DIRECTION ( 'NONE',  ( 3.614007241618349200E-015, -0.0000000000000000000, -1.000000000000000000 ) ) ;
#534 = DIRECTION ( 'NONE',  ( 0.0000000000000000000, 0.0000000000000000000, 1.000000000000000000 ) ) ;
#535 = AXIS2_PLACEMENT_3D ( 'NONE', #2618, #2873, #2407 ) ;
#536 = EDGE_LOOP ( 'NONE', ( #645, #2406, #2793 ) ) ;
#537 = PRODUCT_CONTEXT ( 'NONE', #973, 'mechanical' ) ;
#538 = CARTESIAN_POINT ( 'NONE',  ( -0.9700000000000002000, 0.02999999999999995700, 0.6009999999999999800 ) ) ;
#539 = VECTOR ( 'NONE', #1457, 1000.000000000000000 ) ;
#540 = ORIENTED_EDGE ( 'NONE', *, *, #1240, .F. ) ;
#541 = ORIENTED_EDGE ( 'NONE', *, *, #922, .F. ) ;
#542 = LINE ( 'NONE', #1427, #2622 ) ;
#543 = ORIENTED_EDGE ( 'NONE', *, *, #1764, .T. ) ;
#544 = ORIENTED_EDGE ( 'NONE', *, *, #11, .T. ) ;
#545 = FACE_OUTER_BOUND ( 'NONE', #2483, .T. ) ;
#546 = ORIENTED_EDGE ( 'NONE', *, *, #2791, .T. ) ;
#547 = CARTESIAN_POINT ( 'NONE',  ( -0.9460000000000000600, 0.02999999999999995700, 0.5500000000000002700 ) ) ;
#548 = CARTESIAN_POINT ( 'NONE',  ( -0.9699999999999959800, 0.5699999999999999500, -0.5500000000000073700 ) ) ;
#549 = CARTESIAN_POINT ( 'NONE',  ( 1.000000000000008400, 0.5999999999999999800, 0.2499999999999997800 ) ) ;
#550 = LINE ( 'NONE', #2853, #2276 ) ;
#551 = ORIENTED_EDGE ( 'NONE', *, *, #639, .F. ) ;
#552 = DIRECTION ( 'NONE',  ( 0.0000000000000000000, 0.0000000000000000000, 1.000000000000000000 ) ) ;
#553 = DIRECTION ( 'NONE',  ( 0.0000000000000000000, 1.000000000000000000, 0.0000000000000000000 ) ) ;
#554 = VECTOR ( 'NONE', #2377, 1000.000000000000000 ) ;
#555 = AXIS2_PLACEMENT_3D ( 'NONE', #1817, #1348, #1338 ) ;
#556 = CARTESIAN_POINT ( 'NONE',  ( 0.9460000000000000600, 0.5459999999999999300, 0.6009999999999999800 ) ) ;
#557 = EDGE_CURVE ( 'NONE', #1223, #1061, #1668, .T. ) ;
#558 = PRODUCT ( 'EXC34CE121U', 'EXC34CE121U', '', ( #537 ) ) ;
#559 = VECTOR ( 'NONE', #697, 1000.000000000000000 ) ;
#560 = LINE ( 'NONE', #2611, #2320 ) ;
#561 =( GEOMETRIC_REPRESENTATION_CONTEXT ( 3 ) GLOBAL_UNCERTAINTY_ASSIGNED_CONTEXT ( ( #1326 ) ) GLOBAL_UNIT_ASSIGNED_CONTEXT ( ( #518, #295, #496 ) ) REPRESENTATION_CONTEXT ( 'NONE', 'WORKASPACE' ) );
#562 = ORIENTED_EDGE ( 'NONE', *, *, #1016, .F. ) ;
#563 = CARTESIAN_POINT ( 'NONE',  ( 1.000000000000008400, 0.0000000000000000000, 0.2499999999999997800 ) ) ;
#564 = CARTESIAN_POINT ( 'NONE',  ( 0.7300000000000084200, 0.5699999999999999500, 0.5200000000000000200 ) ) ;
#565 = ADVANCED_FACE ( 'NONE', ( #2352 ), #2248, .T. ) ;
#566 = ORIENTED_EDGE ( 'NONE', *, *, #1289, .T. ) ;
#567 = EDGE_LOOP ( 'NONE', ( #1382, #2932, #1320, #1757 ) ) ;
#568 = EDGE_LOOP ( 'NONE', ( #2773, #2834, #1552, #1701, #2474, #2068 ) ) ;
#569 = CARTESIAN_POINT ( 'NONE',  ( -0.9999999999999915600, 0.05400000000000001300, -0.5500000000000002700 ) ) ;
#570 = VERTEX_POINT ( 'NONE', #281 ) ;
#571 = EDGE_CURVE ( 'NONE', #1335, #685, #2634, .T. ) ;
#572 = DIRECTION ( 'NONE',  ( 1.000000000000000000, 0.0000000000000000000, -4.517509052022913800E-016 ) ) ;
#573 = CARTESIAN_POINT ( 'NONE',  ( 0.9460000000000000600, 0.5459999999999999300, 0.6250000000000000000 ) ) ;
#574 = AXIS2_PLACEMENT_3D ( 'NONE', #1750, #1037, #2199 ) ;
#575 = EDGE_CURVE ( 'NONE', #2927, #983, #2491, .T. ) ;
#576 = DIRECTION ( 'NONE',  ( -0.0000000000000000000, 1.000000000000000000, -0.0000000000000000000 ) ) ;
#577 = CARTESIAN_POINT ( 'NONE',  ( 0.7299999999999999800, 0.5699999999999999500, -0.5200000000000011300 ) ) ;
#578 = DIRECTION ( 'NONE',  ( 0.0000000000000000000, 1.000000000000000000, 0.0000000000000000000 ) ) ;
#579 = EDGE_LOOP ( 'NONE', ( #2132, #2188, #467, #432 ) ) ;
#580 = FACE_OUTER_BOUND ( 'NONE', #1821, .T. ) ;
#581 = CARTESIAN_POINT ( 'NONE',  ( 1.000000000000000000, 0.0000000000000000000, -0.5500000000000002700 ) ) ;
#582 = CARTESIAN_POINT ( 'NONE',  ( -0.7000000000000000700, 0.5999999999999999800, -0.2799999999999999700 ) ) ;
#583 = VERTEX_POINT ( 'NONE', #730 ) ;
#584 = VECTOR ( 'NONE', #2317, 1000.000000000000000 ) ;
#585 = EDGE_CURVE ( 'NONE', #2856, #1057, #2701, .T. ) ;
#586 = ORIENTED_EDGE ( 'NONE', *, *, #585, .F. ) ;
#587 = CYLINDRICAL_SURFACE ( 'NONE', #2723, 0.02400000000000004200 ) ;
#588 = DIRECTION ( 'NONE',  ( -0.0000000000000000000, -1.000000000000000000, -0.0000000000000000000 ) ) ;
#589 = UNCERTAINTY_MEASURE_WITH_UNIT (LENGTH_MEASURE( 1.000000000000000100E-005 ), #1491, 'distance_accuracy_value', 'NONE');
#590 = LINE ( 'NONE', #160, #1406 ) ;
#591 = LINE ( 'NONE', #2915, #2804 ) ;
#592 = MANIFOLD_SOLID_BREP ( 'Cut-Extrude2[1]', #784 ) ;
#593 = ORIENTED_EDGE ( 'NONE', *, *, #109, .F. ) ;
#594 = ORIENTED_EDGE ( 'NONE', *, *, #595, .F. ) ;
#595 = EDGE_CURVE ( 'NONE', #915, #850, #859, .T. ) ;
#596 = EDGE_LOOP ( 'NONE', ( #2019, #1373, #2202, #1102, #1097, #142 ) ) ;
#597 = DIRECTION ( 'NONE',  ( -1.000000000000000000, 0.0000000000000000000, 0.0000000000000000000 ) ) ;
#598 = ORIENTED_EDGE ( 'NONE', *, *, #265, .F. ) ;
#599 = AXIS2_PLACEMENT_3D ( 'NONE', #2432, #780, #1030 ) ;
#600 = DIRECTION ( 'NONE',  ( 0.0000000000000000000, 0.0000000000000000000, -1.000000000000000000 ) ) ;
#601 = ORIENTED_EDGE ( 'NONE', *, *, #2056, .T. ) ;
#602 = ORIENTED_EDGE ( 'NONE', *, *, #1731, .F. ) ;
#603 = ADVANCED_FACE ( 'NONE', ( #1743 ), #2785, .F. ) ;
#604 = CARTESIAN_POINT ( 'NONE',  ( -0.9460000000000000600, 0.5699999999999999500, -0.6010000000000000900 ) ) ;
#605 = DIRECTION ( 'NONE',  ( 0.0000000000000000000, 1.000000000000000000, 0.0000000000000000000 ) ) ;
#606 =( NAMED_UNIT ( * ) PLANE_ANGLE_UNIT ( ) SI_UNIT ( $, .RADIAN. ) );
#607 = ORIENTED_EDGE ( 'NONE', *, *, #124, .F. ) ;
#608 = FACE_OUTER_BOUND ( 'NONE', #238, .T. ) ;
#609 = ORIENTED_EDGE ( 'NONE', *, *, #1503, .T. ) ;
#610 = ORIENTED_EDGE ( 'NONE', *, *, #1654, .F. ) ;
#611 = DIRECTION ( 'NONE',  ( 0.0000000000000000000, -0.0000000000000000000, -1.000000000000000000 ) ) ;
#612 = CARTESIAN_POINT ( 'NONE',  ( -0.9700000000000007500, 0.5699999999999999500, -0.2499999999999997800 ) ) ;
#613 = CARTESIAN_POINT ( 'NONE',  ( 0.9700000000000002000, 0.5699999999999999500, -0.5500000000000002700 ) ) ;
#614 = ORIENTED_EDGE ( 'NONE', *, *, #1071, .F. ) ;
#615 = VECTOR ( 'NONE', #12, 1000.000000000000000 ) ;
#616 = ORIENTED_EDGE ( 'NONE', *, *, #154, .T. ) ;
#617 = CARTESIAN_POINT ( 'NONE',  ( -0.9459999999999915100, 0.05400000000000001300, -0.5500000000000002700 ) ) ;
#618 = DIRECTION ( 'NONE',  ( 0.0000000000000000000, 1.000000000000000000, 0.0000000000000000000 ) ) ;
#619 = ADVANCED_FACE ( 'NONE', ( #2597 ), #1490, .F. ) ;
#620 = VECTOR ( 'NONE', #1989, 1000.000000000000000 ) ;
#621 = CARTESIAN_POINT ( 'NONE',  ( -0.6999999999999918500, 0.5999999999999999800, 0.2799999999999997500 ) ) ;
#622 = FACE_OUTER_BOUND ( 'NONE', #8, .T. ) ;
#623 = DIRECTION ( 'NONE',  ( 6.985838740241651300E-018, -1.000000000000000000, -0.0000000000000000000 ) ) ;
#624 = CIRCLE ( 'NONE', #2465, 0.03000000000000007900 ) ;
#625 = VERTEX_POINT ( 'NONE', #2145 ) ;
#626 = CARTESIAN_POINT ( 'NONE',  ( -0.9999999999999915600, 0.5999999999999999800, 0.5500000000000002700 ) ) ;
#627 = CARTESIAN_POINT ( 'NONE',  ( 0.7300000000000083100, 0.0000000000000000000, 0.2799999999999989200 ) ) ;
#628 = PLANE ( 'NONE',  #2442 ) ;
#629 = VECTOR ( 'NONE', #362, 1000.000000000000000 ) ;
#630 = AXIS2_PLACEMENT_3D ( 'NONE', #1206, #1683, #305 ) ;
#631 = PLANE ( 'NONE',  #2576 ) ;
#632 = EDGE_CURVE ( 'NONE', #75, #570, #2770, .T. ) ;
#633 = EDGE_CURVE ( 'NONE', #1223, #2551, #2314, .T. ) ;
#634 = ORIENTED_EDGE ( 'NONE', *, *, #1933, .T. ) ;
#635 = EDGE_CURVE ( 'NONE', #1659, #1477, #3, .T. ) ;
#636 = ADVANCED_FACE ( 'NONE', ( #1562 ), #2523, .T. ) ;
#637 = MECHANICAL_DESIGN_GEOMETRIC_PRESENTATION_REPRESENTATION (  '', ( #927 ), #783 ) ;
#638 = CARTESIAN_POINT ( 'NONE',  ( 0.9700000000000002000, 0.5699999999999999500, 0.2499999999999996700 ) ) ;
#639 = EDGE_CURVE ( 'NONE', #583, #2655, #189, .T. ) ;
#640 = VERTEX_POINT ( 'NONE', #2574 ) ;
#641 = DIRECTION ( 'NONE',  ( -1.000000000000000000, 0.0000000000000000000, 0.0000000000000000000 ) ) ;
#642 = ORIENTED_EDGE ( 'NONE', *, *, #1975, .F. ) ;
#643 = ORIENTED_EDGE ( 'NONE', *, *, #2022, .F. ) ;
#644 = CARTESIAN_POINT ( 'NONE',  ( 0.7300000000000085300, 0.5999999999999999800, 0.5500000000000001600 ) ) ;
#645 = ORIENTED_EDGE ( 'NONE', *, *, #1519, .T. ) ;
#646 = AXIS2_PLACEMENT_3D ( 'NONE', #1792, #1307, #641 ) ;
#647 = EDGE_CURVE ( 'NONE', #912, #1279, #1846, .T. ) ;
#648 = VERTEX_POINT ( 'NONE', #782 ) ;
#649 = CYLINDRICAL_SURFACE ( 'NONE', #2700, 0.05400000000000001300 ) ;
#650 = ORIENTED_EDGE ( 'NONE', *, *, #2717, .F. ) ;
#651 = ADVANCED_FACE ( 'NONE', ( #2944 ), #696, .T. ) ;
#652 = ORIENTED_EDGE ( 'NONE', *, *, #879, .F. ) ;
#653 = EDGE_LOOP ( 'NONE', ( #1905, #229, #2861, #2139 ) ) ;
#654 = FACE_OUTER_BOUND ( 'NONE', #567, .T. ) ;
#655 = AXIS2_PLACEMENT_3D ( 'NONE', #564, #2182, #1951 ) ;
#656 = CARTESIAN_POINT ( 'NONE',  ( -0.9459999999999915100, 0.5459999999999999300, -0.5500000000000002700 ) ) ;
#657 = LINE ( 'NONE', #2397, #74 ) ;
#658 = EDGE_LOOP ( 'NONE', ( #2582, #916, #2471, #250 ) ) ;
#659 = CYLINDRICAL_SURFACE ( 'NONE', #982, 0.02400000000000004200 ) ;
#660 = VECTOR ( 'NONE', #2822, 1000.000000000000000 ) ;
#661 = DIRECTION ( 'NONE',  ( -0.0000000000000000000, -0.0000000000000000000, -1.000000000000000000 ) ) ;
#662 = ORIENTED_EDGE ( 'NONE', *, *, #1961, .T. ) ;
#663 = VECTOR ( 'NONE', #486, 1000.000000000000000 ) ;
#664 = ADVANCED_FACE ( 'NONE', ( #930 ), #659, .T. ) ;
#665 = DIRECTION ( 'NONE',  ( 0.0000000000000000000, 1.694065894508597700E-015, -1.000000000000000000 ) ) ;
#666 = DIRECTION ( 'NONE',  ( 0.0000000000000000000, -0.0000000000000000000, -1.000000000000000000 ) ) ;
#667 = CARTESIAN_POINT ( 'NONE',  ( 1.000000000000008400, 0.5999999999999999800, 0.2499999999999997800 ) ) ;
#668 = DIRECTION ( 'NONE',  ( -0.0000000000000000000, -0.0000000000000000000, 1.000000000000000000 ) ) ;
#669 = EDGE_CURVE ( 'NONE', #181, #2002, #2556, .T. ) ;
#670 = EDGE_CURVE ( 'NONE', #2500, #397, #115, .T. ) ;
#671 = ORIENTED_EDGE ( 'NONE', *, *, #221, .T. ) ;
#672 = PRESENTATION_STYLE_ASSIGNMENT (( #2575 ) ) ;
#673 = DIRECTION ( 'NONE',  ( -0.0000000000000000000, -1.000000000000000000, -0.0000000000000000000 ) ) ;
#674 = SURFACE_STYLE_USAGE ( .BOTH. , #237 ) ;
#675 = ORIENTED_EDGE ( 'NONE', *, *, #925, .F. ) ;
#676 = AXIS2_PLACEMENT_3D ( 'NONE', #454, #253, #1405 ) ;
#677 = CARTESIAN_POINT ( 'NONE',  ( 0.9700000000000002000, 0.5699999999999999500, 0.5499999999999991600 ) ) ;
#678 = ADVANCED_FACE ( 'NONE', ( #622 ), #994, .F. ) ;
#679 = CARTESIAN_POINT ( 'NONE',  ( 0.6999999999999999600, 0.5999999999999999800, -0.5200000000000011300 ) ) ;
#680 = EDGE_LOOP ( 'NONE', ( #2745, #2920, #2590, #2926, #2017, #1372 ) ) ;
#681 = VECTOR ( 'NONE', #1741, 1000.000000000000000 ) ;
#682 = CARTESIAN_POINT ( 'NONE',  ( 0.7300000000000000900, 0.0000000000000000000, -0.2799999999999999700 ) ) ;
#683 = CARTESIAN_POINT ( 'NONE',  ( -0.7000000000000000700, 0.0000000000000000000, -0.2799999999999999700 ) ) ;
#684 = CARTESIAN_POINT ( 'NONE',  ( 0.7299999999999999800, 0.0000000000000000000, -0.5200000000000011300 ) ) ;
#685 = VERTEX_POINT ( 'NONE', #2401 ) ;
#686 = COLOUR_RGB ( '',0.7921568627450980000, 0.8196078431372548800, 0.9333333333333333500 ) ;
#687 = VERTEX_POINT ( 'NONE', #1488 ) ;
#688 = DIRECTION ( 'NONE',  ( 0.0000000000000000000, -1.000000000000000000, 0.0000000000000000000 ) ) ;
#689 = DIRECTION ( 'NONE',  ( -1.000000000000000000, 0.0000000000000000000, 0.0000000000000000000 ) ) ;
#690 = EDGE_CURVE ( 'NONE', #971, #2012, #1068, .T. ) ;
#691 = ORIENTED_EDGE ( 'NONE', *, *, #1415, .T. ) ;
#692 = VECTOR ( 'NONE', #763, 1000.000000000000000 ) ;
#693 = VECTOR ( 'NONE', #739, 1000.000000000000000 ) ;
#694 = AXIS2_PLACEMENT_3D ( 'NONE', #1233, #2646, #335 ) ;
#695 = DIRECTION ( 'NONE',  ( -0.0000000000000000000, -0.0000000000000000000, 1.000000000000000000 ) ) ;
#696 = CYLINDRICAL_SURFACE ( 'NONE', #1259, 0.02400000000000004200 ) ;
#697 = DIRECTION ( 'NONE',  ( 0.0000000000000000000, 0.0000000000000000000, -1.000000000000000000 ) ) ;
#698 = FACE_OUTER_BOUND ( 'NONE', #2960, .T. ) ;
#699 = ORIENTED_EDGE ( 'NONE', *, *, #2502, .T. ) ;
#700 = CIRCLE ( 'NONE', #1288, 0.03000000000000007900 ) ;
#701 = DIRECTION ( 'NONE',  ( -1.000000000000000000, 0.0000000000000000000, 4.015563601798166900E-015 ) ) ;
#702 = DIRECTION ( 'NONE',  ( 1.084202172485505500E-014, 0.0000000000000000000, -1.000000000000000000 ) ) ;
#703 = CARTESIAN_POINT ( 'NONE',  ( 0.7300000000000083100, 0.5699999999999999500, 0.2799999999999989200 ) ) ;
#704 = VERTEX_POINT ( 'NONE', #777 ) ;
#705 = AXIS2_PLACEMENT_3D ( 'NONE', #985, #2606, #317 ) ;
#706 = EDGE_CURVE ( 'NONE', #1423, #1794, #1370, .T. ) ;
#707 = CARTESIAN_POINT ( 'NONE',  ( -0.9700000000000002000, 0.02999999999999995700, -0.6010000000000000900 ) ) ;
#708 = EDGE_LOOP ( 'NONE', ( #2719, #1513, #1084, #1899 ) ) ;
#709 = DIRECTION ( 'NONE',  ( 1.000000000000000000, 0.0000000000000000000, 0.0000000000000000000 ) ) ;
#710 = CARTESIAN_POINT ( 'NONE',  ( -0.7300000000000000900, 0.5999999999999999800, -0.2799999999999999700 ) ) ;
#711 = AXIS2_PLACEMENT_3D ( 'NONE', #1228, #2840, #1507 ) ;
#712 = ORIENTED_EDGE ( 'NONE', *, *, #2682, .T. ) ;
#713 = EDGE_CURVE ( 'NONE', #2695, #444, #1221, .T. ) ;
#714 = ORIENTED_EDGE ( 'NONE', *, *, #1319, .F. ) ;
#715 = DIRECTION ( 'NONE',  ( 0.0000000000000000000, 0.0000000000000000000, -1.000000000000000000 ) ) ;
#716 = CIRCLE ( 'NONE', #201, 0.03000000000000007900 ) ;
#717 = VERTEX_POINT ( 'NONE', #2190 ) ;
#718 = ORIENTED_EDGE ( 'NONE', *, *, #222, .T. ) ;
#719 = ORIENTED_EDGE ( 'NONE', *, *, #1159, .F. ) ;
#720 = CARTESIAN_POINT ( 'NONE',  ( 0.9460000000000000600, 0.5699999999999999500, 0.6250000000000000000 ) ) ;
#721 = ORIENTED_EDGE ( 'NONE', *, *, #813, .T. ) ;
#722 = DIRECTION ( 'NONE',  ( 0.0000000000000000000, 0.0000000000000000000, -1.000000000000000000 ) ) ;
#723 = LINE ( 'NONE', #402, #185 ) ;
#724 = CYLINDRICAL_SURFACE ( 'NONE', #1180, 0.02400000000000004200 ) ;
#725 = DIRECTION ( 'NONE',  ( -0.0000000000000000000, -1.000000000000000000, -0.0000000000000000000 ) ) ;
#726 = PRESENTATION_LAYER_ASSIGNMENT (  '', '', ( #1713 ) ) ;
#727 = DIRECTION ( 'NONE',  ( 4.015563601798168800E-016, -0.0000000000000000000, 1.000000000000000000 ) ) ;
#728 = EDGE_CURVE ( 'NONE', #1617, #1335, #2032, .T. ) ;
#729 = VECTOR ( 'NONE', #2346, 1000.000000000000000 ) ;
#730 = CARTESIAN_POINT ( 'NONE',  ( -0.7299999999999918800, 0.0000000000000000000, 0.5500000000000001600 ) ) ;
#731 = FILL_AREA_STYLE_COLOUR ( '', #2124 ) ;
#732 =( GEOMETRIC_REPRESENTATION_CONTEXT ( 3 ) GLOBAL_UNCERTAINTY_ASSIGNED_CONTEXT ( ( #589 ) ) GLOBAL_UNIT_ASSIGNED_CONTEXT ( ( #1491, #1208, #2819 ) ) REPRESENTATION_CONTEXT ( 'NONE', 'WORKASPACE' ) );
#733 = DIRECTION ( 'NONE',  ( 6.023345402697249900E-016, -0.0000000000000000000, 1.000000000000000000 ) ) ;
#734 = ORIENTED_EDGE ( 'NONE', *, *, #1351, .F. ) ;
#735 = EDGE_CURVE ( 'NONE', #1263, #918, #2392, .T. ) ;
#736 = ORIENTED_EDGE ( 'NONE', *, *, #2478, .T. ) ;
#737 = CARTESIAN_POINT ( 'NONE',  ( -0.9460000000000000600, 0.05399999999999995800, -0.6009999999999999800 ) ) ;
#738 = DIRECTION ( 'NONE',  ( -1.000000000000000000, 0.0000000000000000000, 0.0000000000000000000 ) ) ;
#739 = DIRECTION ( 'NONE',  ( -0.0000000000000000000, -1.000000000000000000, -0.0000000000000000000 ) ) ;
#740 =( NAMED_UNIT ( * ) SI_UNIT ( $, .STERADIAN. ) SOLID_ANGLE_UNIT ( ) );
#741 = ADVANCED_FACE ( 'NONE', ( #337 ), #796, .T. ) ;
#742 = EDGE_LOOP ( 'NONE', ( #1080, #2177, #520, #2269 ) ) ;
#743 = VECTOR ( 'NONE', #249, 1000.000000000000000 ) ;
#744 = EDGE_CURVE ( 'NONE', #2570, #2480, #1104, .T. ) ;
#745 = ORIENTED_EDGE ( 'NONE', *, *, #864, .F. ) ;
#746 = DIRECTION ( 'NONE',  ( -0.0000000000000000000, 0.0000000000000000000, 1.000000000000000000 ) ) ;
#747 = EDGE_LOOP ( 'NONE', ( #788, #1087, #1130 ) ) ;
#748 = CARTESIAN_POINT ( 'NONE',  ( -0.7299999999999918800, 0.5999999999999999800, 0.5500000000000001600 ) ) ;
#749 = EDGE_LOOP ( 'NONE', ( #1013, #331, #2894, #2604, #975, #2263 ) ) ;
#750 = CARTESIAN_POINT ( 'NONE',  ( -0.9700000000000002000, 0.5699999999999999500, -0.6010000000000000900 ) ) ;
#751 = ORIENTED_EDGE ( 'NONE', *, *, #1596, .T. ) ;
#752 = EDGE_LOOP ( 'NONE', ( #823, #2689, #2641, #2403, #699, #1625 ) ) ;
#753 = EDGE_LOOP ( 'NONE', ( #415, #1303, #1252, #1535 ) ) ;
#754 = FACE_OUTER_BOUND ( 'NONE', #2640, .T. ) ;
#755 = DIRECTION ( 'NONE',  ( 1.000000000000000000, 0.0000000000000000000, 0.0000000000000000000 ) ) ;
#756 = EDGE_LOOP ( 'NONE', ( #2440, #313, #1509, #5, #1083, #1635, #2761, #2966, #562, #1700, #210, #1568, #1271, #2008, #2830, #20, #2807, #923, #31, #1547, #2197, #1346, #94, #1886, #202, #2339, #2443, #634 ) ) ;
#757 = FACE_OUTER_BOUND ( 'NONE', #2683, .T. ) ;
#758 = ORIENTED_EDGE ( 'NONE', *, *, #2726, .T. ) ;
#759 = CARTESIAN_POINT ( 'NONE',  ( 0.7300000000000083100, 0.5999999999999999800, 0.2799999999999989200 ) ) ;
#760 = ORIENTED_EDGE ( 'NONE', *, *, #89, .T. ) ;
#761 = VECTOR ( 'NONE', #1059, 1000.000000000000000 ) ;
#762 = EDGE_LOOP ( 'NONE', ( #1471, #543, #820, #13 ) ) ;
#763 = DIRECTION ( 'NONE',  ( -0.0000000000000000000, -0.0000000000000000000, 1.000000000000000000 ) ) ;
#764 = LINE ( 'NONE', #2059, #1485 ) ;
#765 = VECTOR ( 'NONE', #1167, 1000.000000000000000 ) ;
#766 = AXIS2_PLACEMENT_3D ( 'NONE', #2522, #2304, #460 ) ;
#767 = PLANE ( 'NONE',  #1475 ) ;
#768 = ORIENTED_EDGE ( 'NONE', *, *, #1819, .T. ) ;
#769 = APPLICATION_PROTOCOL_DEFINITION ( 'draft international standard', 'automotive_design', 1998, #2164 ) ;
#770 = UNCERTAINTY_MEASURE_WITH_UNIT (LENGTH_MEASURE( 1.000000000000000100E-005 ), #72, 'distance_accuracy_value', 'NONE');
#771 = LINE ( 'NONE', #108, #629 ) ;
#772 = DIRECTION ( 'NONE',  ( -1.000000000000000000, 0.0000000000000000000, 0.0000000000000000000 ) ) ;
#773 = CARTESIAN_POINT ( 'NONE',  ( 0.9460000000000000600, 0.5459999999999999300, 0.6250000000000000000 ) ) ;
#774 = DIRECTION ( 'NONE',  ( -4.517509052022927000E-015, 1.000000000000000000, -4.517509052022927000E-015 ) ) ;
#775 = ORIENTED_EDGE ( 'NONE', *, *, #1754, .T. ) ;
#776 = DIRECTION ( 'NONE',  ( 1.000000000000000000, 0.0000000000000000000, 0.0000000000000000000 ) ) ;
#777 = CARTESIAN_POINT ( 'NONE',  ( 0.9460000000000000600, 0.5699999999999999500, 0.2499999999999995800 ) ) ;
#778 = EDGE_CURVE ( 'NONE', #1061, #648, #590, .T. ) ;
#779 = EDGE_CURVE ( 'NONE', #1008, #1583, #2110, .T. ) ;
#780 = DIRECTION ( 'NONE',  ( 4.015563601798165300E-015, -0.0000000000000000000, 1.000000000000000000 ) ) ;
#781 = CARTESIAN_POINT ( 'NONE',  ( 0.7000000000000083900, 0.5999999999999999800, 0.2799999999999989200 ) ) ;
#782 = CARTESIAN_POINT ( 'NONE',  ( 0.9700000000000002000, 0.05400000000000001300, 0.5499999999999991600 ) ) ;
#783 =( GEOMETRIC_REPRESENTATION_CONTEXT ( 3 ) GLOBAL_UNCERTAINTY_ASSIGNED_CONTEXT ( ( #974 ) ) GLOBAL_UNIT_ASSIGNED_CONTEXT ( ( #138, #606, #2004 ) ) REPRESENTATION_CONTEXT ( 'NONE', 'WORKASPACE' ) );
#784 = CLOSED_SHELL ( 'NONE', ( #1790, #1079, #2096, #1009, #2715, #999, #1573, #2277, #741, #1944 ) ) ;
#785 = LINE ( 'NONE', #563, #2825 ) ;
#786 = EDGE_CURVE ( 'NONE', #2500, #1026, #1002, .T. ) ;
#787 = EDGE_CURVE ( 'NONE', #1146, #2000, #2489, .T. ) ;
#788 = ORIENTED_EDGE ( 'NONE', *, *, #243, .F. ) ;
#789 = FACE_OUTER_BOUND ( 'NONE', #2411, .T. ) ;
#790 = VERTEX_POINT ( 'NONE', #131 ) ;
#791 = EDGE_LOOP ( 'NONE', ( #1663, #2070, #494, #1834 ) ) ;
#792 = FACE_OUTER_BOUND ( 'NONE', #1590, .T. ) ;
#793 = DIRECTION ( 'NONE',  ( 0.0000000000000000000, 0.0000000000000000000, 1.000000000000000000 ) ) ;
#794 = CIRCLE ( 'NONE', #114, 0.05400000000000001300 ) ;
#795 = CARTESIAN_POINT ( 'NONE',  ( -0.9460000000000000600, 0.5699999999999999500, 0.6250000000000000000 ) ) ;
#796 = CYLINDRICAL_SURFACE ( 'NONE', #711, 0.05400000000000001300 ) ;
#797 = AXIS2_PLACEMENT_3D ( 'NONE', #2454, #1987, #2653 ) ;
#798 = VECTOR ( 'NONE', #1323, 1000.000000000000000 ) ;
#799 = DIRECTION ( 'NONE',  ( 1.000000000000000000, 0.0000000000000000000, -4.015563601798168800E-016 ) ) ;
#800 = CYLINDRICAL_SURFACE ( 'NONE', #1231, 0.02999999999999997100 ) ;
#801 = AXIS2_PLACEMENT_3D ( 'NONE', #627, #2904, #1544 ) ;
#802 = DIRECTION ( 'NONE',  ( 0.0000000000000000000, -1.000000000000000000, 0.0000000000000000000 ) ) ;
#803 = CARTESIAN_POINT ( 'NONE',  ( -0.9700000000000002000, 0.02999999999999995700, 0.2499999999999997800 ) ) ;
#804 = CARTESIAN_POINT ( 'NONE',  ( -0.7300000000000002000, 0.5999999999999999800, -0.2500000000000000000 ) ) ;
#805 = DIRECTION ( 'NONE',  ( 0.0000000000000000000, -0.0000000000000000000, 1.000000000000000000 ) ) ;
#806 = DIRECTION ( 'NONE',  ( 0.0000000000000000000, 0.0000000000000000000, 1.000000000000000000 ) ) ;
#807 = PLANE ( 'NONE',  #1350 ) ;
#808 = EDGE_CURVE ( 'NONE', #1782, #2695, #479, .T. ) ;
#809 = CARTESIAN_POINT ( 'NONE',  ( -0.9700000000000002000, 0.5459999999999999300, 0.5500000000000002700 ) ) ;
#810 = DIRECTION ( 'NONE',  ( 1.000000000000000000, 0.0000000000000000000, 0.0000000000000000000 ) ) ;
#811 = EDGE_CURVE ( 'NONE', #1448, #2089, #2698, .T. ) ;
#812 = EDGE_CURVE ( 'NONE', #341, #2272, #1947, .T. ) ;
#813 = EDGE_CURVE ( 'NONE', #2002, #1026, #2425, .T. ) ;
#814 = ORIENTED_EDGE ( 'NONE', *, *, #1103, .T. ) ;
#815 = VECTOR ( 'NONE', #1020, 1000.000000000000000 ) ;
#816 = DIRECTION ( 'NONE',  ( -4.015563601798168800E-016, 0.0000000000000000000, -1.000000000000000000 ) ) ;
#817 = AXIS2_PLACEMENT_3D ( 'NONE', #264, #1390, #2328 ) ;
#818 = ORIENTED_EDGE ( 'NONE', *, *, #2366, .F. ) ;
#819 = CIRCLE ( 'NONE', #967, 0.05400000000000001300 ) ;
#820 = ORIENTED_EDGE ( 'NONE', *, *, #2184, .F. ) ;
#821 = FACE_OUTER_BOUND ( 'NONE', #1211, .T. ) ;
#822 = ORIENTED_EDGE ( 'NONE', *, *, #1898, .F. ) ;
#823 = ORIENTED_EDGE ( 'NONE', *, *, #1016, .T. ) ;
#824 = SPHERICAL_SURFACE ( 'NONE', #2648, 0.02400000000000000000 ) ;
#825 = EDGE_CURVE ( 'NONE', #1325, #1661, #1805, .T. ) ;
#826 = LINE ( 'NONE', #1121, #1185 ) ;
#827 = AXIS2_PLACEMENT_3D ( 'NONE', #2325, #36, #503 ) ;
#828 = EDGE_CURVE ( 'NONE', #1242, #915, #1771, .T. ) ;
#829 = EDGE_CURVE ( 'NONE', #450, #2415, #1290, .T. ) ;
#830 = VECTOR ( 'NONE', #588, 1000.000000000000000 ) ;
#831 = ADVANCED_FACE ( 'NONE', ( #2460 ), #1147, .T. ) ;
#832 = DIRECTION ( 'NONE',  ( -0.0000000000000000000, -1.000000000000000000, -0.0000000000000000000 ) ) ;
#833 = AXIS2_PLACEMENT_3D ( 'NONE', #1978, #169, #1775 ) ;
#834 = CARTESIAN_POINT ( 'NONE',  ( 0.9460000000000000600, 0.5699999999999999500, -0.6010000000000000900 ) ) ;
#835 = CARTESIAN_POINT ( 'NONE',  ( 0.9460000000000000600, 0.05400000000000001300, 0.6250000000000000000 ) ) ;
#836 = ORIENTED_EDGE ( 'NONE', *, *, #2557, .T. ) ;
#837 = VECTOR ( 'NONE', #1860, 1000.000000000000000 ) ;
#838 = DIRECTION ( 'NONE',  ( -1.000000000000000000, 0.0000000000000000000, 0.0000000000000000000 ) ) ;
#839 = CARTESIAN_POINT ( 'NONE',  ( -0.9999999999999915600, 0.05400000000000001300, 0.2499999999999997800 ) ) ;
#840 = VERTEX_POINT ( 'NONE', #65 ) ;
#841 = DIRECTION ( 'NONE',  ( -4.517509052022929600E-016, -0.0000000000000000000, -1.000000000000000000 ) ) ;
#842 = AXIS2_PLACEMENT_3D ( 'NONE', #354, #2603, #1724 ) ;
#843 = VERTEX_POINT ( 'NONE', #1182 ) ;
#844 = ORIENTED_EDGE ( 'NONE', *, *, #647, .F. ) ;
#845 = CARTESIAN_POINT ( 'NONE',  ( -0.7300000000000000900, 0.02999999999999997100, -0.2799999999999999700 ) ) ;
#846 = VECTOR ( 'NONE', #600, 1000.000000000000000 ) ;
#847 = AXIS2_PLACEMENT_3D ( 'NONE', #1502, #119, #1736 ) ;
#848 = ORIENTED_EDGE ( 'NONE', *, *, #706, .T. ) ;
#849 = FACE_OUTER_BOUND ( 'NONE', #2896, .T. ) ;
#850 = VERTEX_POINT ( 'NONE', #1928 ) ;
#851 = DIRECTION ( 'NONE',  ( 1.000000000000000000, 0.0000000000000000000, 4.517509052022927000E-015 ) ) ;
#852 = DIRECTION ( 'NONE',  ( 3.614007241618349200E-015, -0.0000000000000000000, -1.000000000000000000 ) ) ;
#853 = ORIENTED_EDGE ( 'NONE', *, *, #808, .F. ) ;
#854 = CYLINDRICAL_SURFACE ( 'NONE', #676, 0.02999999999999997100 ) ;
#855 = ORIENTED_EDGE ( 'NONE', *, *, #2268, .T. ) ;
#856 = CIRCLE ( 'NONE', #1769, 0.02400000000000004200 ) ;
#857 = EDGE_CURVE ( 'NONE', #1117, #1166, #2632, .T. ) ;
#858 = ORIENTED_EDGE ( 'NONE', *, *, #825, .F. ) ;
#859 = LINE ( 'NONE', #2156, #1631 ) ;
#860 = CARTESIAN_POINT ( 'NONE',  ( 0.6999999999999999600, 0.5999999999999999800, -0.5200000000000011300 ) ) ;
#861 = LINE ( 'NONE', #231, #2919 ) ;
#862 = ORIENTED_EDGE ( 'NONE', *, *, #1652, .T. ) ;
#863 = PRODUCT_DEFINITION ( 'UNKNOWN', '', #1802, #2445 ) ;
#864 = EDGE_CURVE ( 'NONE', #471, #2363, #511, .T. ) ;
#865 = DIRECTION ( 'NONE',  ( 0.0000000000000000000, 0.0000000000000000000, -1.000000000000000000 ) ) ;
#866 = CARTESIAN_POINT ( 'NONE',  ( 0.9460000000000000600, 0.02999999999999997100, 0.6250000000000000000 ) ) ;
#867 = AXIS2_PLACEMENT_3D ( 'NONE', #93, #2860, #314 ) ;
#868 = ORIENTED_EDGE ( 'NONE', *, *, #4, .T. ) ;
#869 = LINE ( 'NONE', #1646, #743 ) ;
#870 = ADVANCED_FACE ( 'NONE', ( #1327 ), #2245, .T. ) ;
#871 = ORIENTED_EDGE ( 'NONE', *, *, #1717, .F. ) ;
#872 = VERTEX_POINT ( 'NONE', #2599 ) ;
#873 = DIRECTION ( 'NONE',  ( 1.000000000000000000, 0.0000000000000000000, 0.0000000000000000000 ) ) ;
#874 = DIRECTION ( 'NONE',  ( 0.0000000000000000000, -1.000000000000000000, 0.0000000000000000000 ) ) ;
#875 = EDGE_LOOP ( 'NONE', ( #1456, #2039, #2826, #2917, #1066, #1278, #2656, #132, #1426, #2547, #1054, #159, #1571, #2438, #2824, #1091, #1586, #1125, #2292, #1238, #2528, #2758, #721, #1100, #291, #844, #461, #1429 ) ) ;
#876 = AXIS2_PLACEMENT_3D ( 'NONE', #2806, #495, #2119 ) ;
#877 = VERTEX_POINT ( 'NONE', #547 ) ;
#878 = CYLINDRICAL_SURFACE ( 'NONE', #998, 0.03000000000000007900 ) ;
#879 = EDGE_CURVE ( 'NONE', #1801, #2652, #152, .T. ) ;
#880 = ORIENTED_EDGE ( 'NONE', *, *, #2791, .F. ) ;
#881 = LINE ( 'NONE', #1115, #290 ) ;
#882 = AXIS2_PLACEMENT_3D ( 'NONE', #158, #623, #2239 ) ;
#883 = CARTESIAN_POINT ( 'NONE',  ( -0.9700000000000002000, 0.5459999999999999300, -0.5500000000000002700 ) ) ;
#884 = EDGE_LOOP ( 'NONE', ( #541, #948, #1893, #822 ) ) ;
#885 = CARTESIAN_POINT ( 'NONE',  ( 0.9999999999999915600, 0.05400000000000001300, 0.5499999999999991600 ) ) ;
#886 = FACE_OUTER_BOUND ( 'NONE', #1486, .T. ) ;
#887 = EDGE_LOOP ( 'NONE', ( #1209, #2539, #1178, #2252 ) ) ;
#888 = DIRECTION ( 'NONE',  ( 0.0000000000000000000, 0.0000000000000000000, -1.000000000000000000 ) ) ;
#889 = PLANE ( 'NONE',  #766 ) ;
#890 = LINE ( 'NONE', #990, #2734 ) ;
#891 = DIRECTION ( 'NONE',  ( 0.0000000000000000000, 1.000000000000000000, 0.0000000000000000000 ) ) ;
#892 = FACE_OUTER_BOUND ( 'NONE', #2242, .T. ) ;
#893 = CARTESIAN_POINT ( 'NONE',  ( -0.9459999999999915100, 0.0000000000000000000, -0.5500000000000002700 ) ) ;
#894 = FILL_AREA_STYLE_COLOUR ( '', #686 ) ;
#895 = ORIENTED_EDGE ( 'NONE', *, *, #1791, .F. ) ;
#896 = LINE ( 'NONE', #933, #2083 ) ;
#897 = DIRECTION ( 'NONE',  ( 0.0000000000000000000, -1.000000000000000000, -0.0000000000000000000 ) ) ;
#898 = DIRECTION ( 'NONE',  ( 0.0000000000000000000, 0.0000000000000000000, -1.000000000000000000 ) ) ;
#899 = EDGE_CURVE ( 'NONE', #1397, #181, #1181, .T. ) ;
#900 = VECTOR ( 'NONE', #1639, 1000.000000000000000 ) ;
#901 = EDGE_CURVE ( 'NONE', #1930, #971, #1258, .T. ) ;
#902 = DIRECTION ( 'NONE',  ( -1.000000000000000000, -0.0000000000000000000, 4.517509052022927800E-015 ) ) ;
#903 = CARTESIAN_POINT ( 'NONE',  ( 0.9700000000000002000, 0.05400000000000001300, -0.2500000000000008900 ) ) ;
#904 = DIRECTION ( 'NONE',  ( 0.0000000000000000000, -1.000000000000000000, 0.0000000000000000000 ) ) ;
#905 = EDGE_CURVE ( 'NONE', #1166, #2814, #2876, .T. ) ;
#906 = SURFACE_SIDE_STYLE ('',( #1430 ) ) ;
#907 = DIRECTION ( 'NONE',  ( 0.0000000000000000000, 1.000000000000000000, 0.0000000000000000000 ) ) ;
#908 = CARTESIAN_POINT ( 'NONE',  ( -0.9700000000000002000, 0.5459999999999999300, 0.6250000000000000000 ) ) ;
#909 = ORIENTED_EDGE ( 'NONE', *, *, #1957, .F. ) ;
#910 = ORIENTED_EDGE ( 'NONE', *, *, #1171, .T. ) ;
#911 = CARTESIAN_POINT ( 'NONE',  ( -0.7299999999999918800, 0.5999999999999999800, 0.2799999999999997500 ) ) ;
#912 = VERTEX_POINT ( 'NONE', #1967 ) ;
#913 = FACE_OUTER_BOUND ( 'NONE', #498, .T. ) ;
#914 = SURFACE_SIDE_STYLE ('',( #1033 ) ) ;
#915 = VERTEX_POINT ( 'NONE', #1715 ) ;
#916 = ORIENTED_EDGE ( 'NONE', *, *, #1508, .T. ) ;
#917 = VECTOR ( 'NONE', #2021, 1000.000000000000000 ) ;
#918 = VERTEX_POINT ( 'NONE', #2430 ) ;
#919 = CARTESIAN_POINT ( 'NONE',  ( -0.7300000000000002000, 0.5999999999999999800, -0.2500000000000000000 ) ) ;
#920 = CARTESIAN_POINT ( 'NONE',  ( 0.7300000000000000900, 0.5999999999999999800, -0.2799999999999999700 ) ) ;
#921 = CARTESIAN_POINT ( 'NONE',  ( -0.7300000000000002000, 0.5999999999999999800, -0.2500000000000000000 ) ) ;
#922 = EDGE_CURVE ( 'NONE', #252, #2868, #1842, .T. ) ;
#923 = ORIENTED_EDGE ( 'NONE', *, *, #204, .F. ) ;
#924 = ORIENTED_EDGE ( 'NONE', *, *, #1793, .T. ) ;
#925 = EDGE_CURVE ( 'NONE', #400, #583, #333, .T. ) ;
#926 = VECTOR ( 'NONE', #1293, 1000.000000000000000 ) ;
#927 = STYLED_ITEM ( 'NONE', ( #1840 ), #1533 ) ;
#928 = DIRECTION ( 'NONE',  ( 0.0000000000000000000, 1.000000000000000000, -0.0000000000000000000 ) ) ;
#929 = CARTESIAN_POINT ( 'NONE',  ( -0.9460000000000000600, 0.5459999999999999300, -0.2499999999999997800 ) ) ;
#930 = FACE_OUTER_BOUND ( 'NONE', #887, .T. ) ;
#931 = EDGE_CURVE ( 'NONE', #1137, #2943, #2697, .T. ) ;
#932 = CARTESIAN_POINT ( 'NONE',  ( -0.9460000000000000600, 0.05399999999999995800, 0.6009999999999999800 ) ) ;
#933 = CARTESIAN_POINT ( 'NONE',  ( -0.9700000000000036400, 0.02999999999999995700, -0.2499999999999930600 ) ) ;
#934 = DIRECTION ( 'NONE',  ( -1.000000000000000000, 0.0000000000000000000, 4.015563601798163700E-015 ) ) ;
#935 = VECTOR ( 'NONE', #2473, 1000.000000000000000 ) ;
#936 = ORIENTED_EDGE ( 'NONE', *, *, #1640, .T. ) ;
#937 = VECTOR ( 'NONE', #989, 1000.000000000000000 ) ;
#938 = ORIENTED_EDGE ( 'NONE', *, *, #778, .F. ) ;
#939 = CARTESIAN_POINT ( 'NONE',  ( 0.9999999999999915600, 0.05400000000000001300, -0.6250000000000002200 ) ) ;
#940 = DIRECTION ( 'NONE',  ( 0.0000000000000000000, 0.0000000000000000000, -1.000000000000000000 ) ) ;
#941 = AXIS2_PLACEMENT_3D ( 'NONE', #1064, #611, #423 ) ;
#942 = CARTESIAN_POINT ( 'NONE',  ( 1.000000000000008400, 0.5999999999999999800, 0.2499999999999997800 ) ) ;
#943 = DIRECTION ( 'NONE',  ( -1.000000000000000000, 0.0000000000000000000, 0.0000000000000000000 ) ) ;
#944 = CARTESIAN_POINT ( 'NONE',  ( 0.6999999999999999600, 0.5999999999999999800, -0.5200000000000011300 ) ) ;
#945 = VERTEX_POINT ( 'NONE', #1734 ) ;
#946 = DIRECTION ( 'NONE',  ( 1.000000000000000000, 0.0000000000000000000, 0.0000000000000000000 ) ) ;
#947 = AXIS2_PLACEMENT_3D ( 'NONE', #549, #2612, #793 ) ;
#948 = ORIENTED_EDGE ( 'NONE', *, *, #1652, .F. ) ;
#949 = CARTESIAN_POINT ( 'NONE',  ( -0.9460000000000000600, 0.5459999999999999300, -0.6010000000000000900 ) ) ;
#950 = CARTESIAN_POINT ( 'NONE',  ( 0.9459999999999915100, 0.05400000000000001300, -0.6250000000000002200 ) ) ;
#951 = VERTEX_POINT ( 'NONE', #2658 ) ;
#952 = PLANE ( 'NONE',  #1129 ) ;
#953 = ORIENTED_EDGE ( 'NONE', *, *, #713, .T. ) ;
#954 = ORIENTED_EDGE ( 'NONE', *, *, #2569, .T. ) ;
#955 = CYLINDRICAL_SURFACE ( 'NONE', #1670, 0.05400000000000001300 ) ;
#956 = PLANE ( 'NONE',  #2240 ) ;
#957 = ORIENTED_EDGE ( 'NONE', *, *, #901, .F. ) ;
#958 = CARTESIAN_POINT ( 'NONE',  ( -0.9700000000000002000, 0.5699999999999999500, 0.2499999999999997800 ) ) ;
#959 = CIRCLE ( 'NONE', #1439, 0.02400000000000004200 ) ;
#960 = EDGE_LOOP ( 'NONE', ( #2234, #129, #1024, #120 ) ) ;
#961 = CIRCLE ( 'NONE', #1962, 0.02400000000000004200 ) ;
#962 = ORIENTED_EDGE ( 'NONE', *, *, #1632, .F. ) ;
#963 = DIRECTION ( 'NONE',  ( -0.0000000000000000000, -1.000000000000000000, -0.0000000000000000000 ) ) ;
#964 = EDGE_CURVE ( 'NONE', #1364, #912, #473, .T. ) ;
#965 = CIRCLE ( 'NONE', #1460, 0.02999999999999997100 ) ;
#966 = DIRECTION ( 'NONE',  ( -1.000000000000000000, 0.0000000000000000000, 0.0000000000000000000 ) ) ;
#967 = AXIS2_PLACEMENT_3D ( 'NONE', #1123, #2097, #2348 ) ;
#968 = ADVANCED_FACE ( 'NONE', ( #1145 ), #1, .T. ) ;
#969 = CARTESIAN_POINT ( 'NONE',  ( -0.9460000000000000600, 0.5459999999999999300, -0.6009999999999999800 ) ) ;
#970 = FACE_OUTER_BOUND ( 'NONE', #2796, .T. ) ;
#971 = VERTEX_POINT ( 'NONE', #2637 ) ;
#972 = FACE_OUTER_BOUND ( 'NONE', #960, .T. ) ;
#973 = APPLICATION_CONTEXT ( 'automotive_design' ) ;
#974 = UNCERTAINTY_MEASURE_WITH_UNIT (LENGTH_MEASURE( 1.000000000000000100E-005 ), #138, 'distance_accuracy_value', 'NONE');
#975 = ORIENTED_EDGE ( 'NONE', *, *, #428, .T. ) ;
#976 = DIRECTION ( 'NONE',  ( 1.000000000000000000, 0.0000000000000000000, 0.0000000000000000000 ) ) ;
#977 = CYLINDRICAL_SURFACE ( 'NONE', #1330, 0.02400000000000004200 ) ;
#978 = EDGE_CURVE ( 'NONE', #1335, #1117, #550, .T. ) ;
#979 = DIRECTION ( 'NONE',  ( 0.0000000000000000000, -1.000000000000000000, 0.0000000000000000000 ) ) ;
#980 = EDGE_CURVE ( 'NONE', #2115, #2790, #1287, .T. ) ;
#981 = DIRECTION ( 'NONE',  ( 0.0000000000000000000, 0.0000000000000000000, 1.000000000000000000 ) ) ;
#982 = AXIS2_PLACEMENT_3D ( 'NONE', #573, #1006, #1725 ) ;
#983 = VERTEX_POINT ( 'NONE', #839 ) ;
#984 = CARTESIAN_POINT ( 'NONE',  ( 0.7300000000000000900, 0.02999999999999997100, -0.5500000000000012700 ) ) ;
#985 = CARTESIAN_POINT ( 'NONE',  ( -0.9460000000000000600, 0.5459999999999999300, 0.6009999999999999800 ) ) ;
#986 = ORIENTED_EDGE ( 'NONE', *, *, #2022, .T. ) ;
#987 = LINE ( 'NONE', #98, #392 ) ;
#988 = CARTESIAN_POINT ( 'NONE',  ( 0.9460000000000000600, 0.0000000000000000000, 0.6009999999999999800 ) ) ;
#989 = DIRECTION ( 'NONE',  ( 0.0000000000000000000, 0.0000000000000000000, -1.000000000000000000 ) ) ;
#990 = CARTESIAN_POINT ( 'NONE',  ( 1.000000000000008400, 0.5999999999999999800, 0.5499999999999990500 ) ) ;
#991 = ORIENTED_EDGE ( 'NONE', *, *, #2887, .F. ) ;
#992 = ORIENTED_EDGE ( 'NONE', *, *, #205, .T. ) ;
#993 = DIRECTION ( 'NONE',  ( 1.000000000000000000, 0.0000000000000000000, -4.015563601798166900E-015 ) ) ;
#994 = PLANE ( 'NONE',  #1675 ) ;
#995 = ORIENTED_EDGE ( 'NONE', *, *, #825, .T. ) ;
#996 = CYLINDRICAL_SURFACE ( 'NONE', #1414, 0.05400000000000001300 ) ;
#997 = ORIENTED_EDGE ( 'NONE', *, *, #812, .T. ) ;
#998 = AXIS2_PLACEMENT_3D ( 'NONE', #212, #257, #2524 ) ;
#999 = ADVANCED_FACE ( 'NONE', ( #1403 ), #1796, .F. ) ;
#1000 = VECTOR ( 'NONE', #2331, 1000.000000000000000 ) ;
#1001 = CARTESIAN_POINT ( 'NONE',  ( -0.9459999999999915100, 0.5999999999999999800, -0.6250000000000002200 ) ) ;
#1002 = CIRCLE ( 'NONE', #1090, 0.02400000000000004200 ) ;
#1003 = AXIS2_PLACEMENT_3D ( 'NONE', #1118, #1077, #1567 ) ;
#1004 = DIRECTION ( 'NONE',  ( 0.0000000000000000000, 1.000000000000000000, 0.0000000000000000000 ) ) ;
#1005 = FACE_OUTER_BOUND ( 'NONE', #568, .T. ) ;
#1006 = DIRECTION ( 'NONE',  ( 0.0000000000000000000, 0.0000000000000000000, -1.000000000000000000 ) ) ;
#1007 = LINE ( 'NONE', #1720, #2703 ) ;
#1008 = VERTEX_POINT ( 'NONE', #1255 ) ;
#1009 = ADVANCED_FACE ( 'NONE', ( #1703 ), #1081, .F. ) ;
#1010 = DIRECTION ( 'NONE',  ( 1.000000000000000000, 0.0000000000000000000, 0.0000000000000000000 ) ) ;
#1011 = ORIENTED_EDGE ( 'NONE', *, *, #922, .T. ) ;
#1012 = DIRECTION ( 'NONE',  ( -4.015563601798165300E-015, 0.0000000000000000000, -1.000000000000000000 ) ) ;
#1013 = ORIENTED_EDGE ( 'NONE', *, *, #2520, .T. ) ;
#1014 = AXIS2_PLACEMENT_3D ( 'NONE', #860, #1343, #2945 ) ;
#1015 = ORIENTED_EDGE ( 'NONE', *, *, #421, .F. ) ;
#1016 = EDGE_CURVE ( 'NONE', #2943, #1738, #1218, .T. ) ;
#1017 = EDGE_CURVE ( 'NONE', #2902, #1191, #1912, .T. ) ;
#1018 = EDGE_CURVE ( 'NONE', #2363, #2570, #764, .T. ) ;
#1019 = EDGE_CURVE ( 'NONE', #1027, #2515, #258, .T. ) ;
#1020 = DIRECTION ( 'NONE',  ( -1.000000000000000000, 0.0000000000000000000, -3.614007241618349200E-015 ) ) ;
#1021 = CARTESIAN_POINT ( 'NONE',  ( 0.7300000000000083100, 0.5999999999999999800, 0.2799999999999989200 ) ) ;
#1022 = AXIS2_PLACEMENT_3D ( 'NONE', #2084, #2750, #2271 ) ;
#1023 = ORIENTED_EDGE ( 'NONE', *, *, #64, .T. ) ;
#1024 = ORIENTED_EDGE ( 'NONE', *, *, #1695, .F. ) ;
#1025 = CARTESIAN_POINT ( 'NONE',  ( 0.9460000000000000600, 0.03000000000000000900, -0.2500000000000007800 ) ) ;
#1026 = VERTEX_POINT ( 'NONE', #2514 ) ;
#1027 = VERTEX_POINT ( 'NONE', #883 ) ;
#1028 = VECTOR ( 'NONE', #2118, 1000.000000000000000 ) ;
#1029 = CARTESIAN_POINT ( 'NONE',  ( -0.7300000000000003200, 0.5999999999999999800, -0.5500000000000002700 ) ) ;
#1030 = DIRECTION ( 'NONE',  ( -1.000000000000000000, 0.0000000000000000000, 4.015563601798163700E-015 ) ) ;
#1031 = ORIENTED_EDGE ( 'NONE', *, *, #812, .F. ) ;
#1032 = CYLINDRICAL_SURFACE ( 'NONE', #2275, 0.03000000000000007900 ) ;
#1033 = SURFACE_STYLE_FILL_AREA ( #2311 ) ;
#1034 = AXIS2_PLACEMENT_3D ( 'NONE', #2633, #2189, #1940 ) ;
#1035 = EDGE_CURVE ( 'NONE', #2012, #2241, #965, .T. ) ;
#1036 = VECTOR ( 'NONE', #2836, 1000.000000000000000 ) ;
#1037 = DIRECTION ( 'NONE',  ( -1.000000000000000000, 0.0000000000000000000, 4.517509052022929600E-016 ) ) ;
#1038 = PLANE ( 'NONE',  #2890 ) ;
#1039 = ORIENTED_EDGE ( 'NONE', *, *, #11, .F. ) ;
#1040 = AXIS2_PLACEMENT_3D ( 'NONE', #1200, #2812, #1442 ) ;
#1041 = DIRECTION ( 'NONE',  ( -1.000000000000000000, 0.0000000000000000000, 4.015563601798168800E-016 ) ) ;
#1042 = LINE ( 'NONE', #2365, #2357 ) ;
#1043 = ORIENTED_EDGE ( 'NONE', *, *, #1052, .T. ) ;
#1044 = DIRECTION ( 'NONE',  ( 0.0000000000000000000, 0.0000000000000000000, -1.000000000000000000 ) ) ;
#1045 = ORIENTED_EDGE ( 'NONE', *, *, #1222, .F. ) ;
#1046 = FACE_OUTER_BOUND ( 'NONE', #2707, .T. ) ;
#1047 = VERTEX_POINT ( 'NONE', #422 ) ;
#1048 = CARTESIAN_POINT ( 'NONE',  ( 0.9460000000000000600, 0.5459999999999999300, 0.6009999999999999800 ) ) ;
#1049 = DIRECTION ( 'NONE',  ( -1.000000000000000000, 0.0000000000000000000, 0.0000000000000000000 ) ) ;
#1050 = ADVANCED_FACE ( 'NONE', ( #2384 ), #1807, .F. ) ;
#1051 = ORIENTED_EDGE ( 'NONE', *, *, #379, .T. ) ;
#1052 = EDGE_CURVE ( 'NONE', #951, #2265, #2519, .T. ) ;
#1053 = CARTESIAN_POINT ( 'NONE',  ( 0.9460000000000000600, 0.5459999999999999300, 0.2499999999999995800 ) ) ;
#1054 = ORIENTED_EDGE ( 'NONE', *, *, #2025, .F. ) ;
#1055 = LINE ( 'NONE', #26, #539 ) ;
#1056 = DIRECTION ( 'NONE',  ( -6.985838740241651300E-018, 1.000000000000000000, 0.0000000000000000000 ) ) ;
#1057 = VERTEX_POINT ( 'NONE', #893 ) ;
#1058 = ORIENTED_EDGE ( 'NONE', *, *, #1640, .F. ) ;
#1059 = DIRECTION ( 'NONE',  ( -0.0000000000000000000, -1.000000000000000000, -0.0000000000000000000 ) ) ;
#1060 = CARTESIAN_POINT ( 'NONE',  ( 0.7000000000000000700, 0.0000000000000000000, -0.2799999999999999700 ) ) ;
#1061 = VERTEX_POINT ( 'NONE', #2675 ) ;
#1062 = LINE ( 'NONE', #1985, #2591 ) ;
#1063 = ORIENTED_EDGE ( 'NONE', *, *, #2872, .F. ) ;
#1064 = CARTESIAN_POINT ( 'NONE',  ( -0.9460000000000000600, 0.5459999999999999300, -0.5500000000000002700 ) ) ;
#1065 = VECTOR ( 'NONE', #2280, 1000.000000000000000 ) ;
#1066 = ORIENTED_EDGE ( 'NONE', *, *, #905, .F. ) ;
#1067 = DIRECTION ( 'NONE',  ( -0.0000000000000000000, -1.000000000000000000, -0.0000000000000000000 ) ) ;
#1068 = LINE ( 'NONE', #99, #1706 ) ;
#1069 = VECTOR ( 'NONE', #1075, 1000.000000000000000 ) ;
#1070 = PLANE ( 'NONE',  #2544 ) ;
#1071 = EDGE_CURVE ( 'NONE', #840, #843, #2838, .T. ) ;
#1072 = ORIENTED_EDGE ( 'NONE', *, *, #1342, .F. ) ;
#1073 = VECTOR ( 'NONE', #2768, 1000.000000000000000 ) ;
#1074 = CARTESIAN_POINT ( 'NONE',  ( -0.7300000000000002000, 0.02999999999999997100, -0.5200000000000002400 ) ) ;
#1075 = DIRECTION ( 'NONE',  ( -1.000000000000000000, -0.0000000000000000000, -0.0000000000000000000 ) ) ;
#1076 = AXIS2_PLACEMENT_3D ( 'NONE', #1367, #2958, #1114 ) ;
#1077 = DIRECTION ( 'NONE',  ( 0.0000000000000000000, 1.000000000000000000, 0.0000000000000000000 ) ) ;
#1078 = CARTESIAN_POINT ( 'NONE',  ( -0.7299999999999919900, 0.02999999999999997100, 0.2499999999999997800 ) ) ;
#1079 = ADVANCED_FACE ( 'NONE', ( #440 ), #2968, .F. ) ;
#1080 = ORIENTED_EDGE ( 'NONE', *, *, #2681, .F. ) ;
#1081 = PLANE ( 'NONE',  #2841 ) ;
#1082 = CARTESIAN_POINT ( 'NONE',  ( 0.9460000000000000600, 0.05400000000000001300, 0.2499999999999995800 ) ) ;
#1083 = ORIENTED_EDGE ( 'NONE', *, *, #2520, .F. ) ;
#1084 = ORIENTED_EDGE ( 'NONE', *, *, #2433, .T. ) ;
#1085 = CARTESIAN_POINT ( 'NONE',  ( -0.7300000000000002000, 0.5999999999999999800, -0.5200000000000002400 ) ) ;
#1086 = AXIS2_PLACEMENT_3D ( 'NONE', #2722, #2051, #665 ) ;
#1087 = ORIENTED_EDGE ( 'NONE', *, *, #2073, .T. ) ;
#1088 = CARTESIAN_POINT ( 'NONE',  ( 1.000000000000000000, 0.0000000000000000000, -0.2500000000000010500 ) ) ;
#1089 = ORIENTED_EDGE ( 'NONE', *, *, #1232, .T. ) ;
#1090 = AXIS2_PLACEMENT_3D ( 'NONE', #1592, #1813, #1820 ) ;
#1091 = ORIENTED_EDGE ( 'NONE', *, *, #2667, .T. ) ;
#1092 = CIRCLE ( 'NONE', #646, 0.02999999999999997100 ) ;
#1093 = CARTESIAN_POINT ( 'NONE',  ( -0.9460000000000000600, 0.05399999999999995800, 0.2499999999999997800 ) ) ;
#1094 = ADVANCED_FACE ( 'NONE', ( #2212 ), #1768, .T. ) ;
#1095 = ORIENTED_EDGE ( 'NONE', *, *, #2777, .T. ) ;
#1096 = DIRECTION ( 'NONE',  ( -4.517509052022929600E-016, -0.0000000000000000000, -1.000000000000000000 ) ) ;
#1097 = ORIENTED_EDGE ( 'NONE', *, *, #2629, .T. ) ;
#1098 = CIRCLE ( 'NONE', #521, 0.02400000000000004200 ) ;
#1099 = DIRECTION ( 'NONE',  ( 0.0000000000000000000, 1.000000000000000000, -0.0000000000000000000 ) ) ;
#1100 = ORIENTED_EDGE ( 'NONE', *, *, #2366, .T. ) ;
#1101 = COLOUR_RGB ( '',0.2509803921568627400, 0.2509803921568627400, 0.2509803921568627400 ) ;
#1102 = ORIENTED_EDGE ( 'NONE', *, *, #409, .F. ) ;
#1103 = EDGE_CURVE ( 'NONE', #2551, #1269, #76, .T. ) ;
#1104 = CIRCLE ( 'NONE', #801, 0.03000000000000002300 ) ;
#1105 = CARTESIAN_POINT ( 'NONE',  ( 0.0000000000000000000, 0.5459999999999999300, 0.6009999999999999800 ) ) ;
#1106 = DIRECTION ( 'NONE',  ( 1.000000000000000000, 0.0000000000000000000, 0.0000000000000000000 ) ) ;
#1107 = LINE ( 'NONE', #2028, #1410 ) ;
#1108 = ORIENTED_EDGE ( 'NONE', *, *, #633, .F. ) ;
#1109 = LINE ( 'NONE', #2537, #193 ) ;
#1110 = ADVANCED_FACE ( 'NONE', ( #2107 ), #150, .T. ) ;
#1111 = LINE ( 'NONE', #134, #522 ) ;
#1112 = EDGE_CURVE ( 'NONE', #1467, #2856, #2029, .T. ) ;
#1113 = CARTESIAN_POINT ( 'NONE',  ( 0.9459999999999915100, 0.0000000000000000000, -0.2500000000000008300 ) ) ;
#1114 = DIRECTION ( 'NONE',  ( 1.000000000000000000, 0.0000000000000000000, 3.614007241618349200E-015 ) ) ;
#1115 = CARTESIAN_POINT ( 'NONE',  ( -0.7299999999999918800, 0.5999999999999999800, 0.5500000000000001600 ) ) ;
#1116 = AXIS2_PLACEMENT_3D ( 'NONE', #271, #727, #1883 ) ;
#1117 = VERTEX_POINT ( 'NONE', #1337 ) ;
#1118 = CARTESIAN_POINT ( 'NONE',  ( -0.7299999999999918800, 0.0000000000000000000, 0.2799999999999997500 ) ) ;
#1119 = ORIENTED_EDGE ( 'NONE', *, *, #2833, .T. ) ;
#1120 = DIRECTION ( 'NONE',  ( -0.0000000000000000000, -0.0000000000000000000, 1.000000000000000000 ) ) ;
#1121 = CARTESIAN_POINT ( 'NONE',  ( 0.9460000000000000600, 0.5699999999999999500, 0.6250000000000000000 ) ) ;
#1122 = CIRCLE ( 'NONE', #513, 0.03000000000000002300 ) ;
#1123 = CARTESIAN_POINT ( 'NONE',  ( 0.9459999999999915100, 0.5459999999999999300, 0.2499999999999995800 ) ) ;
#1124 = DIRECTION ( 'NONE',  ( 0.0000000000000000000, 0.0000000000000000000, -1.000000000000000000 ) ) ;
#1125 = ORIENTED_EDGE ( 'NONE', *, *, #2001, .F. ) ;
#1126 = DIRECTION ( 'NONE',  ( 0.0000000000000000000, -0.0000000000000000000, -1.000000000000000000 ) ) ;
#1127 =( LENGTH_UNIT ( ) NAMED_UNIT ( * ) SI_UNIT ( .MILLI., .METRE. ) );
#1128 = CARTESIAN_POINT ( 'NONE',  ( -0.9999999999999915600, 0.5459999999999999300, -0.2499999999999997800 ) ) ;
#1129 = AXIS2_PLACEMENT_3D ( 'NONE', #309, #2141, #2813 ) ;
#1130 = ORIENTED_EDGE ( 'NONE', *, *, #1614, .F. ) ;
#1131 = DIRECTION ( 'NONE',  ( 0.0000000000000000000, 0.0000000000000000000, 1.000000000000000000 ) ) ;
#1132 = CIRCLE ( 'NONE', #876, 0.02400000000000004200 ) ;
#1133 = EDGE_CURVE ( 'NONE', #1269, #685, #1591, .T. ) ;
#1134 = VERTEX_POINT ( 'NONE', #1376 ) ;
#1135 = ORIENTED_EDGE ( 'NONE', *, *, #2468, .F. ) ;
#1136 = CIRCLE ( 'NONE', #1727, 0.02400000000000004200 ) ;
#1137 = VERTEX_POINT ( 'NONE', #1385 ) ;
#1138 = AXIS2_PLACEMENT_3D ( 'NONE', #2803, #1431, #56 ) ;
#1139 = DIRECTION ( 'NONE',  ( -6.023345402697249900E-016, 0.0000000000000000000, -1.000000000000000000 ) ) ;
#1140 = ORIENTED_EDGE ( 'NONE', *, *, #1614, .T. ) ;
#1141 = DIRECTION ( 'NONE',  ( 0.0000000000000000000, -1.000000000000000000, 0.0000000000000000000 ) ) ;
#1142 = CARTESIAN_POINT ( 'NONE',  ( -0.6999999999999918500, 0.0000000000000000000, 0.2799999999999997500 ) ) ;
#1143 = VECTOR ( 'NONE', #2614, 1000.000000000000000 ) ;
#1144 = EDGE_LOOP ( 'NONE', ( #954, #671, #136, #244, #858, #2256 ) ) ;
#1145 = FACE_OUTER_BOUND ( 'NONE', #2429, .T. ) ;
#1146 = VERTEX_POINT ( 'NONE', #500 ) ;
#1147 = CYLINDRICAL_SURFACE ( 'NONE', #441, 0.02400000000000004200 ) ;
#1148 = CYLINDRICAL_SURFACE ( 'NONE', #1885, 0.02400000000000004200 ) ;
#1149 = CARTESIAN_POINT ( 'NONE',  ( 0.9700000000000002000, 0.5699999999999999500, 0.6009999999999999800 ) ) ;
#1150 = LINE ( 'NONE', #1979, #2673 ) ;
#1151 = ORIENTED_EDGE ( 'NONE', *, *, #670, .F. ) ;
#1152 = CARTESIAN_POINT ( 'NONE',  ( 0.9460000000000000600, 0.05399999999999997200, -0.6009999999999999800 ) ) ;
#1153 = CARTESIAN_POINT ( 'NONE',  ( 0.9460000000000000600, 0.5459999999999999300, -0.6010000000000000900 ) ) ;
#1154 = ORIENTED_EDGE ( 'NONE', *, *, #1240, .T. ) ;
#1155 = AXIS2_PLACEMENT_3D ( 'NONE', #2131, #2334, #1446 ) ;
#1156 = ORIENTED_EDGE ( 'NONE', *, *, #1017, .F. ) ;
#1157 = CARTESIAN_POINT ( 'NONE',  ( -0.9999999999999915600, 0.05400000000000001300, -0.6250000000000002200 ) ) ;
#1158 = DIRECTION ( 'NONE',  ( 0.0000000000000000000, 1.000000000000000000, 0.0000000000000000000 ) ) ;
#1159 = EDGE_CURVE ( 'NONE', #1339, #519, #856, .T. ) ;
#1160 = CARTESIAN_POINT ( 'NONE',  ( 1.000000000000000000, 0.5999999999999999800, -0.5500000000000002700 ) ) ;
#1161 = CARTESIAN_POINT ( 'NONE',  ( 0.9460000000000000600, 0.5699999999999999500, 0.6250000000000000000 ) ) ;
#1162 = EDGE_CURVE ( 'NONE', #790, #2763, #794, .T. ) ;
#1163 = DIRECTION ( 'NONE',  ( -0.0000000000000000000, -1.000000000000000000, -0.0000000000000000000 ) ) ;
#1164 = EDGE_LOOP ( 'NONE', ( #758, #691, #1058 ) ) ;
#1165 = CYLINDRICAL_SURFACE ( 'NONE', #797, 0.05400000000000001300 ) ;
#1166 = VERTEX_POINT ( 'NONE', #2135 ) ;
#1167 = DIRECTION ( 'NONE',  ( 0.0000000000000000000, -1.000000000000000000, 0.0000000000000000000 ) ) ;
#1168 = DIRECTION ( 'NONE',  ( -0.0000000000000000000, 1.000000000000000000, -0.0000000000000000000 ) ) ;
#1169 = DIRECTION ( 'NONE',  ( -4.517509052022929600E-016, 0.0000000000000000000, -1.000000000000000000 ) ) ;
#1170 = CARTESIAN_POINT ( 'NONE',  ( 0.9460000000000000600, 0.5699999999999999500, -0.5500000000000004900 ) ) ;
#1171 = EDGE_CURVE ( 'NONE', #1801, #1869, #1365, .T. ) ;
#1172 = ORIENTED_EDGE ( 'NONE', *, *, #97, .F. ) ;
#1173 = LINE ( 'NONE', #1844, #584 ) ;
#1174 = EDGE_CURVE ( 'NONE', #2272, #872, #405, .T. ) ;
#1175 = EDGE_CURVE ( 'NONE', #2089, #570, #2244, .T. ) ;
#1176 = EDGE_CURVE ( 'NONE', #2143, #1641, #1666, .T. ) ;
#1177 = CARTESIAN_POINT ( 'NONE',  ( -0.7300000000000002000, 0.5999999999999999800, -0.5200000000000002400 ) ) ;
#1178 = ORIENTED_EDGE ( 'NONE', *, *, #1933, .F. ) ;
#1179 = FACE_OUTER_BOUND ( 'NONE', #2364, .T. ) ;
#1180 = AXIS2_PLACEMENT_3D ( 'NONE', #1241, #95, #1712 ) ;
#1181 = LINE ( 'NONE', #1424, #2911 ) ;
#1182 = CARTESIAN_POINT ( 'NONE',  ( -0.9700000000000002000, 0.05400000000000001300, 0.2499999999999997800 ) ) ;
#1183 = DIRECTION ( 'NONE',  ( -1.000000000000000000, 0.0000000000000000000, -3.614007241618349200E-015 ) ) ;
#1184 = LINE ( 'NONE', #2933, #1443 ) ;
#1185 = VECTOR ( 'NONE', #2293, 1000.000000000000000 ) ;
#1186 = VERTEX_POINT ( 'NONE', #2323 ) ;
#1187 = AXIS2_PLACEMENT_3D ( 'NONE', #1707, #1004, #1010 ) ;
#1188 = EDGE_CURVE ( 'NONE', #1661, #1930, #1629, .T. ) ;
#1189 = CARTESIAN_POINT ( 'NONE',  ( 0.7300000000000084200, 0.02999999999999997100, 0.5200000000000000200 ) ) ;
#1190 = CARTESIAN_POINT ( 'NONE',  ( 0.0000000000000000000, 0.0000000000000000000, -0.6250000000000000000 ) ) ;
#1191 = VERTEX_POINT ( 'NONE', #52 ) ;
#1192 = ORIENTED_EDGE ( 'NONE', *, *, #1351, .T. ) ;
#1193 = DIRECTION ( 'NONE',  ( 1.000000000000000000, 0.0000000000000000000, 3.614007241618349200E-015 ) ) ;
#1194 = VECTOR ( 'NONE', #1878, 1000.000000000000000 ) ;
#1195 = FILL_AREA_STYLE ('',( #526 ) ) ;
#1196 = CARTESIAN_POINT ( 'NONE',  ( -0.7300000000000003200, 0.5699999999999999500, -0.5500000000000002700 ) ) ;
#1197 = ORIENTED_EDGE ( 'NONE', *, *, #632, .T. ) ;
#1198 = CARTESIAN_POINT ( 'NONE',  ( 0.9459999999999915100, 0.5999999999999999800, -0.5500000000000004900 ) ) ;
#1199 = CLOSED_SHELL ( 'NONE', ( #2220, #1808, #223, #2472, #2954, #1050, #2518, #2740, #2235, #1723 ) ) ;
#1200 = CARTESIAN_POINT ( 'NONE',  ( 0.7300000000000000900, 0.5999999999999999800, -0.2799999999999999700 ) ) ;
#1201 = PLANE ( 'NONE',  #1612 ) ;
#1202 = DIRECTION ( 'NONE',  ( 1.000000000000000000, 0.0000000000000000000, 0.0000000000000000000 ) ) ;
#1203 = EDGE_CURVE ( 'NONE', #2175, #2115, #2181, .T. ) ;
#1204 = DIRECTION ( 'NONE',  ( 0.0000000000000000000, -1.000000000000000000, 0.0000000000000000000 ) ) ;
#1205 = ORIENTED_EDGE ( 'NONE', *, *, #2912, .F. ) ;
#1206 = CARTESIAN_POINT ( 'NONE',  ( 0.0000000000000000000, 0.0000000000000000000, 0.0000000000000000000 ) ) ;
#1207 = CIRCLE ( 'NONE', #395, 0.02400000000000004200 ) ;
#1208 =( NAMED_UNIT ( * ) PLANE_ANGLE_UNIT ( ) SI_UNIT ( $, .RADIAN. ) );
#1209 = ORIENTED_EDGE ( 'NONE', *, *, #2510, .F. ) ;
#1210 = CYLINDRICAL_SURFACE ( 'NONE', #555, 0.02400000000000004200 ) ;
#1211 = EDGE_LOOP ( 'NONE', ( #2891, #469, #2047, #1543, #1051, #2123 ) ) ;
#1212 = EDGE_LOOP ( 'NONE', ( #179, #2724, #121, #1704 ) ) ;
#1213 = FACE_OUTER_BOUND ( 'NONE', #145, .T. ) ;
#1214 = DIRECTION ( 'NONE',  ( -0.0000000000000000000, -0.0000000000000000000, -1.000000000000000000 ) ) ;
#1215 = CARTESIAN_POINT ( 'NONE',  ( 0.9460000000000000600, 0.5459999999999999300, 0.6250000000000000000 ) ) ;
#1216 = PLANE ( 'NONE',  #2350 ) ;
#1217 = AXIS2_PLACEMENT_3D ( 'NONE', #1863, #2326, #2067 ) ;
#1218 = LINE ( 'NONE', #1291, #620 ) ;
#1219 = CARTESIAN_POINT ( 'NONE',  ( 0.7300000000000085300, 0.5999999999999999800, 0.5500000000000001600 ) ) ;
#1220 = CARTESIAN_POINT ( 'NONE',  ( -0.7300000000000000900, 0.5999999999999999800, -0.2799999999999999700 ) ) ;
#1221 = LINE ( 'NONE', #2858, #554 ) ;
#1222 = EDGE_CURVE ( 'NONE', #2143, #1642, #1986, .T. ) ;
#1223 = VERTEX_POINT ( 'NONE', #2541 ) ;
#1224 = ORIENTED_EDGE ( 'NONE', *, *, #1865, .T. ) ;
#1225 = CARTESIAN_POINT ( 'NONE',  ( -0.9700000000000002000, 0.5459999999999999300, -0.2499999999999997800 ) ) ;
#1226 = LINE ( 'NONE', #804, #830 ) ;
#1227 = ADVANCED_FACE ( 'NONE', ( #187 ), #956, .F. ) ;
#1228 = CARTESIAN_POINT ( 'NONE',  ( -0.9459999999999915100, 0.05400000000000001300, -0.6250000000000002200 ) ) ;
#1229 = CARTESIAN_POINT ( 'NONE',  ( 0.9460000000000000600, 0.5699999999999999500, 0.6009999999999999800 ) ) ;
#1230 = ORIENTED_EDGE ( 'NONE', *, *, #1454, .T. ) ;
#1231 = AXIS2_PLACEMENT_3D ( 'NONE', #2247, #2924, #2040 ) ;
#1232 = EDGE_CURVE ( 'NONE', #2274, #1896, #2800, .T. ) ;
#1233 = CARTESIAN_POINT ( 'NONE',  ( 0.7299999999999999800, 0.0000000000000000000, -0.5200000000000011300 ) ) ;
#1234 = DIRECTION ( 'NONE',  ( 0.0000000000000000000, 0.0000000000000000000, -1.000000000000000000 ) ) ;
#1235 = CARTESIAN_POINT ( 'NONE',  ( 0.9999999999999915600, 0.5459999999999999300, -0.5500000000000002700 ) ) ;
#1236 = DIRECTION ( 'NONE',  ( -0.0000000000000000000, -0.0000000000000000000, 1.000000000000000000 ) ) ;
#1237 = AXIS2_PLACEMENT_3D ( 'NONE', #2413, #2851, #2395 ) ;
#1238 = ORIENTED_EDGE ( 'NONE', *, *, #1748, .F. ) ;
#1239 = MANIFOLD_SOLID_BREP ( 'Cut-Extrude2[4]', #2219 ) ;
#1240 = EDGE_CURVE ( 'NONE', #1976, #1856, #1324, .T. ) ;
#1241 = CARTESIAN_POINT ( 'NONE',  ( 0.9460000000000000600, 0.5699999999999999500, -0.6010000000000000900 ) ) ;
#1242 = VERTEX_POINT ( 'NONE', #1887 ) ;
#1243 = ADVANCED_FACE ( 'NONE', ( #1213 ), #1945, .T. ) ;
#1244 = LINE ( 'NONE', #1694, #320 ) ;
#1245 = CARTESIAN_POINT ( 'NONE',  ( -0.9999999999999915600, 0.0000000000000000000, 0.5500000000000002700 ) ) ;
#1246 = ORIENTED_EDGE ( 'NONE', *, *, #2093, .T. ) ;
#1247 = LINE ( 'NONE', #488, #1974 ) ;
#1248 = ORIENTED_EDGE ( 'NONE', *, *, #1561, .F. ) ;
#1249 = DIRECTION ( 'NONE',  ( -1.000000000000000000, 0.0000000000000000000, -3.614007241618347600E-015 ) ) ;
#1250 = DIRECTION ( 'NONE',  ( -1.000000000000000000, 0.0000000000000000000, 0.0000000000000000000 ) ) ;
#1251 = CARTESIAN_POINT ( 'NONE',  ( 0.7000000000000000700, 0.02999999999999997100, -0.2799999999999999700 ) ) ;
#1252 = ORIENTED_EDGE ( 'NONE', *, *, #1203, .F. ) ;
#1253 = FACE_OUTER_BOUND ( 'NONE', #234, .T. ) ;
#1254 = AXIS2_PLACEMENT_3D ( 'NONE', #2273, #1368, #196 ) ;
#1255 = CARTESIAN_POINT ( 'NONE',  ( -0.6999999999999917400, 0.5999999999999999800, 0.5200000000000000200 ) ) ;
#1256 = CARTESIAN_POINT ( 'NONE',  ( 0.9460000000000000600, 0.5459999999999999300, -0.5500000000000004900 ) ) ;
#1257 = CARTESIAN_POINT ( 'NONE',  ( 0.9999999999999915600, 0.5459999999999999300, 0.2499999999999997800 ) ) ;
#1258 = CIRCLE ( 'NONE', #694, 0.03000000000000007900 ) ;
#1259 = AXIS2_PLACEMENT_3D ( 'NONE', #1925, #312, #2624 ) ;
#1260 = CARTESIAN_POINT ( 'NONE',  ( 0.7000000000000000700, 0.5699999999999999500, -0.2799999999999999700 ) ) ;
#1261 = CIRCLE ( 'NONE', #882, 0.03000000000000007900 ) ;
#1262 = ORIENTED_EDGE ( 'NONE', *, *, #2428, .T. ) ;
#1263 = VERTEX_POINT ( 'NONE', #2585 ) ;
#1264 = SPHERICAL_SURFACE ( 'NONE', #2167, 0.02400000000000000000 ) ;
#1265 = DIRECTION ( 'NONE',  ( 1.084202172485505500E-014, 0.0000000000000000000, -1.000000000000000000 ) ) ;
#1266 = CARTESIAN_POINT ( 'NONE',  ( -0.6999999999999917400, 0.5999999999999999800, 0.5200000000000000200 ) ) ;
#1267 = CARTESIAN_POINT ( 'NONE',  ( 1.000000000000008400, 0.5999999999999999800, 0.5499999999999990500 ) ) ;
#1268 = CARTESIAN_POINT ( 'NONE',  ( -0.9459999999999915100, 0.05400000000000001300, -0.6250000000000002200 ) ) ;
#1269 = VERTEX_POINT ( 'NONE', #1229 ) ;
#1270 = CIRCLE ( 'NONE', #530, 0.02400000000000004200 ) ;
#1271 = ORIENTED_EDGE ( 'NONE', *, *, #2718, .F. ) ;
#1272 = EDGE_CURVE ( 'NONE', #2814, #2695, #2423, .T. ) ;
#1273 = DIRECTION ( 'NONE',  ( 0.0000000000000000000, -1.000000000000000000, 0.0000000000000000000 ) ) ;
#1274 = ORIENTED_EDGE ( 'NONE', *, *, #2756, .F. ) ;
#1275 = CARTESIAN_POINT ( 'NONE',  ( 0.9700000000000002000, 0.5459999999999999300, -0.5500000000000002700 ) ) ;
#1276 = VERTEX_POINT ( 'NONE', #1932 ) ;
#1277 = VECTOR ( 'NONE', #2041, 1000.000000000000000 ) ;
#1278 = ORIENTED_EDGE ( 'NONE', *, *, #857, .F. ) ;
#1279 = VERTEX_POINT ( 'NONE', #984 ) ;
#1280 = VECTOR ( 'NONE', #1829, 1000.000000000000000 ) ;
#1281 = ORIENTED_EDGE ( 'NONE', *, *, #690, .F. ) ;
#1282 = CARTESIAN_POINT ( 'NONE',  ( 0.9700000000000002000, 0.5699999999999999500, 0.6250000000000000000 ) ) ;
#1283 = CARTESIAN_POINT ( 'NONE',  ( -0.7300000000000002000, 0.02999999999999997100, -0.2500000000000000000 ) ) ;
#1284 = ORIENTED_EDGE ( 'NONE', *, *, #813, .F. ) ;
#1285 = VECTOR ( 'NONE', #1597, 1000.000000000000000 ) ;
#1286 = VERTEX_POINT ( 'NONE', #1476 ) ;
#1287 = LINE ( 'NONE', #644, #2665 ) ;
#1288 = AXIS2_PLACEMENT_3D ( 'NONE', #577, #2619, #2862 ) ;
#1289 = EDGE_CURVE ( 'NONE', #2790, #2584, #438, .T. ) ;
#1290 = LINE ( 'NONE', #2371, #80 ) ;
#1291 = CARTESIAN_POINT ( 'NONE',  ( -0.9700000000000002000, 0.5699999999999999500, -0.5500000000000002700 ) ) ;
#1292 = DIRECTION ( 'NONE',  ( -0.0000000000000000000, -1.000000000000000000, -0.0000000000000000000 ) ) ;
#1293 = DIRECTION ( 'NONE',  ( 1.000000000000000000, 0.0000000000000000000, -6.023345402697249900E-016 ) ) ;
#1294 = DIRECTION ( 'NONE',  ( 0.0000000000000000000, 0.0000000000000000000, -1.000000000000000000 ) ) ;
#1295 = LINE ( 'NONE', #2109, #155 ) ;
#1296 = DIRECTION ( 'NONE',  ( 0.0000000000000000000, -0.0000000000000000000, 1.000000000000000000 ) ) ;
#1297 = CIRCLE ( 'NONE', #418, 0.03000000000000007900 ) ;
#1298 = ADVANCED_FACE ( 'NONE', ( #886 ), #724, .T. ) ;
#1299 = DIRECTION ( 'NONE',  ( -1.000000000000000000, -6.985838740241651300E-018, -0.0000000000000000000 ) ) ;
#1300 = CARTESIAN_POINT ( 'NONE',  ( 0.7000000000000085000, 0.5999999999999999800, 0.5200000000000000200 ) ) ;
#1301 = DIRECTION ( 'NONE',  ( 0.0000000000000000000, 0.0000000000000000000, 1.000000000000000000 ) ) ;
#1302 = PLANE ( 'NONE',  #1737 ) ;
#1303 = ORIENTED_EDGE ( 'NONE', *, *, #980, .F. ) ;
#1304 = CARTESIAN_POINT ( 'NONE',  ( 0.9460000000000000600, 0.5459999999999999300, 0.6250000000000000000 ) ) ;
#1305 = AXIS2_PLACEMENT_3D ( 'NONE', #1582, #695, #1106 ) ;
#1306 = ORIENTED_EDGE ( 'NONE', *, *, #2837, .T. ) ;
#1307 = DIRECTION ( 'NONE',  ( 6.985838740241651300E-018, -1.000000000000000000, -0.0000000000000000000 ) ) ;
#1308 = AXIS2_PLACEMENT_3D ( 'NONE', #773, #1922, #2140 ) ;
#1309 = DIRECTION ( 'NONE',  ( -1.000000000000000000, 0.0000000000000000000, 4.517509052022929600E-016 ) ) ;
#1310 = ADVANCED_FACE ( 'NONE', ( #2307 ), #1589, .T. ) ;
#1311 = CARTESIAN_POINT ( 'NONE',  ( -0.6999999999999918500, 0.5999999999999999800, 0.2799999999999997500 ) ) ;
#1312 = DIRECTION ( 'NONE',  ( -0.0000000000000000000, -0.0000000000000000000, 1.000000000000000000 ) ) ;
#1313 = DIRECTION ( 'NONE',  ( 3.614007241618349200E-015, -0.0000000000000000000, -1.000000000000000000 ) ) ;
#1314 = FACE_OUTER_BOUND ( 'NONE', #749, .T. ) ;
#1315 = ORIENTED_EDGE ( 'NONE', *, *, #690, .T. ) ;
#1316 = ORIENTED_EDGE ( 'NONE', *, *, #2026, .T. ) ;
#1317 = LINE ( 'NONE', #2694, #1795 ) ;
#1318 = ORIENTED_EDGE ( 'NONE', *, *, #2418, .T. ) ;
#1319 = EDGE_CURVE ( 'NONE', #424, #2000, #657, .T. ) ;
#1320 = ORIENTED_EDGE ( 'NONE', *, *, #2444, .T. ) ;
#1321 = CIRCLE ( 'NONE', #817, 0.02400000000000004200 ) ;
#1322 = EDGE_CURVE ( 'NONE', #1566, #2849, #217, .T. ) ;
#1323 = DIRECTION ( 'NONE',  ( -0.0000000000000000000, -1.000000000000000000, -0.0000000000000000000 ) ) ;
#1324 = CIRCLE ( 'NONE', #2535, 0.02400000000000004200 ) ;
#1325 = VERTEX_POINT ( 'NONE', #1198 ) ;
#1326 = UNCERTAINTY_MEASURE_WITH_UNIT (LENGTH_MEASURE( 1.000000000000000100E-005 ), #518, 'distance_accuracy_value', 'NONE');
#1327 = FACE_OUTER_BOUND ( 'NONE', #2146, .T. ) ;
#1328 = ADVANCED_FACE ( 'NONE', ( #2380 ), #631, .T. ) ;
#1329 = CIRCLE ( 'NONE', #599, 0.05400000000000001300 ) ;
#1330 = AXIS2_PLACEMENT_3D ( 'NONE', #42, #2566, #2340 ) ;
#1331 = DIRECTION ( 'NONE',  ( -1.000000000000000000, -6.985838740241651300E-018, 4.015563601798168800E-016 ) ) ;
#1332 = EDGE_CURVE ( 'NONE', #1698, #1223, #111, .T. ) ;
#1333 = VERTEX_POINT ( 'NONE', #679 ) ;
#1334 = EDGE_CURVE ( 'NONE', #2623, #2856, #35, .T. ) ;
#1335 = VERTEX_POINT ( 'NONE', #1375 ) ;
#1336 = EDGE_CURVE ( 'NONE', #1186, #1361, #1800, .T. ) ;
#1337 = CARTESIAN_POINT ( 'NONE',  ( 0.7300000000000085300, 0.02999999999999997100, 0.5500000000000001600 ) ) ;
#1338 = DIRECTION ( 'NONE',  ( -1.000000000000000000, 0.0000000000000000000, 0.0000000000000000000 ) ) ;
#1339 = VERTEX_POINT ( 'NONE', #1384 ) ;
#1340 = CARTESIAN_POINT ( 'NONE',  ( 0.9460000000000000600, 0.5459999999999999300, -0.6009999999999999800 ) ) ;
#1341 = AXIS2_PLACEMENT_3D ( 'NONE', #2260, #1139, #1608 ) ;
#1342 = EDGE_CURVE ( 'NONE', #1583, #424, #1699, .T. ) ;
#1343 = DIRECTION ( 'NONE',  ( 1.000000000000000000, 0.0000000000000000000, -4.517509052022913800E-016 ) ) ;
#1344 = DIRECTION ( 'NONE',  ( 6.985838740241651300E-018, -1.000000000000000000, -0.0000000000000000000 ) ) ;
#1345 = ORIENTED_EDGE ( 'NONE', *, *, #978, .T. ) ;
#1346 = ORIENTED_EDGE ( 'NONE', *, *, #1133, .T. ) ;
#1347 = SURFACE_STYLE_FILL_AREA ( #1643 ) ;
#1348 = DIRECTION ( 'NONE',  ( 0.0000000000000000000, 0.0000000000000000000, -1.000000000000000000 ) ) ;
#1349 = DIRECTION ( 'NONE',  ( 0.0000000000000000000, 0.0000000000000000000, -1.000000000000000000 ) ) ;
#1350 = AXIS2_PLACEMENT_3D ( 'NONE', #378, #1012, #2470 ) ;
#1351 = EDGE_CURVE ( 'NONE', #1583, #1146, #1363, .T. ) ;
#1352 = PLANE ( 'NONE',  #276 ) ;
#1353 = DIRECTION ( 'NONE',  ( 0.0000000000000000000, 0.0000000000000000000, 1.000000000000000000 ) ) ;
#1354 = ORIENTED_EDGE ( 'NONE', *, *, #1806, .T. ) ;
#1355 = AXIS2_PLACEMENT_3D ( 'NONE', #1958, #2421, #1525 ) ;
#1356 = ORIENTED_EDGE ( 'NONE', *, *, #1415, .F. ) ;
#1357 = SPHERICAL_SURFACE ( 'NONE', #1187, 0.02400000000000000000 ) ;
#1358 = PLANE ( 'NONE',  #2776 ) ;
#1359 = ORIENTED_EDGE ( 'NONE', *, *, #1402, .T. ) ;
#1360 = FACE_OUTER_BOUND ( 'NONE', #1474, .T. ) ;
#1361 = VERTEX_POINT ( 'NONE', #1546 ) ;
#1362 = VERTEX_POINT ( 'NONE', #1113 ) ;
#1363 = LINE ( 'NONE', #621, #761 ) ;
#1364 = VERTEX_POINT ( 'NONE', #1251 ) ;
#1365 = LINE ( 'NONE', #939, #1440 ) ;
#1366 = ORIENTED_EDGE ( 'NONE', *, *, #1553, .T. ) ;
#1367 = CARTESIAN_POINT ( 'NONE',  ( 1.000000000000000000, 0.5999999999999999800, -0.5500000000000002700 ) ) ;
#1368 = DIRECTION ( 'NONE',  ( -0.0000000000000000000, -1.000000000000000000, -0.0000000000000000000 ) ) ;
#1369 = ADVANCED_FACE ( 'NONE', ( #2977 ), #1662, .F. ) ;
#1370 = CIRCLE ( 'NONE', #2595, 0.02999999999999997100 ) ;
#1371 = CARTESIAN_POINT ( 'NONE',  ( 0.9460000000000000600, 0.0000000000000000000, -0.5500000000000008200 ) ) ;
#1372 = ORIENTED_EDGE ( 'NONE', *, *, #2571, .F. ) ;
#1373 = ORIENTED_EDGE ( 'NONE', *, *, #1599, .T. ) ;
#1374 = LINE ( 'NONE', #548, #2187 ) ;
#1375 = CARTESIAN_POINT ( 'NONE',  ( 0.7300000000000085300, 0.5699999999999999500, 0.5500000000000001600 ) ) ;
#1376 = CARTESIAN_POINT ( 'NONE',  ( 0.9700000000000002000, 0.05400000000000001300, 0.2499999999999996700 ) ) ;
#1377 = ADVANCED_FACE ( 'NONE', ( #1179 ), #1032, .F. ) ;
#1378 = ORIENTED_EDGE ( 'NONE', *, *, #2428, .F. ) ;
#1379 = CARTESIAN_POINT ( 'NONE',  ( -0.7000000000000001800, 0.5999999999999999800, -0.5200000000000002400 ) ) ;
#1380 = ADVANCED_FACE ( 'NONE', ( #1766 ), #2402, .T. ) ;
#1381 = CARTESIAN_POINT ( 'NONE',  ( -0.9460000000000000600, 0.5459999999999999300, -0.6009999999999999800 ) ) ;
#1382 = ORIENTED_EDGE ( 'NONE', *, *, #2020, .T. ) ;
#1383 = DIRECTION ( 'NONE',  ( -0.0000000000000000000, 0.0000000000000000000, -1.000000000000000000 ) ) ;
#1384 = CARTESIAN_POINT ( 'NONE',  ( 0.9700000000000002000, 0.5459999999999999300, -0.2500000000000008900 ) ) ;
#1385 = CARTESIAN_POINT ( 'NONE',  ( -0.7000000000000001800, 0.5699999999999999500, -0.5200000000000002400 ) ) ;
#1386 = CARTESIAN_POINT ( 'NONE',  ( 0.7300000000000083100, 0.5999999999999999800, 0.2799999999999989200 ) ) ;
#1387 = ORIENTED_EDGE ( 'NONE', *, *, #428, .F. ) ;
#1388 = AXIS2_PLACEMENT_3D ( 'NONE', #2558, #1168, #1862 ) ;
#1389 = ORIENTED_EDGE ( 'NONE', *, *, #278, .F. ) ;
#1390 = DIRECTION ( 'NONE',  ( 4.015563601798165300E-015, 0.0000000000000000000, 1.000000000000000000 ) ) ;
#1391 = VECTOR ( 'NONE', #993, 1000.000000000000000 ) ;
#1392 = EDGE_CURVE ( 'NONE', #640, #1448, #2487, .T. ) ;
#1393 = CARTESIAN_POINT ( 'NONE',  ( -0.9700000000000002000, 0.5459999999999999300, 0.2499999999999997800 ) ) ;
#1394 = ORIENTED_EDGE ( 'NONE', *, *, #371, .T. ) ;
#1395 = ORIENTED_EDGE ( 'NONE', *, *, #2805, .T. ) ;
#1396 = CIRCLE ( 'NONE', #2907, 0.05400000000000001300 ) ;
#1397 = VERTEX_POINT ( 'NONE', #1489 ) ;
#1398 = ORIENTED_EDGE ( 'NONE', *, *, #901, .T. ) ;
#1399 = DIRECTION ( 'NONE',  ( -1.000000000000000000, 0.0000000000000000000, -0.0000000000000000000 ) ) ;
#1400 = VECTOR ( 'NONE', #1613, 1000.000000000000000 ) ;
#1401 = ADVANCED_FACE ( 'NONE', ( #2728 ), #1901, .F. ) ;
#1402 = EDGE_CURVE ( 'NONE', #704, #1782, #2208, .T. ) ;
#1403 = FACE_OUTER_BOUND ( 'NONE', #1600, .T. ) ;
#1404 = DIRECTION ( 'NONE',  ( 0.0000000000000000000, 0.0000000000000000000, -1.000000000000000000 ) ) ;
#1405 = DIRECTION ( 'NONE',  ( 0.0000000000000000000, 0.0000000000000000000, -1.000000000000000000 ) ) ;
#1406 = VECTOR ( 'NONE', #393, 1000.000000000000000 ) ;
#1407 = DIRECTION ( 'NONE',  ( -3.614007241618349200E-015, 0.0000000000000000000, 1.000000000000000000 ) ) ;
#1408 = DIRECTION ( 'NONE',  ( 0.0000000000000000000, 0.0000000000000000000, -1.000000000000000000 ) ) ;
#1409 = CARTESIAN_POINT ( 'NONE',  ( -0.9700000000000002000, 0.5459999999999999300, 0.6250000000000000000 ) ) ;
#1410 = VECTOR ( 'NONE', #1564, 1000.000000000000000 ) ;
#1411 = DIRECTION ( 'NONE',  ( -1.000000000000000000, 0.0000000000000000000, 1.003890900449540900E-015 ) ) ;
#1412 = ORIENTED_EDGE ( 'NONE', *, *, #1881, .F. ) ;
#1413 = CIRCLE ( 'NONE', #71, 0.05400000000000001300 ) ;
#1414 = AXIS2_PLACEMENT_3D ( 'NONE', #1575, #2676, #191 ) ;
#1415 = EDGE_CURVE ( 'NONE', #2674, #2902, #2901, .T. ) ;
#1416 = ORIENTED_EDGE ( 'NONE', *, *, #7, .F. ) ;
#1417 = ORIENTED_EDGE ( 'NONE', *, *, #146, .T. ) ;
#1418 = DIRECTION ( 'NONE',  ( -0.0000000000000000000, -1.000000000000000000, -0.0000000000000000000 ) ) ;
#1419 = CARTESIAN_POINT ( 'NONE',  ( -0.7299999999999917700, 0.0000000000000000000, 0.5200000000000000200 ) ) ;
#1420 = ORIENTED_EDGE ( 'NONE', *, *, #2343, .F. ) ;
#1421 = CARTESIAN_POINT ( 'NONE',  ( -0.9460000000000000600, 0.05399999999999995800, 0.6250000000000000000 ) ) ;
#1422 = AXIS2_PLACEMENT_3D ( 'NONE', #1189, #2820, #78 ) ;
#1423 = VERTEX_POINT ( 'NONE', #919 ) ;
#1424 = CARTESIAN_POINT ( 'NONE',  ( -0.9700000000000002000, 0.5699999999999999500, -0.6010000000000000900 ) ) ;
#1425 = ORIENTED_EDGE ( 'NONE', *, *, #1521, .T. ) ;
#1426 = ORIENTED_EDGE ( 'NONE', *, *, #1392, .T. ) ;
#1427 = CARTESIAN_POINT ( 'NONE',  ( 0.9459999999999915100, 0.0000000000000000000, -0.6250000000000002200 ) ) ;
#1428 = ORIENTED_EDGE ( 'NONE', *, *, #278, .T. ) ;
#1429 = ORIENTED_EDGE ( 'NONE', *, *, #2020, .F. ) ;
#1430 = SURFACE_STYLE_FILL_AREA ( #1603 ) ;
#1431 = DIRECTION ( 'NONE',  ( 1.000000000000000000, 0.0000000000000000000, -4.517509052022913800E-016 ) ) ;
#1432 = EDGE_CURVE ( 'NONE', #1223, #1269, #961, .T. ) ;
#1433 = EDGE_LOOP ( 'NONE', ( #18, #2844, #1861, #2543 ) ) ;
#1434 = CIRCLE ( 'NONE', #343, 0.02999999999999997100 ) ;
#1435 = CARTESIAN_POINT ( 'NONE',  ( -0.9460000000000000600, 0.5699999999999999500, -0.6010000000000000900 ) ) ;
#1436 = DIRECTION ( 'NONE',  ( 4.015563601798168800E-016, 0.0000000000000000000, 1.000000000000000000 ) ) ;
#1437 = EDGE_LOOP ( 'NONE', ( #1495, #1172, #2337, #413 ) ) ;
#1438 = CYLINDRICAL_SURFACE ( 'NONE', #1601, 0.05400000000000001300 ) ;
#1439 = AXIS2_PLACEMENT_3D ( 'NONE', #1053, #1563, #851 ) ;
#1440 = VECTOR ( 'NONE', #2787, 1000.000000000000000 ) ;
#1441 = ORIENTED_EDGE ( 'NONE', *, *, #2682, .F. ) ;
#1442 = DIRECTION ( 'NONE',  ( 0.0000000000000000000, 0.0000000000000000000, -1.000000000000000000 ) ) ;
#1443 = VECTOR ( 'NONE', #2778, 1000.000000000000000 ) ;
#1444 = DIRECTION ( 'NONE',  ( -0.0000000000000000000, -1.000000000000000000, -0.0000000000000000000 ) ) ;
#1445 = VECTOR ( 'NONE', #2906, 1000.000000000000000 ) ;
#1446 = DIRECTION ( 'NONE',  ( 0.0000000000000000000, 0.0000000000000000000, -1.000000000000000000 ) ) ;
#1447 = DIRECTION ( 'NONE',  ( -4.015563601798166900E-015, 0.0000000000000000000, -1.000000000000000000 ) ) ;
#1448 = VERTEX_POINT ( 'NONE', #2688 ) ;
#1449 = EDGE_LOOP ( 'NONE', ( #610, #1815, #1672, #1119 ) ) ;
#1450 = VECTOR ( 'NONE', #1992, 1000.000000000000000 ) ;
#1451 = CARTESIAN_POINT ( 'NONE',  ( 0.7300000000000083100, 0.02999999999999997100, 0.2799999999999989200 ) ) ;
#1452 = CARTESIAN_POINT ( 'NONE',  ( 0.7300000000000002000, 0.5999999999999999800, -0.2500000000000000000 ) ) ;
#1453 = AXIS2_PLACEMENT_3D ( 'NONE', #2192, #1234, #118 ) ;
#1454 = EDGE_CURVE ( 'NONE', #356, #983, #292, .T. ) ;
#1455 = DIRECTION ( 'NONE',  ( 0.0000000000000000000, 0.0000000000000000000, 1.000000000000000000 ) ) ;
#1456 = ORIENTED_EDGE ( 'NONE', *, *, #2478, .F. ) ;
#1457 = DIRECTION ( 'NONE',  ( -0.0000000000000000000, -1.000000000000000000, -0.0000000000000000000 ) ) ;
#1458 = LINE ( 'NONE', #1906, #2816 ) ;
#1459 = CARTESIAN_POINT ( 'NONE',  ( 0.9460000000000000600, 0.05399999999999997200, -0.6009999999999999800 ) ) ;
#1460 = AXIS2_PLACEMENT_3D ( 'NONE', #682, #2950, #2504 ) ;
#1461 = DIRECTION ( 'NONE',  ( -1.000000000000000000, -6.985838740241651300E-018, -0.0000000000000000000 ) ) ;
#1462 = ORIENTED_EDGE ( 'NONE', *, *, #980, .T. ) ;
#1463 = DIRECTION ( 'NONE',  ( 6.985838740241651300E-018, -1.000000000000000000, -0.0000000000000000000 ) ) ;
#1464 = DIRECTION ( 'NONE',  ( -1.000000000000000000, 0.0000000000000000000, 4.015563601798163700E-015 ) ) ;
#1465 = DIRECTION ( 'NONE',  ( -1.000000000000000000, 0.0000000000000000000, 6.023345402697249900E-016 ) ) ;
#1466 = ADVANCED_FACE ( 'NONE', ( #545 ), #587, .T. ) ;
#1467 = VERTEX_POINT ( 'NONE', #2213 ) ;
#1468 = DIRECTION ( 'NONE',  ( 0.0000000000000000000, 0.0000000000000000000, -1.000000000000000000 ) ) ;
#1469 = CARTESIAN_POINT ( 'NONE',  ( 0.7300000000000084200, 0.0000000000000000000, 0.2499999999999988100 ) ) ;
#1470 = PLANE ( 'NONE',  #947 ) ;
#1471 = ORIENTED_EDGE ( 'NONE', *, *, #2056, .F. ) ;
#1472 = VERTEX_POINT ( 'NONE', #175 ) ;
#1473 = CYLINDRICAL_SURFACE ( 'NONE', #1972, 0.02400000000000004200 ) ;
#1474 = EDGE_LOOP ( 'NONE', ( #117, #1619, #2232, #1281, #957, #2451 ) ) ;
#1475 = AXIS2_PLACEMENT_3D ( 'NONE', #781, #572, #81 ) ;
#1476 = CARTESIAN_POINT ( 'NONE',  ( -0.9459999999999915100, 0.5999999999999999800, 0.5500000000000002700 ) ) ;
#1477 = VERTEX_POINT ( 'NONE', #834 ) ;
#1478 = CIRCLE ( 'NONE', #1879, 0.02400000000000004200 ) ;
#1479 = ORIENTED_EDGE ( 'NONE', *, *, #205, .F. ) ;
#1480 = ORIENTED_EDGE ( 'NONE', *, *, #1133, .F. ) ;
#1481 = CIRCLE ( 'NONE', #1086, 0.02400000000000004200 ) ;
#1482 = DIRECTION ( 'NONE',  ( -1.000000000000000000, 0.0000000000000000000, 0.0000000000000000000 ) ) ;
#1483 = AXIS2_PLACEMENT_3D ( 'NONE', #324, #1946, #1482 ) ;
#1484 = ADVANCED_FACE ( 'NONE', ( #2662 ), #1438, .T. ) ;
#1485 = VECTOR ( 'NONE', #673, 1000.000000000000000 ) ;
#1486 = EDGE_LOOP ( 'NONE', ( #1140, #1039, #1151, #254 ) ) ;
#1487 = CARTESIAN_POINT ( 'NONE',  ( -0.9460000000000000600, 0.5699999999999999500, 0.5500000000000002700 ) ) ;
#1488 = CARTESIAN_POINT ( 'NONE',  ( -0.9460000000000000600, 0.02999999999999995700, -0.2499999999999997800 ) ) ;
#1489 = CARTESIAN_POINT ( 'NONE',  ( -0.9700000000000002000, 0.5459999999999999300, -0.6010000000000000900 ) ) ;
#1490 = CYLINDRICAL_SURFACE ( 'NONE', #2446, 0.02999999999999997100 ) ;
#1491 =( LENGTH_UNIT ( ) NAMED_UNIT ( * ) SI_UNIT ( .MILLI., .METRE. ) );
#1492 = CARTESIAN_POINT ( 'NONE',  ( 0.9460000000000000600, 0.5699999999999999500, 0.6250000000000000000 ) ) ;
#1493 = CARTESIAN_POINT ( 'NONE',  ( 0.9460000000000000600, 0.0000000000000000000, 0.2499999999999992500 ) ) ;
#1494 = VECTOR ( 'NONE', #1510, 1000.000000000000000 ) ;
#1495 = ORIENTED_EDGE ( 'NONE', *, *, #964, .T. ) ;
#1496 = CARTESIAN_POINT ( 'NONE',  ( 0.9999999999999915600, 0.05400000000000001300, -0.5500000000000002700 ) ) ;
#1497 = AXIS2_PLACEMENT_3D ( 'NONE', #1676, #1447, #499 ) ;
#1498 = ORIENTED_EDGE ( 'NONE', *, *, #146, .F. ) ;
#1499 = EDGE_CURVE ( 'NONE', #850, #1325, #1062, .T. ) ;
#1500 = EDGE_LOOP ( 'NONE', ( #1749, #1224, #818, #431 ) ) ;
#1501 = CARTESIAN_POINT ( 'NONE',  ( 0.9459999999999915100, 0.0000000000000000000, 0.5499999999999992700 ) ) ;
#1502 = CARTESIAN_POINT ( 'NONE',  ( -0.7299999999999917700, 0.5999999999999999800, 0.5200000000000000200 ) ) ;
#1503 = EDGE_CURVE ( 'NONE', #1057, #341, #2942, .T. ) ;
#1504 = CIRCLE ( 'NONE', #2738, 0.02400000000000004200 ) ;
#1505 = ORIENTED_EDGE ( 'NONE', *, *, #779, .F. ) ;
#1506 = CARTESIAN_POINT ( 'NONE',  ( -0.9999999999999915600, 0.0000000000000000000, 0.2499999999999997800 ) ) ;
#1507 = DIRECTION ( 'NONE',  ( 1.000000000000000000, 0.0000000000000000000, 0.0000000000000000000 ) ) ;
#1508 = EDGE_CURVE ( 'NONE', #1191, #2500, #1739, .T. ) ;
#1509 = ORIENTED_EDGE ( 'NONE', *, *, #48, .F. ) ;
#1510 = DIRECTION ( 'NONE',  ( 0.0000000000000000000, 0.0000000000000000000, -1.000000000000000000 ) ) ;
#1511 = DIRECTION ( 'NONE',  ( -4.015563601798165300E-015, 0.0000000000000000000, -1.000000000000000000 ) ) ;
#1512 = EDGE_LOOP ( 'NONE', ( #427, #2416, #2205, #2023 ) ) ;
#1513 = ORIENTED_EDGE ( 'NONE', *, *, #1599, .F. ) ;
#1514 = CIRCLE ( 'NONE', #2427, 0.02400000000000004200 ) ;
#1515 = DIRECTION ( 'NONE',  ( 0.0000000000000000000, 0.0000000000000000000, -1.000000000000000000 ) ) ;
#1516 = CARTESIAN_POINT ( 'NONE',  ( 0.6999999999999999600, 0.5999999999999999800, -0.5200000000000011300 ) ) ;
#1517 = ORIENTED_EDGE ( 'NONE', *, *, #221, .F. ) ;
#1518 = LINE ( 'NONE', #170, #2341 ) ;
#1519 = EDGE_CURVE ( 'NONE', #1448, #1276, #1983, .T. ) ;
#1520 = AXIS2_PLACEMENT_3D ( 'NONE', #2562, #2884, #369 ) ;
#1521 = EDGE_CURVE ( 'NONE', #640, #464, #2345, .T. ) ;
#1522 = ORIENTED_EDGE ( 'NONE', *, *, #2071, .F. ) ;
#1523 = VECTOR ( 'NONE', #2660, 1000.000000000000000 ) ;
#1524 = VERTEX_POINT ( 'NONE', #1275 ) ;
#1525 = DIRECTION ( 'NONE',  ( 0.0000000000000000000, 0.0000000000000000000, 1.000000000000000000 ) ) ;
#1526 = CARTESIAN_POINT ( 'NONE',  ( 0.7000000000000000700, 0.5999999999999999800, -0.2799999999999999700 ) ) ;
#1527 = CARTESIAN_POINT ( 'NONE',  ( -1.000000000000000000, 0.5999999999999999800, -0.5500000000000002700 ) ) ;
#1528 = DIRECTION ( 'NONE',  ( -1.000000000000000000, 0.0000000000000000000, 0.0000000000000000000 ) ) ;
#1529 = VECTOR ( 'NONE', #1705, 1000.000000000000000 ) ;
#1530 = ADVANCED_FACE ( 'NONE', ( #821 ), #1971, .T. ) ;
#1531 = LINE ( 'NONE', #2506, #1884 ) ;
#1532 = ORIENTED_EDGE ( 'NONE', *, *, #879, .T. ) ;
#1533 = MANIFOLD_SOLID_BREP ( 'Cut-Extrude1', #1955 ) ;
#1534 = FACE_OUTER_BOUND ( 'NONE', #1740, .T. ) ;
#1535 = ORIENTED_EDGE ( 'NONE', *, *, #1784, .T. ) ;
#1536 = CARTESIAN_POINT ( 'NONE',  ( -0.7000000000000001800, 0.5999999999999999800, -0.5200000000000002400 ) ) ;
#1537 = DIRECTION ( 'NONE',  ( 1.000000000000000000, 0.0000000000000000000, 4.517509052022927000E-015 ) ) ;
#1538 = CARTESIAN_POINT ( 'NONE',  ( -0.9999999999999915600, 0.5999999999999999800, 0.2499999999999997800 ) ) ;
#1539 = ORIENTED_EDGE ( 'NONE', *, *, #571, .T. ) ;
#1540 = VECTOR ( 'NONE', #772, 1000.000000000000000 ) ;
#1541 = ORIENTED_EDGE ( 'NONE', *, *, #2153, .T. ) ;
#1542 = EDGE_CURVE ( 'NONE', #400, #2927, #2105, .T. ) ;
#1543 = ORIENTED_EDGE ( 'NONE', *, *, #2931, .F. ) ;
#1544 = DIRECTION ( 'NONE',  ( 0.0000000000000000000, 0.0000000000000000000, -1.000000000000000000 ) ) ;
#1545 = CARTESIAN_POINT ( 'NONE',  ( -0.9460000000000000600, 0.02999999999999995700, 0.6250000000000000000 ) ) ;
#1546 = CARTESIAN_POINT ( 'NONE',  ( -0.9999999999999915600, 0.05400000000000001300, 0.5500000000000002700 ) ) ;
#1547 = ORIENTED_EDGE ( 'NONE', *, *, #1222, .T. ) ;
#1548 = LINE ( 'NONE', #1506, #681 ) ;
#1549 = ORIENTED_EDGE ( 'NONE', *, *, #325, .T. ) ;
#1550 = ORIENTED_EDGE ( 'NONE', *, *, #2865, .T. ) ;
#1551 = LINE ( 'NONE', #1628, #2864 ) ;
#1552 = ORIENTED_EDGE ( 'NONE', *, *, #1336, .T. ) ;
#1553 = EDGE_CURVE ( 'NONE', #625, #471, #2512, .T. ) ;
#1554 = EDGE_LOOP ( 'NONE', ( #55, #734, #1505, #2507 ) ) ;
#1555 = VECTOR ( 'NONE', #2074, 1000.000000000000000 ) ;
#1556 = SURFACE_SIDE_STYLE ('',( #1910 ) ) ;
#1557 = ADVANCED_FACE ( 'NONE', ( #1253 ), #2869, .T. ) ;
#1558 = VECTOR ( 'NONE', #2103, 1000.000000000000000 ) ;
#1559 = AXIS2_PLACEMENT_3D ( 'NONE', #759, #50, #2596 ) ;
#1560 = CARTESIAN_POINT ( 'NONE',  ( -3.772352919730488900E-019, 0.05399999999999996500, 0.6009999999999999800 ) ) ;
#1561 = EDGE_CURVE ( 'NONE', #424, #2615, #1173, .T. ) ;
#1562 = FACE_OUTER_BOUND ( 'NONE', #2939, .T. ) ;
#1563 = DIRECTION ( 'NONE',  ( 3.614007241618347600E-015, -0.0000000000000000000, -1.000000000000000000 ) ) ;
#1564 = DIRECTION ( 'NONE',  ( -0.0000000000000000000, -1.000000000000000000, -0.0000000000000000000 ) ) ;
#1565 = STYLED_ITEM ( 'NONE', ( #370 ), #1239 ) ;
#1566 = VERTEX_POINT ( 'NONE', #2305 ) ;
#1567 = DIRECTION ( 'NONE',  ( 0.0000000000000000000, 0.0000000000000000000, 1.000000000000000000 ) ) ;
#1568 = ORIENTED_EDGE ( 'NONE', *, *, #2433, .F. ) ;
#1569 = CARTESIAN_POINT ( 'NONE',  ( 0.7300000000000002000, 0.02999999999999997100, -0.2500000000000000000 ) ) ;
#1570 = FACE_OUTER_BOUND ( 'NONE', #653, .T. ) ;
#1571 = ORIENTED_EDGE ( 'NONE', *, *, #1714, .F. ) ;
#1572 = CARTESIAN_POINT ( 'NONE',  ( 0.7300000000000083100, 0.5999999999999999800, 0.2799999999999989200 ) ) ;
#1573 = ADVANCED_FACE ( 'NONE', ( #792 ), #1605, .T. ) ;
#1574 = ADVANCED_FACE ( 'NONE', ( #1626 ), #2270, .T. ) ;
#1575 = CARTESIAN_POINT ( 'NONE',  ( 0.9459999999999915100, 0.5459999999999999300, -0.6250000000000002200 ) ) ;
#1576 = ORIENTED_EDGE ( 'NONE', *, *, #978, .F. ) ;
#1577 = DIRECTION ( 'NONE',  ( 0.0000000000000000000, 0.0000000000000000000, 1.000000000000000000 ) ) ;
#1578 = VECTOR ( 'NONE', #2383, 1000.000000000000000 ) ;
#1579 = AXIS2_PLACEMENT_3D ( 'NONE', #2527, #874, #1609 ) ;
#1580 = AXIS2_PLACEMENT_3D ( 'NONE', #2210, #576, #1265 ) ;
#1581 = ORIENTED_EDGE ( 'NONE', *, *, #2226, .T. ) ;
#1582 = CARTESIAN_POINT ( 'NONE',  ( -0.9459999999999915100, 0.5459999999999999300, -0.6250000000000002200 ) ) ;
#1583 = VERTEX_POINT ( 'NONE', #487 ) ;
#1584 = FACE_OUTER_BOUND ( 'NONE', #1449, .T. ) ;
#1585 = CARTESIAN_POINT ( 'NONE',  ( -0.9460000000000000600, 0.02999999999999995700, -0.6010000000000000900 ) ) ;
#1586 = ORIENTED_EDGE ( 'NONE', *, *, #2044, .F. ) ;
#1587 = FACE_OUTER_BOUND ( 'NONE', #742, .T. ) ;
#1588 = ORIENTED_EDGE ( 'NONE', *, *, #905, .T. ) ;
#1589 = SPHERICAL_SURFACE ( 'NONE', #2134, 0.02400000000000000000 ) ;
#1590 = EDGE_LOOP ( 'NONE', ( #2617, #1685, #848, #2125, #532, #2453 ) ) ;
#1591 = LINE ( 'NONE', #720, #1558 ) ;
#1592 = CARTESIAN_POINT ( 'NONE',  ( 0.9460000000000000600, 0.05399999999999997200, -0.6010000000000000900 ) ) ;
#1593 = CARTESIAN_POINT ( 'NONE',  ( 0.7300000000000000900, 0.5699999999999999500, -0.5500000000000012700 ) ) ;
#1594 = VECTOR ( 'NONE', #49, 1000.000000000000000 ) ;
#1595 = DIRECTION ( 'NONE',  ( -0.0000000000000000000, 0.0000000000000000000, 1.000000000000000000 ) ) ;
#1596 = EDGE_CURVE ( 'NONE', #1857, #1467, #332, .T. ) ;
#1597 = DIRECTION ( 'NONE',  ( -0.0000000000000000000, -0.0000000000000000000, 1.000000000000000000 ) ) ;
#1598 = LINE ( 'NONE', #2530, #2435 ) ;
#1599 = EDGE_CURVE ( 'NONE', #426, #391, #2940, .T. ) ;
#1600 = EDGE_LOOP ( 'NONE', ( #319, #1043, #1622, #2102, #1762, #609 ) ) ;
#1601 = AXIS2_PLACEMENT_3D ( 'NONE', #1268, #2877, #2903 ) ;
#1602 = VECTOR ( 'NONE', #403, 1000.000000000000000 ) ;
#1603 = FILL_AREA_STYLE ('',( #429 ) ) ;
#1604 = PLANE ( 'NONE',  #2309 ) ;
#1605 = PLANE ( 'NONE',  #2635 ) ;
#1606 = ADVANCED_FACE ( 'NONE', ( #654 ), #854, .F. ) ;
#1607 = LINE ( 'NONE', #750, #1540 ) ;
#1608 = DIRECTION ( 'NONE',  ( -1.000000000000000000, 0.0000000000000000000, 6.023345402697249900E-016 ) ) ;
#1609 = DIRECTION ( 'NONE',  ( 0.0000000000000000000, 0.0000000000000000000, -1.000000000000000000 ) ) ;
#1610 = CARTESIAN_POINT ( 'NONE',  ( 0.9460000000000000600, 0.05399999999999997200, 0.6009999999999999800 ) ) ;
#1611 = CARTESIAN_POINT ( 'NONE',  ( -0.9700000000000002000, 0.5459999999999999300, 0.6250000000000000000 ) ) ;
#1612 = AXIS2_PLACEMENT_3D ( 'NONE', #1190, #746, #755 ) ;
#1613 = DIRECTION ( 'NONE',  ( 0.0000000000000000000, -1.000000000000000000, 0.0000000000000000000 ) ) ;
#1614 = EDGE_CURVE ( 'NONE', #1191, #334, #1098, .T. ) ;
#1615 = DIRECTION ( 'NONE',  ( -4.015563601798166900E-015, 0.0000000000000000000, -1.000000000000000000 ) ) ;
#1616 = AXIS2_PLACEMENT_3D ( 'NONE', #1105, #2743, #865 ) ;
#1617 = VERTEX_POINT ( 'NONE', #2550 ) ;
#1618 = VECTOR ( 'NONE', #311, 1000.000000000000000 ) ;
#1619 = ORIENTED_EDGE ( 'NONE', *, *, #2026, .F. ) ;
#1620 = DIRECTION ( 'NONE',  ( 0.0000000000000000000, 0.0000000000000000000, -1.000000000000000000 ) ) ;
#1621 = EDGE_LOOP ( 'NONE', ( #439, #714, #1072, #1192 ) ) ;
#1622 = ORIENTED_EDGE ( 'NONE', *, *, #472, .F. ) ;
#1623 = DIRECTION ( 'NONE',  ( 4.517509052022913800E-016, 0.0000000000000000000, 1.000000000000000000 ) ) ;
#1624 = DIRECTION ( 'NONE',  ( 0.0000000000000000000, 0.0000000000000000000, 1.000000000000000000 ) ) ;
#1625 = ORIENTED_EDGE ( 'NONE', *, *, #2386, .F. ) ;
#1626 = FACE_OUTER_BOUND ( 'NONE', #340, .T. ) ;
#1627 = ORIENTED_EDGE ( 'NONE', *, *, #2777, .F. ) ;
#1628 = CARTESIAN_POINT ( 'NONE',  ( -0.9700000000000007500, 0.02999999999999995700, -0.2499999999999997800 ) ) ;
#1629 = LINE ( 'NONE', #2555, #693 ) ;
#1630 = ORIENTED_EDGE ( 'NONE', *, *, #1188, .T. ) ;
#1631 = VECTOR ( 'NONE', #70, 1000.000000000000000 ) ;
#1632 = EDGE_CURVE ( 'NONE', #717, #648, #1321, .T. ) ;
#1633 = LINE ( 'NONE', #1001, #1036 ) ;
#1634 = DIRECTION ( 'NONE',  ( 0.0000000000000000000, -0.0000000000000000000, 1.000000000000000000 ) ) ;
#1635 = ORIENTED_EDGE ( 'NONE', *, *, #635, .T. ) ;
#1636 = VECTOR ( 'NONE', #1911, 1000.000000000000000 ) ;
#1637 = STYLED_ITEM ( 'NONE', ( #2771 ), #592 ) ;
#1638 = EDGE_CURVE ( 'NONE', #1134, #1826, #2626, .T. ) ;
#1639 = DIRECTION ( 'NONE',  ( -1.000000000000000000, -6.985838740241651300E-018, 4.015563601798165300E-015 ) ) ;
#1640 = EDGE_CURVE ( 'NONE', #1397, #2902, #2024, .T. ) ;
#1641 = VERTEX_POINT ( 'NONE', #2508 ) ;
#1642 = VERTEX_POINT ( 'NONE', #2975 ) ;
#1643 = FILL_AREA_STYLE ('',( #731 ) ) ;
#1644 = VERTEX_POINT ( 'NONE', #24 ) ;
#1645 = ORIENTED_EDGE ( 'NONE', *, *, #514, .F. ) ;
#1646 = CARTESIAN_POINT ( 'NONE',  ( 0.9999999999999915600, 0.05400000000000001300, -0.6250000000000002200 ) ) ;
#1647 = EDGE_LOOP ( 'NONE', ( #1389, #1760, #1394, #2081, #2207, #2952 ) ) ;
#1648 = CARTESIAN_POINT ( 'NONE',  ( -0.6999999999999917400, 0.02999999999999997100, 0.5200000000000000200 ) ) ;
#1649 = DIRECTION ( 'NONE',  ( 0.0000000000000000000, 0.0000000000000000000, -1.000000000000000000 ) ) ;
#1650 = AXIS2_PLACEMENT_3D ( 'NONE', #1085, #2033, #1577 ) ;
#1651 = DIRECTION ( 'NONE',  ( 0.0000000000000000000, 1.000000000000000000, 0.0000000000000000000 ) ) ;
#1652 = EDGE_CURVE ( 'NONE', #471, #252, #819, .T. ) ;
#1653 = EDGE_LOOP ( 'NONE', ( #992, #1952, #218 ) ) ;
#1654 = EDGE_CURVE ( 'NONE', #2054, #2536, #1907, .T. ) ;
#1655 = VERTEX_POINT ( 'NONE', #1855 ) ;
#1656 = PRESENTATION_STYLE_ASSIGNMENT (( #674 ) ) ;
#1657 = AXIS2_PLACEMENT_3D ( 'NONE', #656, #2289, #236 ) ;
#1658 = CARTESIAN_POINT ( 'NONE',  ( -0.9460000000000000600, 0.5699999999999999500, 0.6250000000000000000 ) ) ;
#1659 = VERTEX_POINT ( 'NONE', #1170 ) ;
#1660 = CARTESIAN_POINT ( 'NONE',  ( -0.7299999999999919900, 0.5699999999999999500, 0.2499999999999997800 ) ) ;
#1661 = VERTEX_POINT ( 'NONE', #2784 ) ;
#1662 = CYLINDRICAL_SURFACE ( 'NONE', #1237, 0.02999999999999997100 ) ;
#1663 = ORIENTED_EDGE ( 'NONE', *, *, #2956, .F. ) ;
#1664 = DIRECTION ( 'NONE',  ( 1.000000000000000000, 0.0000000000000000000, 0.0000000000000000000 ) ) ;
#1665 = DIRECTION ( 'NONE',  ( 0.0000000000000000000, 1.000000000000000000, 0.0000000000000000000 ) ) ;
#1666 = LINE ( 'NONE', #32, #2766 ) ;
#1667 = DIRECTION ( 'NONE',  ( 1.000000000000000000, 0.0000000000000000000, -4.015563601798165300E-015 ) ) ;
#1668 = LINE ( 'NONE', #2706, #798 ) ;
#1669 = LINE ( 'NONE', #1854, #663 ) ;
#1670 = AXIS2_PLACEMENT_3D ( 'NONE', #2638, #1236, #776 ) ;
#1671 = EDGE_CURVE ( 'NONE', #1333, #1242, #1733, .T. ) ;
#1672 = ORIENTED_EDGE ( 'NONE', *, *, #1322, .F. ) ;
#1673 = LINE ( 'NONE', #2466, #1602 ) ;
#1674 = SURFACE_STYLE_USAGE ( .BOTH. , #1876 ) ;
#1675 = AXIS2_PLACEMENT_3D ( 'NONE', #1021, #1941, #1742 ) ;
#1676 = CARTESIAN_POINT ( 'NONE',  ( 1.000000000000000000, 0.5999999999999999800, -0.2500000000000010500 ) ) ;
#1677 = DIRECTION ( 'NONE',  ( 0.0000000000000000000, 1.000000000000000000, 0.0000000000000000000 ) ) ;
#1678 = ORIENTED_EDGE ( 'NONE', *, *, #728, .T. ) ;
#1679 = LINE ( 'NONE', #53, #900 ) ;
#1680 = PLANE ( 'NONE',  #123 ) ;
#1681 = CARTESIAN_POINT ( 'NONE',  ( 0.9460000000000000600, 0.5459999999999999300, 0.6009999999999999800 ) ) ;
#1682 = ORIENTED_EDGE ( 'NONE', *, *, #1671, .T. ) ;
#1683 = DIRECTION ( 'NONE',  ( 0.0000000000000000000, 0.0000000000000000000, 1.000000000000000000 ) ) ;
#1684 = DIRECTION ( 'NONE',  ( -0.0000000000000000000, -1.000000000000000000, -0.0000000000000000000 ) ) ;
#1685 = ORIENTED_EDGE ( 'NONE', *, *, #304, .T. ) ;
#1686 = LINE ( 'NONE', #2359, #2058 ) ;
#1687 = ORIENTED_EDGE ( 'NONE', *, *, #1432, .F. ) ;
#1688 = CARTESIAN_POINT ( 'NONE',  ( -0.9999999999999915600, 0.5459999999999999300, 0.2499999999999997800 ) ) ;
#1689 = EDGE_CURVE ( 'NONE', #1286, #1186, #2206, .T. ) ;
#1690 = ORIENTED_EDGE ( 'NONE', *, *, #167, .T. ) ;
#1691 = LINE ( 'NONE', #1809, #1280 ) ;
#1692 = VERTEX_POINT ( 'NONE', #2128 ) ;
#1693 = ADVANCED_FACE ( 'NONE', ( #2552 ), #2561, .F. ) ;
#1694 = CARTESIAN_POINT ( 'NONE',  ( -0.9700000000000002000, 0.05400000000000001300, 0.6250000000000000000 ) ) ;
#1695 = EDGE_CURVE ( 'NONE', #2610, #2175, #107, .T. ) ;
#1696 = DIRECTION ( 'NONE',  ( 0.0000000000000000000, 0.0000000000000000000, 1.000000000000000000 ) ) ;
#1697 = CARTESIAN_POINT ( 'NONE',  ( -0.9700000000000002000, 0.02999999999999995700, 0.6250000000000000000 ) ) ;
#1698 = VERTEX_POINT ( 'NONE', #2668 ) ;
#1699 = CIRCLE ( 'NONE', #51, 0.02999999999999997100 ) ;
#1700 = ORIENTED_EDGE ( 'NONE', *, *, #931, .F. ) ;
#1701 = ORIENTED_EDGE ( 'NONE', *, *, #1948, .T. ) ;
#1702 = CARTESIAN_POINT ( 'NONE',  ( 1.000000000000008400, 0.0000000000000000000, 0.5499999999999990500 ) ) ;
#1703 = FACE_OUTER_BOUND ( 'NONE', #83, .T. ) ;
#1704 = ORIENTED_EDGE ( 'NONE', *, *, #778, .T. ) ;
#1705 = DIRECTION ( 'NONE',  ( 1.000000000000000000, 0.0000000000000000000, -6.023345402697249900E-016 ) ) ;
#1706 = VECTOR ( 'NONE', #329, 1000.000000000000000 ) ;
#1707 = CARTESIAN_POINT ( 'NONE',  ( -0.9460000000000000600, 0.5459999999999999300, 0.6009999999999999800 ) ) ;
#1708 = LINE ( 'NONE', #310, #660 ) ;
#1709 = DIRECTION ( 'NONE',  ( 6.985838740241651300E-018, -1.000000000000000000, -0.0000000000000000000 ) ) ;
#1710 = DIRECTION ( 'NONE',  ( 0.0000000000000000000, 0.0000000000000000000, -1.000000000000000000 ) ) ;
#1711 = CYLINDRICAL_SURFACE ( 'NONE', #1453, 0.02400000000000004200 ) ;
#1712 = DIRECTION ( 'NONE',  ( 0.0000000000000000000, 0.0000000000000000000, 1.000000000000000000 ) ) ;
#1713 = STYLED_ITEM ( 'NONE', ( #672 ), #2373 ) ;
#1714 = EDGE_CURVE ( 'NONE', #1774, #2488, #1518, .T. ) ;
#1715 = CARTESIAN_POINT ( 'NONE',  ( 0.7300000000000002000, 0.5999999999999999800, -0.2500000000000000000 ) ) ;
#1716 = CARTESIAN_POINT ( 'NONE',  ( -0.7299999999999917700, 0.5999999999999999800, 0.5200000000000000200 ) ) ;
#1717 = EDGE_CURVE ( 'NONE', #704, #1826, #959, .T. ) ;
#1718 = ORIENTED_EDGE ( 'NONE', *, *, #633, .T. ) ;
#1719 = CARTESIAN_POINT ( 'NONE',  ( 0.9700000000000002000, 0.5459999999999999300, 0.6250000000000000000 ) ) ;
#1720 = CARTESIAN_POINT ( 'NONE',  ( -0.9700000000000002000, 0.5699999999999999500, -0.2499999999999997800 ) ) ;
#1721 = DIRECTION ( 'NONE',  ( 1.000000000000000000, 0.0000000000000000000, -0.0000000000000000000 ) ) ;
#1722 = ORIENTED_EDGE ( 'NONE', *, *, #864, .T. ) ;
#1723 = ADVANCED_FACE ( 'NONE', ( #1587 ), #996, .T. ) ;
#1724 = DIRECTION ( 'NONE',  ( 0.0000000000000000000, 0.0000000000000000000, -1.000000000000000000 ) ) ;
#1725 = DIRECTION ( 'NONE',  ( -1.000000000000000000, 0.0000000000000000000, 0.0000000000000000000 ) ) ;
#1726 = EDGE_LOOP ( 'NONE', ( #1315, #198, #1729, #855 ) ) ;
#1727 = AXIS2_PLACEMENT_3D ( 'NONE', #2969, #208, #2516 ) ;
#1728 = EDGE_CURVE ( 'NONE', #717, #640, #2794, .T. ) ;
#1729 = ORIENTED_EDGE ( 'NONE', *, *, #1671, .F. ) ;
#1730 = VECTOR ( 'NONE', #2476, 1000.000000000000000 ) ;
#1731 = EDGE_CURVE ( 'NONE', #2095, #2902, #723, .T. ) ;
#1732 = ORIENTED_EDGE ( 'NONE', *, *, #2129, .T. ) ;
#1733 = LINE ( 'NONE', #944, #1028 ) ;
#1734 = CARTESIAN_POINT ( 'NONE',  ( 0.7000000000000085000, 0.0000000000000000000, 0.5200000000000000200 ) ) ;
#1735 = PLANE ( 'NONE',  #574 ) ;
#1736 = DIRECTION ( 'NONE',  ( 0.0000000000000000000, 0.0000000000000000000, 1.000000000000000000 ) ) ;
#1737 = AXIS2_PLACEMENT_3D ( 'NONE', #172, #1778, #2011 ) ;
#1738 = VERTEX_POINT ( 'NONE', #2889 ) ;
#1739 = LINE ( 'NONE', #2204, #2069 ) ;
#1740 = EDGE_LOOP ( 'NONE', ( #1387, #2385, #544, #2100 ) ) ;
#1741 = DIRECTION ( 'NONE',  ( -1.000000000000000000, -0.0000000000000000000, -0.0000000000000000000 ) ) ;
#1742 = DIRECTION ( 'NONE',  ( 0.0000000000000000000, -0.0000000000000000000, -1.000000000000000000 ) ) ;
#1743 = FACE_OUTER_BOUND ( 'NONE', #73, .T. ) ;
#1744 = LINE ( 'NONE', #2390, #1529 ) ;
#1745 = CARTESIAN_POINT ( 'NONE',  ( 0.9460000000000000600, 0.05399999999999997200, 0.6009999999999999800 ) ) ;
#1746 = FACE_OUTER_BOUND ( 'NONE', #2649, .T. ) ;
#1747 = CIRCLE ( 'NONE', #2929, 0.02400000000000004200 ) ;
#1748 = EDGE_CURVE ( 'NONE', #2424, #1047, #1434, .T. ) ;
#1749 = ORIENTED_EDGE ( 'NONE', *, *, #2533, .F. ) ;
#1750 = CARTESIAN_POINT ( 'NONE',  ( -0.7000000000000001800, 0.5999999999999999800, -0.5200000000000002400 ) ) ;
#1751 = CYLINDRICAL_SURFACE ( 'NONE', #1559, 0.03000000000000002300 ) ;
#1752 = DIRECTION ( 'NONE',  ( -1.000000000000000000, -0.0000000000000000000, 0.0000000000000000000 ) ) ;
#1753 = AXIS2_PLACEMENT_3D ( 'NONE', #1419, #1651, #2010 ) ;
#1754 = EDGE_CURVE ( 'NONE', #2274, #1774, #2484, .T. ) ;
#1755 = CARTESIAN_POINT ( 'NONE',  ( -0.9459999999999915100, 0.05400000000000001300, 0.5500000000000002700 ) ) ;
#1756 = CARTESIAN_POINT ( 'NONE',  ( 0.9999999999999915600, 0.05400000000000001300, -0.2500000000000010500 ) ) ;
#1757 = ORIENTED_EDGE ( 'NONE', *, *, #829, .T. ) ;
#1758 = VECTOR ( 'NONE', #898, 1000.000000000000000 ) ;
#1759 = DIRECTION ( 'NONE',  ( 1.000000000000000000, 0.0000000000000000000, 0.0000000000000000000 ) ) ;
#1760 = ORIENTED_EDGE ( 'NONE', *, *, #2198, .T. ) ;
#1761 = LINE ( 'NONE', #803, #2938 ) ;
#1762 = ORIENTED_EDGE ( 'NONE', *, *, #585, .T. ) ;
#1763 = AXIS2_PLACEMENT_3D ( 'NONE', #1818, #2064, #216 ) ;
#1764 = EDGE_CURVE ( 'NONE', #1027, #1738, #1943, .T. ) ;
#1765 = ORIENTED_EDGE ( 'NONE', *, *, #1748, .T. ) ;
#1766 = FACE_OUTER_BOUND ( 'NONE', #752, .T. ) ;
#1767 = DIRECTION ( 'NONE',  ( 0.0000000000000000000, -1.000000000000000000, 0.0000000000000000000 ) ) ;
#1768 = CYLINDRICAL_SURFACE ( 'NONE', #1616, 0.02400000000000004200 ) ;
#1769 = AXIS2_PLACEMENT_3D ( 'NONE', #15, #21, #2781 ) ;
#1770 = CARTESIAN_POINT ( 'NONE',  ( -0.9459999999999915100, 0.0000000000000000000, -0.6250000000000002200 ) ) ;
#1771 = CIRCLE ( 'NONE', #1040, 0.02999999999999997100 ) ;
#1772 = PLANE ( 'NONE',  #2404 ) ;
#1773 = FACE_OUTER_BOUND ( 'NONE', #1726, .T. ) ;
#1774 = VERTEX_POINT ( 'NONE', #1776 ) ;
#1775 = DIRECTION ( 'NONE',  ( 1.000000000000000000, 0.0000000000000000000, -0.0000000000000000000 ) ) ;
#1776 = CARTESIAN_POINT ( 'NONE',  ( -0.6999999999999918500, 0.02999999999999997100, 0.2799999999999997500 ) ) ;
#1777 = PLANE ( 'NONE',  #2327 ) ;
#1778 = DIRECTION ( 'NONE',  ( -4.015563601798168800E-016, 0.0000000000000000000, -1.000000000000000000 ) ) ;
#1779 = ORIENTED_EDGE ( 'NONE', *, *, #60, .T. ) ;
#1780 = DIRECTION ( 'NONE',  ( 0.0000000000000000000, -0.0000000000000000000, 1.000000000000000000 ) ) ;
#1781 = DIRECTION ( 'NONE',  ( -1.000000000000000000, 0.0000000000000000000, 4.517509052022929600E-016 ) ) ;
#1782 = VERTEX_POINT ( 'NONE', #2914 ) ;
#1783 = AXIS2_PLACEMENT_3D ( 'NONE', #2046, #661, #2267 ) ;
#1784 = EDGE_CURVE ( 'NONE', #2175, #945, #2765, .T. ) ;
#1785 = ORIENTED_EDGE ( 'NONE', *, *, #1052, .F. ) ;
#1786 = AXIS2_PLACEMENT_3D ( 'NONE', #1993, #832, #1044 ) ;
#1787 = DIRECTION ( 'NONE',  ( 1.000000000000000000, 0.0000000000000000000, 4.015563601798163700E-015 ) ) ;
#1788 = ORIENTED_EDGE ( 'NONE', *, *, #1689, .F. ) ;
#1789 = DIRECTION ( 'NONE',  ( 0.0000000000000000000, 0.0000000000000000000, 1.000000000000000000 ) ) ;
#1790 = ADVANCED_FACE ( 'NONE', ( #1977 ), #2038, .F. ) ;
#1791 = EDGE_CURVE ( 'NONE', #1061, #464, #1481, .T. ) ;
#1792 = CARTESIAN_POINT ( 'NONE',  ( 0.7300000000000000900, 0.02999999999999997100, -0.2799999999999999700 ) ) ;
#1793 = EDGE_CURVE ( 'NONE', #2062, #583, #881, .T. ) ;
#1794 = VERTEX_POINT ( 'NONE', #447 ) ;
#1795 = VECTOR ( 'NONE', #1299, 1000.000000000000000 ) ;
#1796 = PLANE ( 'NONE',  #833 ) ;
#1797 = CARTESIAN_POINT ( 'NONE',  ( 0.9700000000000002000, 0.05400000000000001300, 0.6250000000000000000 ) ) ;
#1798 = EDGE_LOOP ( 'NONE', ( #277, #1841, #995, #1921, #1682, #272 ) ) ;
#1799 = DIRECTION ( 'NONE',  ( 1.000000000000000000, 0.0000000000000000000, 3.614007241618347600E-015 ) ) ;
#1800 = LINE ( 'NONE', #1998, #615 ) ;
#1801 = VERTEX_POINT ( 'NONE', #2744 ) ;
#1802 = PRODUCT_DEFINITION_FORMATION_WITH_SPECIFIED_SOURCE ( 'ANY', '', #558, .NOT_KNOWN. ) ;
#1803 = EDGE_CURVE ( 'NONE', #1782, #294, #2144, .T. ) ;
#1804 = EDGE_CURVE ( 'NONE', #1276, #2089, #2066, .T. ) ;
#1805 = LINE ( 'NONE', #279, #261 ) ;
#1806 = EDGE_CURVE ( 'NONE', #294, #1617, #399, .T. ) ;
#1807 = PLANE ( 'NONE',  #1076 ) ;
#1808 = ADVANCED_FACE ( 'NONE', ( #757 ), #29, .T. ) ;
#1809 = CARTESIAN_POINT ( 'NONE',  ( -1.000000000000000000, 0.0000000000000000000, -0.2499999999999997800 ) ) ;
#1810 = CIRCLE ( 'NONE', #1483, 0.02999999999999997100 ) ;
#1811 = AXIS2_PLACEMENT_3D ( 'NONE', #316, #1916, #298 ) ;
#1812 = ORIENTED_EDGE ( 'NONE', *, *, #632, .F. ) ;
#1813 = DIRECTION ( 'NONE',  ( -1.000000000000000000, -0.0000000000000000000, -0.0000000000000000000 ) ) ;
#1814 = CIRCLE ( 'NONE', #1217, 0.05400000000000001300 ) ;
#1815 = ORIENTED_EDGE ( 'NONE', *, *, #2468, .T. ) ;
#1816 = CARTESIAN_POINT ( 'NONE',  ( 0.7000000000000083900, 0.5999999999999999800, 0.2799999999999989200 ) ) ;
#1817 = CARTESIAN_POINT ( 'NONE',  ( -0.9460000000000000600, 0.5459999999999999300, 0.6250000000000000000 ) ) ;
#1818 = CARTESIAN_POINT ( 'NONE',  ( -0.9460000000000000600, 0.5459999999999999300, -0.6010000000000000900 ) ) ;
#1819 = EDGE_CURVE ( 'NONE', #1617, #1166, #1875, .T. ) ;
#1820 = DIRECTION ( 'NONE',  ( 0.0000000000000000000, 0.0000000000000000000, -1.000000000000000000 ) ) ;
#1821 = EDGE_LOOP ( 'NONE', ( #9, #1832, #2545, #760 ) ) ;
#1822 = DIRECTION ( 'NONE',  ( 1.000000000000000000, 0.0000000000000000000, 0.0000000000000000000 ) ) ;
#1823 = LINE ( 'NONE', #2136, #1194 ) ;
#1824 = EDGE_CURVE ( 'NONE', #872, #2179, #1691, .T. ) ;
#1825 = ADVANCED_FACE ( 'NONE', ( #849 ), #2203, .T. ) ;
#1826 = VERTEX_POINT ( 'NONE', #2299 ) ;
#1827 = ORIENTED_EDGE ( 'NONE', *, *, #931, .T. ) ;
#1828 = AXIS2_PLACEMENT_3D ( 'NONE', #1923, #2669, #597 ) ;
#1829 = DIRECTION ( 'NONE',  ( 1.000000000000000000, 0.0000000000000000000, -6.023345402697249900E-016 ) ) ;
#1830 = CARTESIAN_POINT ( 'NONE',  ( 0.9460000000000000600, 0.05400000000000001300, -0.6010000000000000900 ) ) ;
#1831 = CARTESIAN_POINT ( 'NONE',  ( 0.7300000000000083100, 0.0000000000000000000, 0.2799999999999989200 ) ) ;
#1832 = ORIENTED_EDGE ( 'NONE', *, *, #1654, .T. ) ;
#1833 = FACE_OUTER_BOUND ( 'NONE', #501, .T. ) ;
#1834 = ORIENTED_EDGE ( 'NONE', *, *, #2717, .T. ) ;
#1835 = EDGE_LOOP ( 'NONE', ( #1359, #2302, #953, #2513, #2621, #871 ) ) ;
#1836 = LINE ( 'NONE', #1492, #2101 ) ;
#1837 = ORIENTED_EDGE ( 'NONE', *, *, #1804, .F. ) ;
#1838 = ORIENTED_EDGE ( 'NONE', *, *, #1175, .T. ) ;
#1839 = DIRECTION ( 'NONE',  ( -0.0000000000000000000, 1.000000000000000000, -0.0000000000000000000 ) ) ;
#1840 = PRESENTATION_STYLE_ASSIGNMENT (( #375 ) ) ;
#1841 = ORIENTED_EDGE ( 'NONE', *, *, #1499, .T. ) ;
#1842 = LINE ( 'NONE', #2185, #2908 ) ;
#1843 = CARTESIAN_POINT ( 'NONE',  ( 0.9459999999999915100, 0.5459999999999999300, -0.2500000000000008300 ) ) ;
#1844 = CARTESIAN_POINT ( 'NONE',  ( -0.9999999999999915600, 0.5999999999999999800, 0.2499999999999997800 ) ) ;
#1845 = ADVANCED_FACE ( 'NONE', ( #1584 ), #1210, .T. ) ;
#1846 = CIRCLE ( 'NONE', #497, 0.03000000000000007900 ) ;
#1847 = EDGE_CURVE ( 'NONE', #143, #1279, #2233, .T. ) ;
#1848 = LINE ( 'NONE', #45, #2078 ) ;
#1849 = DIRECTION ( 'NONE',  ( -1.000000000000000000, 0.0000000000000000000, 1.003890900449540900E-015 ) ) ;
#1850 = CARTESIAN_POINT ( 'NONE',  ( 0.7000000000000085000, 0.5699999999999999500, 0.6249999999999992200 ) ) ;
#1851 = DIRECTION ( 'NONE',  ( -1.000000000000000000, 0.0000000000000000000, 0.0000000000000000000 ) ) ;
#1852 = VECTOR ( 'NONE', #2408, 1000.000000000000000 ) ;
#1853 = CARTESIAN_POINT ( 'NONE',  ( -0.7300000000000000900, 0.5699999999999999500, -0.2799999999999999700 ) ) ;
#1854 = CARTESIAN_POINT ( 'NONE',  ( -0.6999999999999917400, 0.5999999999999999800, 0.5200000000000000200 ) ) ;
#1855 = CARTESIAN_POINT ( 'NONE',  ( -0.9700000000000002000, 0.05399999999999995800, 0.5500000000000002700 ) ) ;
#1856 = VERTEX_POINT ( 'NONE', #903 ) ;
#1857 = VERTEX_POINT ( 'NONE', #683 ) ;
#1858 = ADVANCED_FACE ( 'NONE', ( #789 ), #2897, .F. ) ;
#1859 = CARTESIAN_POINT ( 'NONE',  ( -0.9459999999999915100, 0.5459999999999999300, -0.2499999999999998300 ) ) ;
#1860 = DIRECTION ( 'NONE',  ( 1.000000000000000000, -0.0000000000000000000, -0.0000000000000000000 ) ) ;
#1861 = ORIENTED_EDGE ( 'NONE', *, *, #828, .F. ) ;
#1862 = DIRECTION ( 'NONE',  ( 0.0000000000000000000, 0.0000000000000000000, -1.000000000000000000 ) ) ;
#1863 = CARTESIAN_POINT ( 'NONE',  ( 0.9459999999999915100, 0.05400000000000001300, -0.2500000000000008300 ) ) ;
#1864 =( GEOMETRIC_REPRESENTATION_CONTEXT ( 3 ) GLOBAL_UNCERTAINTY_ASSIGNED_CONTEXT ( ( #770 ) ) GLOBAL_UNIT_ASSIGNED_CONTEXT ( ( #72, #1914, #2133 ) ) REPRESENTATION_CONTEXT ( 'NONE', 'WORKASPACE' ) );
#1865 = EDGE_CURVE ( 'NONE', #2300, #2602, #1136, .T. ) ;
#1866 = FACE_OUTER_BOUND ( 'NONE', #1554, .T. ) ;
#1867 = CARTESIAN_POINT ( 'NONE',  ( 0.7300000000000085300, 0.0000000000000000000, 0.5500000000000001600 ) ) ;
#1868 = ORIENTED_EDGE ( 'NONE', *, *, #2055, .F. ) ;
#1869 = VERTEX_POINT ( 'NONE', #885 ) ;
#1870 = CIRCLE ( 'NONE', #1783, 0.05400000000000001300 ) ;
#1871 = ORIENTED_EDGE ( 'NONE', *, *, #2231, .F. ) ;
#1872 =( NAMED_UNIT ( * ) PLANE_ANGLE_UNIT ( ) SI_UNIT ( $, .RADIAN. ) );
#1873 = DIRECTION ( 'NONE',  ( 1.000000000000000000, 0.0000000000000000000, 4.015563601798163700E-015 ) ) ;
#1874 = ORIENTED_EDGE ( 'NONE', *, *, #2073, .F. ) ;
#1875 = LINE ( 'NONE', #2497, #1555 ) ;
#1876 = SURFACE_SIDE_STYLE ('',( #41 ) ) ;
#1877 = MANIFOLD_SOLID_BREP ( 'Cut-Extrude2[2]', #1199 ) ;
#1878 = DIRECTION ( 'NONE',  ( -0.0000000000000000000, -0.0000000000000000000, 1.000000000000000000 ) ) ;
#1879 = AXIS2_PLACEMENT_3D ( 'NONE', #482, #1399, #260 ) ;
#1880 = EDGE_CURVE ( 'NONE', #2369, #2515, #2417, .T. ) ;
#1881 = EDGE_CURVE ( 'NONE', #2095, #2002, #1478, .T. ) ;
#1882 = CIRCLE ( 'NONE', #2201, 0.02400000000000004200 ) ;
#1883 = DIRECTION ( 'NONE',  ( -1.000000000000000000, 0.0000000000000000000, 0.0000000000000000000 ) ) ;
#1884 = VECTOR ( 'NONE', #2315, 1000.000000000000000 ) ;
#1885 = AXIS2_PLACEMENT_3D ( 'NONE', #523, #302, #943 ) ;
#1886 = ORIENTED_EDGE ( 'NONE', *, *, #728, .F. ) ;
#1887 = CARTESIAN_POINT ( 'NONE',  ( 0.7000000000000000700, 0.5999999999999999800, -0.2799999999999999700 ) ) ;
#1888 = DIRECTION ( 'NONE',  ( -1.000000000000000000, 0.0000000000000000000, -3.614007241618349200E-015 ) ) ;
#1889 = ORIENTED_EDGE ( 'NONE', *, *, #1103, .F. ) ;
#1890 = LINE ( 'NONE', #1157, #2711 ) ;
#1891 = DIRECTION ( 'NONE',  ( 0.0000000000000000000, 0.0000000000000000000, -1.000000000000000000 ) ) ;
#1892 = CARTESIAN_POINT ( 'NONE',  ( -0.9460000000000000600, 0.05399999999999995800, 0.5500000000000002700 ) ) ;
#1893 = ORIENTED_EDGE ( 'NONE', *, *, #1553, .F. ) ;
#1894 = DIRECTION ( 'NONE',  ( 1.000000000000000000, 0.0000000000000000000, 0.0000000000000000000 ) ) ;
#1895 = CARTESIAN_POINT ( 'NONE',  ( 0.6999999999999999600, 0.5699999999999999500, -0.5200000000000011300 ) ) ;
#1896 = VERTEX_POINT ( 'NONE', #1660 ) ;
#1897 = CARTESIAN_POINT ( 'NONE',  ( 0.7299999999999999800, 0.5999999999999999800, -0.5200000000000011300 ) ) ;
#1898 = EDGE_CURVE ( 'NONE', #2868, #625, #251, .T. ) ;
#1899 = ORIENTED_EDGE ( 'NONE', *, *, #735, .T. ) ;
#1900 = DIRECTION ( 'NONE',  ( 0.0000000000000000000, -1.000000000000000000, 0.0000000000000000000 ) ) ;
#1901 = PLANE ( 'NONE',  #330 ) ;
#1902 = FACE_OUTER_BOUND ( 'NONE', #2322, .T. ) ;
#1903 = AXIS2_PLACEMENT_3D ( 'NONE', #1093, #1126, #873 ) ;
#1904 = SURFACE_STYLE_USAGE ( .BOTH. , #914 ) ;
#1905 = ORIENTED_EDGE ( 'NONE', *, *, #1112, .T. ) ;
#1906 = CARTESIAN_POINT ( 'NONE',  ( -0.9700000000000002000, 0.05400000000000001300, 0.6250000000000000000 ) ) ;
#1907 = LINE ( 'NONE', #908, #255 ) ;
#1908 = EDGE_LOOP ( 'NONE', ( #1765, #1015, #1827, #436 ) ) ;
#1909 = EDGE_LOOP ( 'NONE', ( #936, #602, #1479, #1995 ) ) ;
#1910 = SURFACE_STYLE_FILL_AREA ( #2664 ) ;
#1911 = DIRECTION ( 'NONE',  ( -4.517509052022929600E-016, 0.0000000000000000000, -1.000000000000000000 ) ) ;
#1912 = LINE ( 'NONE', #445, #2628 ) ;
#1913 = CARTESIAN_POINT ( 'NONE',  ( -0.9460000000000000600, 0.5459999999999999300, 0.6009999999999999800 ) ) ;
#1914 =( NAMED_UNIT ( * ) PLANE_ANGLE_UNIT ( ) SI_UNIT ( $, .RADIAN. ) );
#1915 = VECTOR ( 'NONE', #841, 1000.000000000000000 ) ;
#1916 = DIRECTION ( 'NONE',  ( 1.000000000000000000, 6.985838740241651300E-018, 0.0000000000000000000 ) ) ;
#1917 = CIRCLE ( 'NONE', #88, 0.02400000000000004200 ) ;
#1918 = AXIS2_PLACEMENT_3D ( 'NONE', #1282, #2218, #1301 ) ;
#1919 = EDGE_CURVE ( 'NONE', #2584, #2652, #542, .T. ) ;
#1920 = EDGE_CURVE ( 'NONE', #1642, #570, #2018, .T. ) ;
#1921 = ORIENTED_EDGE ( 'NONE', *, *, #2495, .T. ) ;
#1922 = DIRECTION ( 'NONE',  ( 0.0000000000000000000, 0.0000000000000000000, -1.000000000000000000 ) ) ;
#1923 = CARTESIAN_POINT ( 'NONE',  ( 0.9460000000000000600, 0.05400000000000001300, 0.6250000000000000000 ) ) ;
#1924 = LINE ( 'NONE', #2821, #1636 ) ;
#1925 = CARTESIAN_POINT ( 'NONE',  ( -0.9460000000000000600, 0.05399999999999995800, 0.6250000000000000000 ) ) ;
#1926 = DIRECTION ( 'NONE',  ( 4.015563601798166900E-015, 0.0000000000000000000, 1.000000000000000000 ) ) ;
#1927 = DIRECTION ( 'NONE',  ( -0.0000000000000000000, -0.0000000000000000000, 1.000000000000000000 ) ) ;
#1928 = CARTESIAN_POINT ( 'NONE',  ( 0.9460000000000000600, 0.5999999999999999800, -0.2500000000000005600 ) ) ;
#1929 = CARTESIAN_POINT ( 'NONE',  ( -0.9700000000000002000, 0.5699999999999999500, 0.5500000000000002700 ) ) ;
#1930 = VERTEX_POINT ( 'NONE', #2382 ) ;
#1931 = AXIS2_PLACEMENT_3D ( 'NONE', #2291, #2063, #2713 ) ;
#1932 = CARTESIAN_POINT ( 'NONE',  ( -0.9460000000000000600, 0.05399999999999995800, 0.6250000000000000000 ) ) ;
#1933 = EDGE_CURVE ( 'NONE', #704, #519, #1836, .T. ) ;
#1934 = EDGE_LOOP ( 'NONE', ( #1420, #1154, #650, #2749 ) ) ;
#1935 = VECTOR ( 'NONE', #1120, 1000.000000000000000 ) ;
#1936 = CARTESIAN_POINT ( 'NONE',  ( 0.9999999999999915600, 0.5459999999999999300, -0.2500000000000010500 ) ) ;
#1937 = ORIENTED_EDGE ( 'NONE', *, *, #1542, .T. ) ;
#1938 = CYLINDRICAL_SURFACE ( 'NONE', #23, 0.03000000000000002300 ) ;
#1939 = ORIENTED_EDGE ( 'NONE', *, *, #2129, .F. ) ;
#1940 = DIRECTION ( 'NONE',  ( 1.000000000000000000, 0.0000000000000000000, 0.0000000000000000000 ) ) ;
#1941 = DIRECTION ( 'NONE',  ( 0.0000000000000000000, -1.000000000000000000, 0.0000000000000000000 ) ) ;
#1942 = ORIENTED_EDGE ( 'NONE', *, *, #787, .F. ) ;
#1943 = CIRCLE ( 'NONE', #941, 0.02400000000000004200 ) ;
#1944 = ADVANCED_FACE ( 'NONE', ( #2972 ), #1165, .T. ) ;
#1945 = CYLINDRICAL_SURFACE ( 'NONE', #1811, 0.02400000000000000000 ) ;
#1946 = DIRECTION ( 'NONE',  ( 6.985838740241651300E-018, -1.000000000000000000, -0.0000000000000000000 ) ) ;
#1947 = LINE ( 'NONE', #2783, #38 ) ;
#1948 = EDGE_CURVE ( 'NONE', #1361, #400, #1396, .T. ) ;
#1949 = DIRECTION ( 'NONE',  ( -1.000000000000000000, 0.0000000000000000000, 0.0000000000000000000 ) ) ;
#1950 = FACE_OUTER_BOUND ( 'NONE', #1621, .T. ) ;
#1951 = DIRECTION ( 'NONE',  ( 0.0000000000000000000, 0.0000000000000000000, -1.000000000000000000 ) ) ;
#1952 = ORIENTED_EDGE ( 'NONE', *, *, #1881, .T. ) ;
#1953 = ORIENTED_EDGE ( 'NONE', *, *, #2964, .F. ) ;
#1954 = DIRECTION ( 'NONE',  ( -1.000000000000000000, 0.0000000000000000000, 0.0000000000000000000 ) ) ;
#1955 = CLOSED_SHELL ( 'NONE', ( #148, #2043, #273, #1401, #2486, #2705, #2294, #2593, #664, #870, #1557, #2251, #2592, #408, #1466, #1845, #2795, #651, #207, #636, #2130, #2496, #1310, #2782, #1094, #831, #1298, #968, #2176, #463, #163, #2928, #1574, #2007, #1243, #565, #16, #182, #1369, #2608, #619, #2913, #1380, #1377, #2732, #2045, #1530, #2060, #1990, #2150, #1858, #446, #2250, #2061, #2310, #1606, #1328, #2080 ) ) ;
#1956 = MECHANICAL_DESIGN_GEOMETRIC_PRESENTATION_REPRESENTATION (  '', ( #377 ), #477 ) ;
#1957 = EDGE_CURVE ( 'NONE', #1698, #685, #2546, .T. ) ;
#1958 = CARTESIAN_POINT ( 'NONE',  ( -0.9700000000000002000, 0.5459999999999999300, -0.6010000000000000900 ) ) ;
#1959 = CARTESIAN_POINT ( 'NONE',  ( 0.9460000000000000600, 0.02999999999999997100, -0.5500000000000002700 ) ) ;
#1960 = CARTESIAN_POINT ( 'NONE',  ( -0.9700000000000002000, 0.5699999999999999500, 0.6250000000000000000 ) ) ;
#1961 = EDGE_CURVE ( 'NONE', #840, #2405, #1761, .T. ) ;
#1962 = AXIS2_PLACEMENT_3D ( 'NONE', #1048, #1780, #2650 ) ;
#1963 = EDGE_LOOP ( 'NONE', ( #62, #184, #718, #775 ) ) ;
#1964 = EDGE_LOOP ( 'NONE', ( #2727, #458, #507 ) ) ;
#1965 = FACE_OUTER_BOUND ( 'NONE', #1164, .T. ) ;
#1966 = ORIENTED_EDGE ( 'NONE', *, *, #1174, .F. ) ;
#1967 = CARTESIAN_POINT ( 'NONE',  ( 0.6999999999999999600, 0.02999999999999997100, -0.5200000000000011300 ) ) ;
#1968 = CARTESIAN_POINT ( 'NONE',  ( -0.6999999999999917400, 0.0000000000000000000, 0.5200000000000000200 ) ) ;
#1969 = DIRECTION ( 'NONE',  ( 0.0000000000000000000, 1.000000000000000000, 0.0000000000000000000 ) ) ;
#1970 = VERTEX_POINT ( 'NONE', #2643 ) ;
#1971 = PLANE ( 'NONE',  #2879 ) ;
#1972 = AXIS2_PLACEMENT_3D ( 'NONE', #835, #2467, #385 ) ;
#1973 = ORIENTED_EDGE ( 'NONE', *, *, #1948, .F. ) ;
#1974 = VECTOR ( 'NONE', #2111, 1000.000000000000000 ) ;
#1975 = EDGE_CURVE ( 'NONE', #356, #2615, #1870, .T. ) ;
#1976 = VERTEX_POINT ( 'NONE', #1025 ) ;
#1977 = FACE_OUTER_BOUND ( 'NONE', #2379, .T. ) ;
#1978 = CARTESIAN_POINT ( 'NONE',  ( -1.000000000000000000, 0.5999999999999999800, -0.5500000000000002700 ) ) ;
#1979 = CARTESIAN_POINT ( 'NONE',  ( 0.7000000000000083900, 0.5999999999999999800, 0.2799999999999989200 ) ) ;
#1980 = CARTESIAN_POINT ( 'NONE',  ( 0.9460000000000000600, 0.02999999999999997100, 0.2499999999999996700 ) ) ;
#1981 = AXIS2_PLACEMENT_3D ( 'NONE', #2553, #57, #946 ) ;
#1982 = ORIENTED_EDGE ( 'NONE', *, *, #2644, .F. ) ;
#1983 = CIRCLE ( 'NONE', #209, 0.02400000000000004200 ) ;
#1984 = ORIENTED_EDGE ( 'NONE', *, *, #1824, .F. ) ;
#1985 = CARTESIAN_POINT ( 'NONE',  ( 0.9459999999999915100, 0.5999999999999999800, -0.6250000000000002200 ) ) ;
#1986 = LINE ( 'NONE', #1658, #2554 ) ;
#1987 = DIRECTION ( 'NONE',  ( -0.0000000000000000000, -0.0000000000000000000, 1.000000000000000000 ) ) ;
#1988 = VECTOR ( 'NONE', #2801, 1000.000000000000000 ) ;
#1989 = DIRECTION ( 'NONE',  ( -1.000000000000000000, 0.0000000000000000000, 0.0000000000000000000 ) ) ;
#1990 = ADVANCED_FACE ( 'NONE', ( #2375 ), #1938, .F. ) ;
#1991 = DIRECTION ( 'NONE',  ( 1.000000000000000000, 0.0000000000000000000, 0.0000000000000000000 ) ) ;
#1992 = DIRECTION ( 'NONE',  ( 0.0000000000000000000, 0.0000000000000000000, -1.000000000000000000 ) ) ;
#1993 = CARTESIAN_POINT ( 'NONE',  ( -0.7299999999999918800, 0.5999999999999999800, 0.2799999999999997500 ) ) ;
#1994 = FACE_OUTER_BOUND ( 'NONE', #753, .T. ) ;
#1995 = ORIENTED_EDGE ( 'NONE', *, *, #899, .F. ) ;
#1996 = FILL_AREA_STYLE_COLOUR ( '', #1101 ) ;
#1997 = AXIS2_PLACEMENT_3D ( 'NONE', #2450, #1049, #1789 ) ;
#1998 = CARTESIAN_POINT ( 'NONE',  ( -0.9999999999999915600, 0.5999999999999999800, 0.5500000000000002700 ) ) ;
#1999 = DIRECTION ( 'NONE',  ( -1.000000000000000000, 0.0000000000000000000, 4.517509052022927000E-015 ) ) ;
#2000 = VERTEX_POINT ( 'NONE', #177 ) ;
#2001 = EDGE_CURVE ( 'NONE', #918, #391, #502, .T. ) ;
#2002 = VERTEX_POINT ( 'NONE', #1585 ) ;
#2003 = VECTOR ( 'NONE', #59, 1000.000000000000000 ) ;
#2004 =( NAMED_UNIT ( * ) SI_UNIT ( $, .STERADIAN. ) SOLID_ANGLE_UNIT ( ) );
#2005 = CARTESIAN_POINT ( 'NONE',  ( -0.6999999999999918500, 0.5999999999999999800, 0.2799999999999997500 ) ) ;
#2006 = CARTESIAN_POINT ( 'NONE',  ( -0.9460000000000000600, 0.5999999999999999800, -0.5500000000000002700 ) ) ;
#2007 = ADVANCED_FACE ( 'NONE', ( #2301 ), #2760, .T. ) ;
#2008 = ORIENTED_EDGE ( 'NONE', *, *, #1322, .T. ) ;
#2009 = ORIENTED_EDGE ( 'NONE', *, *, #786, .F. ) ;
#2010 = DIRECTION ( 'NONE',  ( 0.0000000000000000000, -0.0000000000000000000, 1.000000000000000000 ) ) ;
#2011 = DIRECTION ( 'NONE',  ( -1.000000000000000000, 0.0000000000000000000, 4.015563601798168800E-016 ) ) ;
#2012 = VERTEX_POINT ( 'NONE', #1060 ) ;
#2013 = FACE_OUTER_BOUND ( 'NONE', #1835, .T. ) ;
#2014 = ORIENTED_EDGE ( 'NONE', *, *, #2042, .F. ) ;
#2015 = DIRECTION ( 'NONE',  ( -0.0000000000000000000, -1.000000000000000000, -0.0000000000000000000 ) ) ;
#2016 = CARTESIAN_POINT ( 'NONE',  ( -0.6999999999999918500, 0.5699999999999999500, 0.2799999999999997500 ) ) ;
#2017 = ORIENTED_EDGE ( 'NONE', *, *, #1824, .T. ) ;
#2018 = CIRCLE ( 'NONE', #705, 0.02400000000000004200 ) ;
#2019 = ORIENTED_EDGE ( 'NONE', *, *, #2718, .T. ) ;
#2020 = EDGE_CURVE ( 'NONE', #2415, #1364, #1092, .T. ) ;
#2021 = DIRECTION ( 'NONE',  ( 1.000000000000000000, -0.0000000000000000000, -4.015563601798166900E-015 ) ) ;
#2022 = EDGE_CURVE ( 'NONE', #294, #2814, #2174, .T. ) ;
#2023 = ORIENTED_EDGE ( 'NONE', *, *, #421, .T. ) ;
#2024 = CIRCLE ( 'NONE', #2191, 0.02400000000000004200 ) ;
#2025 = EDGE_CURVE ( 'NONE', #1472, #877, #466, .T. ) ;
#2026 = EDGE_CURVE ( 'NONE', #2241, #1362, #180, .T. ) ;
#2027 = ADVANCED_FACE ( 'NONE', ( #2691 ), #649, .T. ) ;
#2028 = CARTESIAN_POINT ( 'NONE',  ( -0.7000000000000001800, 0.5999999999999999800, -0.5200000000000002400 ) ) ;
#2029 = CIRCLE ( 'NONE', #2482, 0.02999999999999997100 ) ;
#2030 = ORIENTED_EDGE ( 'NONE', *, *, #1919, .T. ) ;
#2031 = AXIS2_PLACEMENT_3D ( 'NONE', #1304, #715, #689 ) ;
#2032 = CIRCLE ( 'NONE', #655, 0.03000000000000007900 ) ;
#2033 = DIRECTION ( 'NONE',  ( 0.0000000000000000000, 1.000000000000000000, 0.0000000000000000000 ) ) ;
#2034 = DIRECTION ( 'NONE',  ( -0.0000000000000000000, -1.000000000000000000, -0.0000000000000000000 ) ) ;
#2035 = LINE ( 'NONE', #381, #935 ) ;
#2036 = ORIENTED_EDGE ( 'NONE', *, *, #2571, .T. ) ;
#2037 = LINE ( 'NONE', #2077, #2880 ) ;
#2038 = PLANE ( 'NONE',  #492 ) ;
#2039 = ORIENTED_EDGE ( 'NONE', *, *, #2343, .T. ) ;
#2040 = DIRECTION ( 'NONE',  ( 0.0000000000000000000, 0.0000000000000000000, -1.000000000000000000 ) ) ;
#2041 = DIRECTION ( 'NONE',  ( 1.000000000000000000, 6.985838740241651300E-018, 0.0000000000000000000 ) ) ;
#2042 = EDGE_CURVE ( 'NONE', #2500, #2095, #1317, .T. ) ;
#2043 = ADVANCED_FACE ( 'NONE', ( #580 ), #1070, .F. ) ;
#2044 = EDGE_CURVE ( 'NONE', #391, #687, #1551, .T. ) ;
#2045 = ADVANCED_FACE ( 'NONE', ( #327 ), #2448, .F. ) ;
#2046 = CARTESIAN_POINT ( 'NONE',  ( -0.9459999999999915100, 0.5459999999999999300, 0.2499999999999997800 ) ) ;
#2047 = ORIENTED_EDGE ( 'NONE', *, *, #2025, .T. ) ;
#2048 = LINE ( 'NONE', #1452, #2499 ) ;
#2049 = AXIS2_PLACEMENT_3D ( 'NONE', #2166, #2631, #774 ) ;
#2050 = DIRECTION ( 'NONE',  ( 0.0000000000000000000, 1.000000000000000000, 0.0000000000000000000 ) ) ;
#2051 = DIRECTION ( 'NONE',  ( 0.0000000000000000000, -1.000000000000000000, -1.694065894508597900E-015 ) ) ;
#2052 = DIRECTION ( 'NONE',  ( -1.000000000000000000, 0.0000000000000000000, 4.517509052022929600E-016 ) ) ;
#2053 = CARTESIAN_POINT ( 'NONE',  ( -0.7300000000000003200, 0.5999999999999999800, -0.5500000000000002700 ) ) ;
#2054 = VERTEX_POINT ( 'NONE', #1393 ) ;
#2055 = EDGE_CURVE ( 'NONE', #1896, #2405, #1247, .T. ) ;
#2056 = EDGE_CURVE ( 'NONE', #1027, #1397, #2654, .T. ) ;
#2057 = ORIENTED_EDGE ( 'NONE', *, *, #47, .T. ) ;
#2058 = VECTOR ( 'NONE', #1444, 1000.000000000000000 ) ;
#2059 = CARTESIAN_POINT ( 'NONE',  ( 0.7300000000000084200, 0.5999999999999999800, 0.2499999999999988100 ) ) ;
#2060 = ADVANCED_FACE ( 'NONE', ( #1833 ), #1352, .T. ) ;
#2061 = ADVANCED_FACE ( 'NONE', ( #2370 ), #878, .F. ) ;
#2062 = VERTEX_POINT ( 'NONE', #748 ) ;
#2063 = DIRECTION ( 'NONE',  ( 0.0000000000000000000, -1.000000000000000000, 0.0000000000000000000 ) ) ;
#2064 = DIRECTION ( 'NONE',  ( 0.0000000000000000000, 0.0000000000000000000, -1.000000000000000000 ) ) ;
#2065 = ORIENTED_EDGE ( 'NONE', *, *, #669, .T. ) ;
#2066 = CIRCLE ( 'NONE', #1579, 0.02400000000000004200 ) ;
#2067 = DIRECTION ( 'NONE',  ( -1.000000000000000000, 0.0000000000000000000, 4.015563601798163700E-015 ) ) ;
#2068 = ORIENTED_EDGE ( 'NONE', *, *, #1793, .F. ) ;
#2069 = VECTOR ( 'NONE', #2883, 1000.000000000000000 ) ;
#2070 = ORIENTED_EDGE ( 'NONE', *, *, #2510, .T. ) ;
#2071 = EDGE_CURVE ( 'NONE', #2763, #2272, #1686, .T. ) ;
#2072 = EDGE_LOOP ( 'NONE', ( #2172, #360, #938, #1274 ) ) ;
#2073 = EDGE_CURVE ( 'NONE', #1477, #334, #1132, .T. ) ;
#2074 = DIRECTION ( 'NONE',  ( 0.0000000000000000000, -1.000000000000000000, 0.0000000000000000000 ) ) ;
#2075 = LINE ( 'NONE', #613, #480 ) ;
#2076 = PRESENTATION_LAYER_ASSIGNMENT (  '', '', ( #927 ) ) ;
#2077 = CARTESIAN_POINT ( 'NONE',  ( 0.6999999999999999600, 0.5999999999999999800, -0.5200000000000011300 ) ) ;
#2078 = VECTOR ( 'NONE', #280, 1000.000000000000000 ) ;
#2079 = DIRECTION ( 'NONE',  ( 0.0000000000000000000, 0.0000000000000000000, -1.000000000000000000 ) ) ;
#2080 = ADVANCED_FACE ( 'NONE', ( #1314 ), #1680, .T. ) ;
#2081 = ORIENTED_EDGE ( 'NONE', *, *, #779, .T. ) ;
#2082 = DIRECTION ( 'NONE',  ( 1.000000000000000000, 0.0000000000000000000, -0.0000000000000000000 ) ) ;
#2083 = VECTOR ( 'NONE', #2094, 1000.000000000000000 ) ;
#2084 = CARTESIAN_POINT ( 'NONE',  ( -0.7299999999999917700, 0.5999999999999999800, 0.5200000000000000200 ) ) ;
#2085 = VECTOR ( 'NONE', #1927, 1000.000000000000000 ) ;
#2086 = AXIS2_PLACEMENT_3D ( 'NONE', #1340, #34, #2542 ) ;
#2087 = DIRECTION ( 'NONE',  ( 0.0000000000000000000, 1.000000000000000000, 0.0000000000000000000 ) ) ;
#2088 = EDGE_CURVE ( 'NONE', #951, #341, #1055, .T. ) ;
#2089 = VERTEX_POINT ( 'NONE', #39 ) ;
#2090 = AXIS2_PLACEMENT_3D ( 'NONE', #2114, #733, #1849 ) ;
#2091 = DIRECTION ( 'NONE',  ( -0.0000000000000000000, 1.000000000000000000, -0.0000000000000000000 ) ) ;
#2092 = CARTESIAN_POINT ( 'NONE',  ( 0.7000000000000083900, 0.02999999999999997100, 0.2799999999999989200 ) ) ;
#2093 = EDGE_CURVE ( 'NONE', #2143, #2661, #1207, .T. ) ;
#2094 = DIRECTION ( 'NONE',  ( -1.000000000000000000, -6.985838740241651300E-018, 4.015563601798166900E-015 ) ) ;
#2095 = VERTEX_POINT ( 'NONE', #2839 ) ;
#2096 = ADVANCED_FACE ( 'NONE', ( #608 ), #2298, .T. ) ;
#2097 = DIRECTION ( 'NONE',  ( 3.614007241618347600E-015, -0.0000000000000000000, -1.000000000000000000 ) ) ;
#2098 = LINE ( 'NONE', #1516, #178 ) ;
#2099 = EDGE_LOOP ( 'NONE', ( #1718, #2827, #895, #168 ) ) ;
#2100 = ORIENTED_EDGE ( 'NONE', *, *, #2921, .T. ) ;
#2101 = VECTOR ( 'NONE', #102, 1000.000000000000000 ) ;
#2102 = ORIENTED_EDGE ( 'NONE', *, *, #1334, .T. ) ;
#2103 = DIRECTION ( 'NONE',  ( 0.0000000000000000000, 0.0000000000000000000, -1.000000000000000000 ) ) ;
#2104 = ORIENTED_EDGE ( 'NONE', *, *, #1019, .F. ) ;
#2105 = LINE ( 'NONE', #1770, #141 ) ;
#2106 = AXIS2_PLACEMENT_3D ( 'NONE', #348, #1949, #552 ) ;
#2107 = FACE_OUTER_BOUND ( 'NONE', #2863, .T. ) ;
#2108 = ORIENTED_EDGE ( 'NONE', *, *, #2930, .T. ) ;
#2109 = CARTESIAN_POINT ( 'NONE',  ( -0.9460000000000000600, 0.02999999999999995700, 0.6250000000000000000 ) ) ;
#2110 = LINE ( 'NONE', #2005, #1915 ) ;
#2111 = DIRECTION ( 'NONE',  ( 0.0000000000000000000, -1.000000000000000000, 0.0000000000000000000 ) ) ;
#2112 = AXIS2_PLACEMENT_3D ( 'NONE', #1913, #2120, #40 ) ;
#2113 = CYLINDRICAL_SURFACE ( 'NONE', #1828, 0.02400000000000004200 ) ;
#2114 = CARTESIAN_POINT ( 'NONE',  ( -0.9459999999999915100, 0.05400000000000001300, -0.2499999999999998300 ) ) ;
#2115 = VERTEX_POINT ( 'NONE', #1219 ) ;
#2116 = CARTESIAN_POINT ( 'NONE',  ( 0.9999999999999915600, 0.5459999999999999300, 0.5499999999999991600 ) ) ;
#2117 = LINE ( 'NONE', #336, #1494 ) ;
#2118 = DIRECTION ( 'NONE',  ( 4.517509052022913800E-016, 0.0000000000000000000, 1.000000000000000000 ) ) ;
#2119 = DIRECTION ( 'NONE',  ( -1.000000000000000000, 0.0000000000000000000, 0.0000000000000000000 ) ) ;
#2120 = DIRECTION ( 'NONE',  ( -0.0000000000000000000, -1.000000000000000000, 0.0000000000000000000 ) ) ;
#2121 = DIRECTION ( 'NONE',  ( 0.0000000000000000000, 0.0000000000000000000, 1.000000000000000000 ) ) ;
#2122 = VERTEX_POINT ( 'NONE', #1260 ) ;
#2123 = ORIENTED_EDGE ( 'NONE', *, *, #2093, .F. ) ;
#2124 = COLOUR_RGB ( '',0.7921568627450980000, 0.8196078431372548800, 0.9333333333333333500 ) ;
#2125 = ORIENTED_EDGE ( 'NONE', *, *, #109, .T. ) ;
#2126 = SURFACE_STYLE_USAGE ( .BOTH. , #906 ) ;
#2127 = AXIS2_PLACEMENT_3D ( 'NONE', #684, #904, #666 ) ;
#2128 = CARTESIAN_POINT ( 'NONE',  ( -0.7000000000000001800, 0.5999999999999999800, -0.5200000000000002400 ) ) ;
#2129 = EDGE_CURVE ( 'NONE', #2652, #2570, #785, .T. ) ;
#2130 = ADVANCED_FACE ( 'NONE', ( #2477 ), #2857, .T. ) ;
#2131 = CARTESIAN_POINT ( 'NONE',  ( -0.9999999999999915600, 0.5999999999999999800, 0.2499999999999997800 ) ) ;
#2132 = ORIENTED_EDGE ( 'NONE', *, *, #2226, .F. ) ;
#2133 =( NAMED_UNIT ( * ) SI_UNIT ( $, .STERADIAN. ) SOLID_ANGLE_UNIT ( ) );
#2134 = AXIS2_PLACEMENT_3D ( 'NONE', #556, #287, #1894 ) ;
#2135 = CARTESIAN_POINT ( 'NONE',  ( 0.7000000000000085000, 0.02999999999999997100, 0.5200000000000000200 ) ) ;
#2136 = CARTESIAN_POINT ( 'NONE',  ( -0.9999999999999915600, 0.5459999999999999300, -0.6250000000000002200 ) ) ;
#2137 = ORIENTED_EDGE ( 'NONE', *, *, #1803, .T. ) ;
#2138 = VECTOR ( 'NONE', #2485, 1000.000000000000000 ) ;
#2139 = ORIENTED_EDGE ( 'NONE', *, *, #514, .T. ) ;
#2140 = DIRECTION ( 'NONE',  ( -1.000000000000000000, 0.0000000000000000000, 0.0000000000000000000 ) ) ;
#2141 = DIRECTION ( 'NONE',  ( -1.000000000000000000, 0.0000000000000000000, 0.0000000000000000000 ) ) ;
#2142 = DIRECTION ( 'NONE',  ( -0.0000000000000000000, 1.000000000000000000, -0.0000000000000000000 ) ) ;
#2143 = VERTEX_POINT ( 'NONE', #1487 ) ;
#2144 = CIRCLE ( 'NONE', #85, 0.03000000000000002300 ) ;
#2145 = CARTESIAN_POINT ( 'NONE',  ( 0.9460000000000000600, 0.5999999999999999800, 0.5499999999999996000 ) ) ;
#2146 = EDGE_LOOP ( 'NONE', ( #2335, #2297, #2459, #1874 ) ) ;
#2147 = ORIENTED_EDGE ( 'NONE', *, *, #1847, .F. ) ;
#2148 = CARTESIAN_POINT ( 'NONE',  ( -0.9460000000000000600, 0.5699999999999999500, 0.6250000000000000000 ) ) ;
#2149 = PLANE ( 'NONE',  #220 ) ;
#2150 = ADVANCED_FACE ( 'NONE', ( #2967 ), #767, .T. ) ;
#2151 = COLOUR_RGB ( '',0.7921568627450980000, 0.8196078431372548800, 0.9333333333333333500 ) ;
#2152 = PRESENTATION_LAYER_ASSIGNMENT (  '', '', ( #2946 ) ) ;
#2153 = EDGE_CURVE ( 'NONE', #450, #519, #2895, .T. ) ;
#2154 = FACE_OUTER_BOUND ( 'NONE', #1647, .T. ) ;
#2155 = LINE ( 'NONE', #1379, #2279 ) ;
#2156 = CARTESIAN_POINT ( 'NONE',  ( 1.000000000000000000, 0.5999999999999999800, -0.2500000000000010500 ) ) ;
#2157 = AXIS2_PLACEMENT_3D ( 'NONE', #2925, #1313, #1787 ) ;
#2158 = LINE ( 'NONE', #2835, #2601 ) ;
#2159 = DIRECTION ( 'NONE',  ( -0.0000000000000000000, -1.000000000000000000, -0.0000000000000000000 ) ) ;
#2160 = CARTESIAN_POINT ( 'NONE',  ( 1.000000000000008400, 0.5999999999999999800, 0.2499999999999997800 ) ) ;
#2161 = CARTESIAN_POINT ( 'NONE',  ( -0.9460000000000000600, 0.5459999999999999300, 0.5500000000000002700 ) ) ;
#2162 = LINE ( 'NONE', #87, #2085 ) ;
#2163 = DIRECTION ( 'NONE',  ( 0.0000000000000000000, 0.0000000000000000000, -1.000000000000000000 ) ) ;
#2164 = APPLICATION_CONTEXT ( 'automotive_design' ) ;
#2165 = CARTESIAN_POINT ( 'NONE',  ( 0.9700000000000002000, 0.05400000000000001300, 0.6250000000000000000 ) ) ;
#2166 = CARTESIAN_POINT ( 'NONE',  ( 0.9460000000000000600, 0.5459999999999999300, -0.6009999999999999800 ) ) ;
#2167 = AXIS2_PLACEMENT_3D ( 'NONE', #1152, #907, #709 ) ;
#2168 = CARTESIAN_POINT ( 'NONE',  ( -0.9700000000000036400, 0.5699999999999999500, -0.2499999999999930600 ) ) ;
#2169 = DIRECTION ( 'NONE',  ( 1.694065894508597900E-015, -1.000000000000000000, 0.0000000000000000000 ) ) ;
#2170 = ORIENTED_EDGE ( 'NONE', *, *, #1542, .F. ) ;
#2171 = LINE ( 'NONE', #1545, #846 ) ;
#2172 = ORIENTED_EDGE ( 'NONE', *, *, #1728, .F. ) ;
#2173 = ORIENTED_EDGE ( 'NONE', *, *, #1112, .F. ) ;
#2174 = LINE ( 'NONE', #1816, #1730 ) ;
#2175 = VERTEX_POINT ( 'NONE', #2400 ) ;
#2176 = ADVANCED_FACE ( 'NONE', ( #462 ), #1357, .T. ) ;
#2177 = ORIENTED_EDGE ( 'NONE', *, *, #516, .F. ) ;
#2178 = VECTOR ( 'NONE', #2087, 1000.000000000000000 ) ;
#2179 = VERTEX_POINT ( 'NONE', #2850 ) ;
#2180 = PLANE ( 'NONE',  #27 ) ;
#2181 = CIRCLE ( 'NONE', #268, 0.03000000000000007900 ) ;
#2182 = DIRECTION ( 'NONE',  ( -0.0000000000000000000, 1.000000000000000000, -0.0000000000000000000 ) ) ;
#2183 = VECTOR ( 'NONE', #2163, 1000.000000000000000 ) ;
#2184 = EDGE_CURVE ( 'NONE', #2674, #1738, #2509, .T. ) ;
#2185 = CARTESIAN_POINT ( 'NONE',  ( 0.9999999999999915600, 0.5459999999999999300, -0.6250000000000002200 ) ) ;
#2186 = ORIENTED_EDGE ( 'NONE', *, *, #744, .F. ) ;
#2187 = VECTOR ( 'NONE', #1183, 1000.000000000000000 ) ;
#2188 = ORIENTED_EDGE ( 'NONE', *, *, #2931, .T. ) ;
#2189 = DIRECTION ( 'NONE',  ( -0.0000000000000000000, 0.0000000000000000000, 1.000000000000000000 ) ) ;
#2190 = CARTESIAN_POINT ( 'NONE',  ( 0.9460000000000000600, 0.03000000000000000900, 0.5499999999999992700 ) ) ;
#2191 = AXIS2_PLACEMENT_3D ( 'NONE', #1381, #2015, #1624 ) ;
#2192 = CARTESIAN_POINT ( 'NONE',  ( 0.9460000000000000600, 0.05400000000000001300, 0.6250000000000000000 ) ) ;
#2193 = CARTESIAN_POINT ( 'NONE',  ( -0.9460000000000000600, 0.5459999999999999300, 0.6009999999999999800 ) ) ;
#2194 = LINE ( 'NONE', #2587, #1578 ) ;
#2195 = ORIENTED_EDGE ( 'NONE', *, *, #2947, .T. ) ;
#2196 = AXIS2_PLACEMENT_3D ( 'NONE', #306, #528, #1464 ) ;
#2197 = ORIENTED_EDGE ( 'NONE', *, *, #2872, .T. ) ;
#2198 = EDGE_CURVE ( 'NONE', #1286, #2062, #987, .T. ) ;
#2199 = DIRECTION ( 'NONE',  ( 4.517509052022929600E-016, 0.0000000000000000000, 1.000000000000000000 ) ) ;
#2200 = VERTEX_POINT ( 'NONE', #1496 ) ;
#2201 = AXIS2_PLACEMENT_3D ( 'NONE', #390, #2677, #404 ) ;
#2202 = ORIENTED_EDGE ( 'NONE', *, *, #2044, .T. ) ;
#2203 = CYLINDRICAL_SURFACE ( 'NONE', #1305, 0.05400000000000001300 ) ;
#2204 = CARTESIAN_POINT ( 'NONE',  ( 0.9460000000000000600, 0.0000000000000000000, -0.6250000000000000000 ) ) ;
#2205 = ORIENTED_EDGE ( 'NONE', *, *, #2531, .T. ) ;
#2206 = CIRCLE ( 'NONE', #1116, 0.05400000000000001300 ) ;
#2207 = ORIENTED_EDGE ( 'NONE', *, *, #1342, .T. ) ;
#2208 = LINE ( 'NONE', #2875, #1523 ) ;
#2209 = ORIENTED_EDGE ( 'NONE', *, *, #2912, .T. ) ;
#2210 = CARTESIAN_POINT ( 'NONE',  ( -0.7300000000000002000, 0.5699999999999999500, -0.5200000000000002400 ) ) ;
#2211 = CARTESIAN_POINT ( 'NONE',  ( 0.7300000000000002000, 0.5699999999999999500, -0.2500000000000000000 ) ) ;
#2212 = FACE_OUTER_BOUND ( 'NONE', #352, .T. ) ;
#2213 = CARTESIAN_POINT ( 'NONE',  ( -0.7000000000000001800, 0.0000000000000000000, -0.5200000000000002400 ) ) ;
#2214 = CIRCLE ( 'NONE', #2410, 0.02400000000000004200 ) ;
#2215 = LINE ( 'NONE', #161, #43 ) ;
#2216 = FACE_OUTER_BOUND ( 'NONE', #1500, .T. ) ;
#2217 = AXIS2_PLACEMENT_3D ( 'NONE', #394, #2549, #1822 ) ;
#2218 = DIRECTION ( 'NONE',  ( -1.000000000000000000, 0.0000000000000000000, 0.0000000000000000000 ) ) ;
#2219 = CLOSED_SHELL ( 'NONE', ( #226, #2953, #2693, #194, #2236, #2296, #678, #164, #2893, #2027 ) ) ;
#2220 = ADVANCED_FACE ( 'NONE', ( #2229 ), #2866, .F. ) ;
#2221 = LINE ( 'NONE', #2779, #235 ) ;
#2222 = DIRECTION ( 'NONE',  ( 0.0000000000000000000, 0.0000000000000000000, -1.000000000000000000 ) ) ;
#2223 = ORIENTED_EDGE ( 'NONE', *, *, #899, .T. ) ;
#2224 = DIRECTION ( 'NONE',  ( -1.000000000000000000, 0.0000000000000000000, 0.0000000000000000000 ) ) ;
#2225 =( GEOMETRIC_REPRESENTATION_CONTEXT ( 3 ) GLOBAL_UNCERTAINTY_ASSIGNED_CONTEXT ( ( #270 ) ) GLOBAL_UNIT_ASSIGNED_CONTEXT ( ( #2808, #296, #527 ) ) REPRESENTATION_CONTEXT ( 'NONE', 'WORKASPACE' ) );
#2226 = EDGE_CURVE ( 'NONE', #1655, #2089, #1244, .T. ) ;
#2227 = ORIENTED_EDGE ( 'NONE', *, *, #1171, .F. ) ;
#2228 = DIRECTION ( 'NONE',  ( 1.000000000000000000, 6.985838740241651300E-018, 0.0000000000000000000 ) ) ;
#2229 = FACE_OUTER_BOUND ( 'NONE', #2885, .T. ) ;
#2230 = EDGE_CURVE ( 'NONE', #69, #1930, #2755, .T. ) ;
#2231 = EDGE_CURVE ( 'NONE', #2000, #2927, #1548, .T. ) ;
#2232 = ORIENTED_EDGE ( 'NONE', *, *, #1035, .F. ) ;
#2233 = LINE ( 'NONE', #457, #2336 ) ;
#2234 = ORIENTED_EDGE ( 'NONE', *, *, #2572, .T. ) ;
#2235 = ADVANCED_FACE ( 'NONE', ( #754 ), #955, .T. ) ;
#2236 = ADVANCED_FACE ( 'NONE', ( #1902 ), #807, .F. ) ;
#2237 = DIRECTION ( 'NONE',  ( -1.000000000000000000, 0.0000000000000000000, 0.0000000000000000000 ) ) ;
#2238 = DIRECTION ( 'NONE',  ( 1.000000000000000000, 0.0000000000000000000, -4.517509052022913800E-016 ) ) ;
#2239 = DIRECTION ( 'NONE',  ( -1.000000000000000000, 0.0000000000000000000, 0.0000000000000000000 ) ) ;
#2240 = AXIS2_PLACEMENT_3D ( 'NONE', #2772, #2121, #2338 ) ;
#2241 = VERTEX_POINT ( 'NONE', #2333 ) ;
#2242 = EDGE_LOOP ( 'NONE', ( #2362, #162, #449, #396, #2186, #1939 ) ) ;
#2243 = DIRECTION ( 'NONE',  ( 0.0000000000000000000, 0.0000000000000000000, -1.000000000000000000 ) ) ;
#2244 = LINE ( 'NONE', #468, #1000 ) ;
#2245 = CYLINDRICAL_SURFACE ( 'NONE', #1308, 0.02400000000000004200 ) ;
#2246 = CARTESIAN_POINT ( 'NONE',  ( 0.7000000000000083900, 0.5999999999999999800, 0.2799999999999989200 ) ) ;
#2247 = CARTESIAN_POINT ( 'NONE',  ( -0.7300000000000002000, 0.5999999999999999800, -0.5200000000000002400 ) ) ;
#2248 = CYLINDRICAL_SURFACE ( 'NONE', #2288, 0.02400000000000004200 ) ;
#2249 = CIRCLE ( 'NONE', #2568, 0.02999999999999997100 ) ;
#2250 = ADVANCED_FACE ( 'NONE', ( #2013 ), #2852, .T. ) ;
#2251 = ADVANCED_FACE ( 'NONE', ( #2687 ), #1473, .T. ) ;
#2252 = ORIENTED_EDGE ( 'NONE', *, *, #1717, .T. ) ;
#2253 = AXIS2_PLACEMENT_3D ( 'NONE', #2867, #1696, #92 ) ;
#2254 = DIRECTION ( 'NONE',  ( 4.517509052022929600E-016, 3.155858974501412100E-033, 1.000000000000000000 ) ) ;
#2255 = CARTESIAN_POINT ( 'NONE',  ( 0.9460000000000000600, 0.5699999999999999500, -0.2500000000000007800 ) ) ;
#2256 = ORIENTED_EDGE ( 'NONE', *, *, #516, .T. ) ;
#2257 = PLANE ( 'NONE',  #1014 ) ;
#2258 = DIRECTION ( 'NONE',  ( -1.000000000000000000, 0.0000000000000000000, 0.0000000000000000000 ) ) ;
#2259 = ORIENTED_EDGE ( 'NONE', *, *, #1920, .T. ) ;
#2260 = CARTESIAN_POINT ( 'NONE',  ( -1.000000000000000000, 0.5999999999999999800, -0.2499999999999997800 ) ) ;
#2261 = DIRECTION ( 'NONE',  ( 1.000000000000000000, 0.0000000000000000000, 0.0000000000000000000 ) ) ;
#2262 = CARTESIAN_POINT ( 'NONE',  ( 0.9700000000000002000, 0.5699999999999999500, -0.6010000000000000900 ) ) ;
#2263 = ORIENTED_EDGE ( 'NONE', *, *, #2671, .F. ) ;
#2264 = VECTOR ( 'NONE', #1096, 1000.000000000000000 ) ;
#2265 = VERTEX_POINT ( 'NONE', #2006 ) ;
#2266 = AXIS2_PLACEMENT_3D ( 'NONE', #920, #1418, #485 ) ;
#2267 = DIRECTION ( 'NONE',  ( 1.000000000000000000, 0.0000000000000000000, 0.0000000000000000000 ) ) ;
#2268 = EDGE_CURVE ( 'NONE', #1333, #971, #2098, .T. ) ;
#2269 = ORIENTED_EDGE ( 'NONE', *, *, #64, .F. ) ;
#2270 = CYLINDRICAL_SURFACE ( 'NONE', #2780, 0.02400000000000004200 ) ;
#2271 = DIRECTION ( 'NONE',  ( 0.0000000000000000000, 0.0000000000000000000, -1.000000000000000000 ) ) ;
#2272 = VERTEX_POINT ( 'NONE', #2461 ) ;
#2273 = CARTESIAN_POINT ( 'NONE',  ( 0.7299999999999999800, 0.5999999999999999800, -0.5200000000000011300 ) ) ;
#2274 = VERTEX_POINT ( 'NONE', #2016 ) ;
#2275 = AXIS2_PLACEMENT_3D ( 'NONE', #2842, #2367, #1710 ) ;
#2276 = VECTOR ( 'NONE', #125, 1000.000000000000000 ) ;
#2277 = ADVANCED_FACE ( 'NONE', ( #246 ), #628, .F. ) ;
#2278 = FACE_OUTER_BOUND ( 'NONE', #1964, .T. ) ;
#2279 = VECTOR ( 'NONE', #476, 1000.000000000000000 ) ;
#2280 = DIRECTION ( 'NONE',  ( 0.0000000000000000000, -1.000000000000000000, 0.0000000000000000000 ) ) ;
#2281 = UNCERTAINTY_MEASURE_WITH_UNIT (LENGTH_MEASURE( 1.000000000000000100E-005 ), #1127, 'distance_accuracy_value', 'NONE');
#2282 = VECTOR ( 'NONE', #171, 1000.000000000000000 ) ;
#2283 = CARTESIAN_POINT ( 'NONE',  ( 0.7300000000000084200, 0.5999999999999999800, 0.2499999999999988100 ) ) ;
#2284 = EDGE_CURVE ( 'NONE', #1448, #877, #2171, .T. ) ;
#2285 = EDGE_LOOP ( 'NONE', ( #286, #2757, #2170, #1973 ) ) ;
#2286 = ORIENTED_EDGE ( 'NONE', *, *, #204, .T. ) ;
#2287 = LINE ( 'NONE', #2774, #54 ) ;
#2288 = AXIS2_PLACEMENT_3D ( 'NONE', #1435, #1204, #267 ) ;
#2289 = DIRECTION ( 'NONE',  ( -0.0000000000000000000, -0.0000000000000000000, -1.000000000000000000 ) ) ;
#2290 = ADVANCED_FACE ( 'NONE', ( #1866 ), #1772, .F. ) ;
#2291 = CARTESIAN_POINT ( 'NONE',  ( 0.7300000000000084200, 0.5999999999999999800, 0.5200000000000000200 ) ) ;
#2292 = ORIENTED_EDGE ( 'NONE', *, *, #110, .F. ) ;
#2293 = DIRECTION ( 'NONE',  ( 0.0000000000000000000, 1.000000000000000000, -0.0000000000000000000 ) ) ;
#2294 = ADVANCED_FACE ( 'NONE', ( #137 ), #139, .F. ) ;
#2295 = CARTESIAN_POINT ( 'NONE',  ( -0.9460000000000000600, 0.0000000000000000000, 0.6009999999999999800 ) ) ;
#2296 = ADVANCED_FACE ( 'NONE', ( #913 ), #417, .F. ) ;
#2297 = ORIENTED_EDGE ( 'NONE', *, *, #2671, .T. ) ;
#2298 = CYLINDRICAL_SURFACE ( 'NONE', #842, 0.02999999999999997100 ) ;
#2299 = CARTESIAN_POINT ( 'NONE',  ( 0.9700000000000002000, 0.5459999999999999300, 0.2499999999999996700 ) ) ;
#2300 = VERTEX_POINT ( 'NONE', #2505 ) ;
#2301 = FACE_OUTER_BOUND ( 'NONE', #2692, .T. ) ;
#2302 = ORIENTED_EDGE ( 'NONE', *, *, #808, .T. ) ;
#2303 = DIRECTION ( 'NONE',  ( -0.0000000000000000000, -0.0000000000000000000, 1.000000000000000000 ) ) ;
#2304 = DIRECTION ( 'NONE',  ( 1.000000000000000000, 0.0000000000000000000, -0.0000000000000000000 ) ) ;
#2305 = CARTESIAN_POINT ( 'NONE',  ( -0.9460000000000000600, 0.5699999999999999500, -0.2499999999999997800 ) ) ;
#2306 = ORIENTED_EDGE ( 'NONE', *, *, #2391, .T. ) ;
#2307 = FACE_OUTER_BOUND ( 'NONE', #68, .T. ) ;
#2308 = ORIENTED_EDGE ( 'NONE', *, *, #786, .T. ) ;
#2309 = AXIS2_PLACEMENT_3D ( 'NONE', #1831, #688, #452 ) ;
#2310 = ADVANCED_FACE ( 'NONE', ( #2540 ), #2257, .T. ) ;
#2311 = FILL_AREA_STYLE ('',( #2565 ) ) ;
#2312 = DIRECTION ( 'NONE',  ( 4.517509052022913800E-016, 0.0000000000000000000, 1.000000000000000000 ) ) ;
#2313 = CARTESIAN_POINT ( 'NONE',  ( -0.7300000000000003200, 0.0000000000000000000, -0.5500000000000002700 ) ) ;
#2314 = CIRCLE ( 'NONE', #128, 0.02400000000000004200 ) ;
#2315 = DIRECTION ( 'NONE',  ( 4.517509052022929600E-016, 3.155858974501412100E-033, 1.000000000000000000 ) ) ;
#2316 = FACE_OUTER_BOUND ( 'NONE', #2072, .T. ) ;
#2317 = DIRECTION ( 'NONE',  ( -1.000000000000000000, -0.0000000000000000000, -0.0000000000000000000 ) ) ;
#2318 = EDGE_CURVE ( 'NONE', #2179, #1857, #285, .T. ) ;
#2319 = DIRECTION ( 'NONE',  ( -1.000000000000000000, -6.985838740241651300E-018, 6.023345402697249900E-016 ) ) ;
#2320 = VECTOR ( 'NONE', #2567, 1000.000000000000000 ) ;
#2321 = ORIENTED_EDGE ( 'NONE', *, *, #97, .T. ) ;
#2322 = EDGE_LOOP ( 'NONE', ( #566, #1549, #598, #2625, #58, #1462 ) ) ;
#2323 = CARTESIAN_POINT ( 'NONE',  ( -0.9999999999999915600, 0.5459999999999999300, 0.5500000000000002700 ) ) ;
#2324 = DIRECTION ( 'NONE',  ( -1.000000000000000000, 0.0000000000000000000, 0.0000000000000000000 ) ) ;
#2325 = CARTESIAN_POINT ( 'NONE',  ( -0.9460000000000000600, 0.5459999999999999300, 0.2499999999999997800 ) ) ;
#2326 = DIRECTION ( 'NONE',  ( 4.015563601798166900E-015, -0.0000000000000000000, 1.000000000000000000 ) ) ;
#2327 = AXIS2_PLACEMENT_3D ( 'NONE', #2684, #2238, #389 ) ;
#2328 = DIRECTION ( 'NONE',  ( -1.000000000000000000, 0.0000000000000000000, 4.517509052022927000E-015 ) ) ;
#2329 = EDGE_CURVE ( 'NONE', #945, #2790, #716, .T. ) ;
#2330 = AXIS2_PLACEMENT_3D ( 'NONE', #949, #838, #1353 ) ;
#2331 = DIRECTION ( 'NONE',  ( -0.0000000000000000000, 1.000000000000000000, -0.0000000000000000000 ) ) ;
#2332 = ORIENTED_EDGE ( 'NONE', *, *, #1071, .T. ) ;
#2333 = CARTESIAN_POINT ( 'NONE',  ( 0.7300000000000002000, 0.0000000000000000000, -0.2500000000000000000 ) ) ;
#2334 = DIRECTION ( 'NONE',  ( 1.000000000000000000, 0.0000000000000000000, 0.0000000000000000000 ) ) ;
#2335 = ORIENTED_EDGE ( 'NONE', *, *, #635, .F. ) ;
#2336 = VECTOR ( 'NONE', #1141, 1000.000000000000000 ) ;
#2337 = ORIENTED_EDGE ( 'NONE', *, *, #48, .T. ) ;
#2338 = DIRECTION ( 'NONE',  ( 1.000000000000000000, 0.0000000000000000000, -0.0000000000000000000 ) ) ;
#2339 = ORIENTED_EDGE ( 'NONE', *, *, #1803, .F. ) ;
#2340 = DIRECTION ( 'NONE',  ( -1.000000000000000000, 0.0000000000000000000, 0.0000000000000000000 ) ) ;
#2341 = VECTOR ( 'NONE', #2254, 1000.000000000000000 ) ;
#2342 = AXIS2_PLACEMENT_3D ( 'NONE', #911, #2534, #1124 ) ;
#2343 = EDGE_CURVE ( 'NONE', #1976, #444, #357, .T. ) ;
#2344 = ORIENTED_EDGE ( 'NONE', *, *, #1975, .T. ) ;
#2345 = CIRCLE ( 'NONE', #173, 0.02400000000000004200 ) ;
#2346 = DIRECTION ( 'NONE',  ( -1.000000000000000000, 0.0000000000000000000, -3.614007241618347600E-015 ) ) ;
#2347 = DIRECTION ( 'NONE',  ( 0.0000000000000000000, 0.0000000000000000000, -1.000000000000000000 ) ) ;
#2348 = DIRECTION ( 'NONE',  ( 1.000000000000000000, 0.0000000000000000000, 4.015563601798163700E-015 ) ) ;
#2349 = LINE ( 'NONE', #612, #926 ) ;
#2350 = AXIS2_PLACEMENT_3D ( 'NONE', #1716, #2620, #805 ) ;
#2351 = DIRECTION ( 'NONE',  ( -0.0000000000000000000, -0.0000000000000000000, 1.000000000000000000 ) ) ;
#2352 = FACE_OUTER_BOUND ( 'NONE', #1909, .T. ) ;
#2353 = DIRECTION ( 'NONE',  ( 0.0000000000000000000, 0.0000000000000000000, -1.000000000000000000 ) ) ;
#2354 = SPHERICAL_SURFACE ( 'NONE', #2217, 0.02400000000000000000 ) ;
#2355 = ORIENTED_EDGE ( 'NONE', *, *, #325, .F. ) ;
#2356 = PLANE ( 'NONE',  #2832 ) ;
#2357 = VECTOR ( 'NONE', #44, 1000.000000000000000 ) ;
#2358 = ORIENTED_EDGE ( 'NONE', *, *, #2815, .F. ) ;
#2359 = CARTESIAN_POINT ( 'NONE',  ( -1.000000000000000000, 0.5999999999999999800, -0.2499999999999997800 ) ) ;
#2360 = CARTESIAN_POINT ( 'NONE',  ( -0.9460000000000000600, 0.05399999999999995800, -0.5500000000000002700 ) ) ;
#2361 = CARTESIAN_POINT ( 'NONE',  ( -0.9459999999999915100, 0.0000000000000000000, 0.2499999999999997800 ) ) ;
#2362 = ORIENTED_EDGE ( 'NONE', *, *, #1919, .F. ) ;
#2363 = VERTEX_POINT ( 'NONE', #434 ) ;
#2364 = EDGE_LOOP ( 'NONE', ( #2368, #2511, #2286, #2057 ) ) ;
#2365 = CARTESIAN_POINT ( 'NONE',  ( -0.9700000000000002000, 0.02999999999999995700, -0.5500000000000002700 ) ) ;
#2366 = EDGE_CURVE ( 'NONE', #1026, #2602, #2616, .T. ) ;
#2367 = DIRECTION ( 'NONE',  ( 0.0000000000000000000, -1.000000000000000000, 0.0000000000000000000 ) ) ;
#2368 = ORIENTED_EDGE ( 'NONE', *, *, #435, .T. ) ;
#2369 = VERTEX_POINT ( 'NONE', #2735 ) ;
#2370 = FACE_OUTER_BOUND ( 'NONE', #2754, .T. ) ;
#2371 = CARTESIAN_POINT ( 'NONE',  ( 0.7300000000000002000, 0.5999999999999999800, -0.2500000000000000000 ) ) ;
#2372 = DIRECTION ( 'NONE',  ( 0.0000000000000000000, 0.0000000000000000000, -1.000000000000000000 ) ) ;
#2373 = ADVANCED_BREP_SHAPE_REPRESENTATION ( 'EXC34CE121U', ( #1533, #592, #1877, #2414, #1239, #630 ), #2225 ) ;
#2374 = EDGE_LOOP ( 'NONE', ( #1031, #213, #1441, #1966 ) ) ;
#2375 = FACE_OUTER_BOUND ( 'NONE', #2823, .T. ) ;
#2376 = ORIENTED_EDGE ( 'NONE', *, *, #857, .T. ) ;
#2377 = DIRECTION ( 'NONE',  ( 1.000000000000000000, 6.985838740241651300E-018, 3.614007241618347600E-015 ) ) ;
#2378 = PLANE ( 'NONE',  #1497 ) ;
#2379 = EDGE_LOOP ( 'NONE', ( #1522, #2358, #103, #997 ) ) ;
#2380 = FACE_OUTER_BOUND ( 'NONE', #364, .T. ) ;
#2381 = ORIENTED_EDGE ( 'NONE', *, *, #371, .F. ) ;
#2382 = CARTESIAN_POINT ( 'NONE',  ( 0.7300000000000000900, 0.0000000000000000000, -0.5500000000000012700 ) ) ;
#2383 = DIRECTION ( 'NONE',  ( -0.0000000000000000000, -0.0000000000000000000, 1.000000000000000000 ) ) ;
#2384 = FACE_OUTER_BOUND ( 'NONE', #1144, .T. ) ;
#2385 = ORIENTED_EDGE ( 'NONE', *, *, #2533, .T. ) ;
#2386 = EDGE_CURVE ( 'NONE', #2943, #2424, #100, .T. ) ;
#2387 = EDGE_CURVE ( 'NONE', #1692, #2623, #211, .T. ) ;
#2388 = DIRECTION ( 'NONE',  ( 0.0000000000000000000, -1.000000000000000000, 0.0000000000000000000 ) ) ;
#2389 = DIRECTION ( 'NONE',  ( 0.0000000000000000000, 1.000000000000000000, -0.0000000000000000000 ) ) ;
#2390 = CARTESIAN_POINT ( 'NONE',  ( -1.000000000000000000, 0.5999999999999999800, -0.2499999999999997800 ) ) ;
#2391 = EDGE_CURVE ( 'NONE', #1276, #464, #2583, .T. ) ;
#2392 = LINE ( 'NONE', #582, #407 ) ;
#2393 = CARTESIAN_POINT ( 'NONE',  ( -0.7299999999999917700, 0.0000000000000000000, 0.5200000000000000200 ) ) ;
#2394 = PRESENTATION_LAYER_ASSIGNMENT (  '', '', ( #1565 ) ) ;
#2395 = DIRECTION ( 'NONE',  ( 0.0000000000000000000, 0.0000000000000000000, -1.000000000000000000 ) ) ;
#2396 = VECTOR ( 'NONE', #2874, 1000.000000000000000 ) ;
#2397 = CARTESIAN_POINT ( 'NONE',  ( -0.7299999999999919900, 0.5999999999999999800, 0.2499999999999997800 ) ) ;
#2398 = DIRECTION ( 'NONE',  ( 0.0000000000000000000, -0.0000000000000000000, -1.000000000000000000 ) ) ;
#2399 = ORIENTED_EDGE ( 'NONE', *, *, #363, .T. ) ;
#2400 = CARTESIAN_POINT ( 'NONE',  ( 0.7000000000000085000, 0.5999999999999999800, 0.5200000000000000200 ) ) ;
#2401 = CARTESIAN_POINT ( 'NONE',  ( 0.9460000000000000600, 0.5699999999999999500, 0.5499999999999992700 ) ) ;
#2402 = PLANE ( 'NONE',  #867 ) ;
#2403 = ORIENTED_EDGE ( 'NONE', *, *, #1880, .F. ) ;
#2404 = AXIS2_PLACEMENT_3D ( 'NONE', #2918, #1781, #2651 ) ;
#2405 = VERTEX_POINT ( 'NONE', #1078 ) ;
#2406 = ORIENTED_EDGE ( 'NONE', *, *, #1804, .T. ) ;
#2407 = DIRECTION ( 'NONE',  ( 1.000000000000000000, 0.0000000000000000000, 4.015563601798163700E-015 ) ) ;
#2408 = DIRECTION ( 'NONE',  ( 4.517509052022913800E-016, 0.0000000000000000000, 1.000000000000000000 ) ) ;
#2409 = DIRECTION ( 'NONE',  ( -1.000000000000000000, 0.0000000000000000000, 0.0000000000000000000 ) ) ;
#2410 = AXIS2_PLACEMENT_3D ( 'NONE', #2193, #2409, #1455 ) ;
#2411 = EDGE_LOOP ( 'NONE', ( #2376, #2900, #1678, #1345 ) ) ;
#2412 = DIRECTION ( 'NONE',  ( 1.000000000000000000, 0.0000000000000000000, -4.015563601798168800E-016 ) ) ;
#2413 = CARTESIAN_POINT ( 'NONE',  ( -0.7300000000000000900, 0.5999999999999999800, -0.2799999999999999700 ) ) ;
#2414 = MANIFOLD_SOLID_BREP ( 'Cut-Extrude2[3]', #2564 ) ;
#2415 = VERTEX_POINT ( 'NONE', #1569 ) ;
#2416 = ORIENTED_EDGE ( 'NONE', *, *, #735, .F. ) ;
#2417 = CIRCLE ( 'NONE', #239, 0.02400000000000004200 ) ;
#2418 = EDGE_CURVE ( 'NONE', #252, #1801, #156, .T. ) ;
#2419 = ORIENTED_EDGE ( 'NONE', *, *, #379, .F. ) ;
#2420 = VECTOR ( 'NONE', #2079, 1000.000000000000000 ) ;
#2421 = DIRECTION ( 'NONE',  ( -1.000000000000000000, 0.0000000000000000000, 0.0000000000000000000 ) ) ;
#2422 = DIRECTION ( 'NONE',  ( -0.0000000000000000000, -1.000000000000000000, -0.0000000000000000000 ) ) ;
#2423 = CIRCLE ( 'NONE', #368, 0.02999999999999997100 ) ;
#2424 = VERTEX_POINT ( 'NONE', #240 ) ;
#2425 = LINE ( 'NONE', #707, #1988 ) ;
#2426 = CARTESIAN_POINT ( 'NONE',  ( 0.9460000000000000600, 0.5459999999999999300, 0.5499999999999992700 ) ) ;
#2427 = AXIS2_PLACEMENT_3D ( 'NONE', #1610, #470, #2261 ) ;
#2428 = EDGE_CURVE ( 'NONE', #2645, #2686, #861, .T. ) ;
#2429 = EDGE_LOOP ( 'NONE', ( #491, #1156, #1356, #991 ) ) ;
#2430 = CARTESIAN_POINT ( 'NONE',  ( -0.7000000000000000700, 0.02999999999999997100, -0.2799999999999999700 ) ) ;
#2431 = CARTESIAN_POINT ( 'NONE',  ( 0.7000000000000083900, 0.0000000000000000000, 0.2799999999999989200 ) ) ;
#2432 = CARTESIAN_POINT ( 'NONE',  ( 0.9459999999999915100, 0.05400000000000001300, 0.5499999999999993800 ) ) ;
#2433 = EDGE_CURVE ( 'NONE', #426, #1263, #2249, .T. ) ;
#2434 = ORIENTED_EDGE ( 'NONE', *, *, #647, .T. ) ;
#2435 = VECTOR ( 'NONE', #1623, 1000.000000000000000 ) ;
#2436 = AXIS2_PLACEMENT_3D ( 'NONE', #2799, #2091, #702 ) ;
#2437 = CARTESIAN_POINT ( 'NONE',  ( 0.7000000000000085000, 0.02999999999999996800, 0.6249999999999992200 ) ) ;
#2438 = ORIENTED_EDGE ( 'NONE', *, *, #321, .F. ) ;
#2439 = VECTOR ( 'NONE', #1163, 1000.000000000000000 ) ;
#2440 = ORIENTED_EDGE ( 'NONE', *, *, #2153, .F. ) ;
#2441 = CARTESIAN_POINT ( 'NONE',  ( 0.9460000000000000600, 0.05399999999999997200, 0.6009999999999999800 ) ) ;
#2442 = AXIS2_PLACEMENT_3D ( 'NONE', #153, #618, #1296 ) ;
#2443 = ORIENTED_EDGE ( 'NONE', *, *, #1402, .F. ) ;
#2444 = EDGE_CURVE ( 'NONE', #2122, #450, #483, .T. ) ;
#2445 = PRODUCT_DEFINITION_CONTEXT ( 'detailed design', #2164, 'design' ) ;
#2446 = AXIS2_PLACEMENT_3D ( 'NONE', #1177, #275, #1891 ) ;
#2447 = EDGE_LOOP ( 'NONE', ( #2030, #652, #910, #2355 ) ) ;
#2448 = CYLINDRICAL_SURFACE ( 'NONE', #2342, 0.02999999999999997100 ) ;
#2449 = DIRECTION ( 'NONE',  ( 0.0000000000000000000, 0.0000000000000000000, -1.000000000000000000 ) ) ;
#2450 = CARTESIAN_POINT ( 'NONE',  ( 0.9700000000000002000, 0.5699999999999999500, 0.6250000000000000000 ) ) ;
#2451 = ORIENTED_EDGE ( 'NONE', *, *, #2230, .F. ) ;
#2452 = SURFACE_STYLE_FILL_AREA ( #2751 ) ;
#2453 = ORIENTED_EDGE ( 'NONE', *, *, #472, .T. ) ;
#2454 = CARTESIAN_POINT ( 'NONE',  ( -0.9459999999999915100, 0.5459999999999999300, -0.6250000000000002200 ) ) ;
#2455 = EDGE_LOOP ( 'NONE', ( #2419, #1581, #1838, #1417 ) ) ;
#2456 = VECTOR ( 'NONE', #1461, 1000.000000000000000 ) ;
#2457 = DIRECTION ( 'NONE',  ( -0.0000000000000000000, -0.0000000000000000000, 1.000000000000000000 ) ) ;
#2458 = VECTOR ( 'NONE', #353, 1000.000000000000000 ) ;
#2459 = ORIENTED_EDGE ( 'NONE', *, *, #2921, .F. ) ;
#2460 = FACE_OUTER_BOUND ( 'NONE', #2099, .T. ) ;
#2461 = CARTESIAN_POINT ( 'NONE',  ( -0.9999999999999915600, 0.05400000000000001300, -0.2499999999999997800 ) ) ;
#2462 = AXIS2_PLACEMENT_3D ( 'NONE', #667, #2708, #1799 ) ;
#2463 = LINE ( 'NONE', #2262, #1445 ) ;
#2464 = FACE_OUTER_BOUND ( 'NONE', #1433, .T. ) ;
#2465 = AXIS2_PLACEMENT_3D ( 'NONE', #2559, #2142, #1404 ) ;
#2466 = CARTESIAN_POINT ( 'NONE',  ( -0.9459999999999915100, 0.0000000000000000000, -0.6250000000000002200 ) ) ;
#2467 = DIRECTION ( 'NONE',  ( 0.0000000000000000000, 0.0000000000000000000, -1.000000000000000000 ) ) ;
#2468 = EDGE_CURVE ( 'NONE', #2054, #2849, #84, .T. ) ;
#2469 = EDGE_LOOP ( 'NONE', ( #2501, #90, #1089, #2690 ) ) ;
#2470 = DIRECTION ( 'NONE',  ( -1.000000000000000000, 0.0000000000000000000, 4.015563601798165300E-015 ) ) ;
#2471 = ORIENTED_EDGE ( 'NONE', *, *, #2042, .T. ) ;
#2472 = ADVANCED_FACE ( 'NONE', ( #2464 ), #2848, .T. ) ;
#2473 = DIRECTION ( 'NONE',  ( 0.0000000000000000000, -1.000000000000000000, 0.0000000000000000000 ) ) ;
#2474 = ORIENTED_EDGE ( 'NONE', *, *, #925, .T. ) ;
#2475 = CARTESIAN_POINT ( 'NONE',  ( -0.7300000000000000900, 0.0000000000000000000, -0.2799999999999999700 ) ) ;
#2476 = DIRECTION ( 'NONE',  ( 0.0000000000000000000, -1.000000000000000000, 0.0000000000000000000 ) ) ;
#2477 = FACE_OUTER_BOUND ( 'NONE', #2586, .T. ) ;
#2478 = EDGE_CURVE ( 'NONE', #1976, #2415, #896, .T. ) ;
#2479 = ORIENTED_EDGE ( 'NONE', *, *, #1018, .T. ) ;
#2480 = VERTEX_POINT ( 'NONE', #301 ) ;
#2481 = DIRECTION ( 'NONE',  ( 3.614007241618347600E-015, -0.0000000000000000000, -1.000000000000000000 ) ) ;
#2482 = AXIS2_PLACEMENT_3D ( 'NONE', #195, #2050, #489 ) ;
#2483 = EDGE_LOOP ( 'NONE', ( #1045, #1246, #1498, #398 ) ) ;
#2484 = LINE ( 'NONE', #1311, #214 ) ;
#2485 = DIRECTION ( 'NONE',  ( 0.0000000000000000000, -1.000000000000000000, 0.0000000000000000000 ) ) ;
#2486 = ADVANCED_FACE ( 'NONE', ( #10 ), #952, .F. ) ;
#2487 = LINE ( 'NONE', #538, #2456 ) ;
#2488 = VERTEX_POINT ( 'NONE', #1648 ) ;
#2489 = CIRCLE ( 'NONE', #1003, 0.02999999999999997100 ) ;
#2490 = DIRECTION ( 'NONE',  ( -0.0000000000000000000, 1.000000000000000000, -0.0000000000000000000 ) ) ;
#2491 = CIRCLE ( 'NONE', #1981, 0.05400000000000001300 ) ;
#2492 = ORIENTED_EDGE ( 'NONE', *, *, #1519, .F. ) ;
#2493 = LINE ( 'NONE', #493, #2949 ) ;
#2494 = MECHANICAL_DESIGN_GEOMETRIC_PRESENTATION_REPRESENTATION (  '', ( #2946 ), #2642 ) ;
#2495 = EDGE_CURVE ( 'NONE', #1661, #1333, #1297, .T. ) ;
#2496 = ADVANCED_FACE ( 'NONE', ( #2529 ), #1201, .F. ) ;
#2497 = CARTESIAN_POINT ( 'NONE',  ( 0.7000000000000085000, 0.5999999999999999800, 0.5200000000000000200 ) ) ;
#2498 = DIRECTION ( 'NONE',  ( 0.0000000000000000000, 0.0000000000000000000, 1.000000000000000000 ) ) ;
#2499 = VECTOR ( 'NONE', #1684, 1000.000000000000000 ) ;
#2500 = VERTEX_POINT ( 'NONE', #66 ) ;
#2501 = ORIENTED_EDGE ( 'NONE', *, *, #321, .T. ) ;
#2502 = EDGE_CURVE ( 'NONE', #2369, #2424, #1042, .T. ) ;
#2503 = ORIENTED_EDGE ( 'NONE', *, *, #531, .T. ) ;
#2504 = DIRECTION ( 'NONE',  ( 0.0000000000000000000, 0.0000000000000000000, -1.000000000000000000 ) ) ;
#2505 = CARTESIAN_POINT ( 'NONE',  ( 0.9700000000000002000, 0.05400000000000001300, -0.5500000000000003800 ) ) ;
#2506 = CARTESIAN_POINT ( 'NONE',  ( -0.6999999999999996200, 0.02999999999999996100, 0.6249999999999998900 ) ) ;
#2507 = ORIENTED_EDGE ( 'NONE', *, *, #2644, .T. ) ;
#2508 = CARTESIAN_POINT ( 'NONE',  ( -0.7299999999999918800, 0.5699999999999999500, 0.5500000000000001600 ) ) ;
#2509 = LINE ( 'NONE', #795, #1618 ) ;
#2510 = EDGE_CURVE ( 'NONE', #1339, #1826, #560, .T. ) ;
#2511 = ORIENTED_EDGE ( 'NONE', *, *, #2579, .F. ) ;
#2512 = LINE ( 'NONE', #367, #2420 ) ;
#2513 = ORIENTED_EDGE ( 'NONE', *, *, #478, .F. ) ;
#2514 = CARTESIAN_POINT ( 'NONE',  ( 0.9460000000000000600, 0.02999999999999997100, -0.6010000000000000900 ) ) ;
#2515 = VERTEX_POINT ( 'NONE', #2802 ) ;
#2516 = DIRECTION ( 'NONE',  ( 1.000000000000000000, 0.0000000000000000000, 4.517509052022927000E-015 ) ) ;
#2517 = LINE ( 'NONE', #1142, #2264 ) ;
#2518 = ADVANCED_FACE ( 'NONE', ( #303 ), #2356, .F. ) ;
#2519 = CIRCLE ( 'NONE', #1657, 0.05400000000000001300 ) ;
#2520 = EDGE_CURVE ( 'NONE', #1659, #143, #1374, .T. ) ;
#2521 = DIRECTION ( 'NONE',  ( -0.0000000000000000000, 1.000000000000000000, -0.0000000000000000000 ) ) ;
#2522 = CARTESIAN_POINT ( 'NONE',  ( -0.9700000000000002000, 0.5699999999999999500, 0.6250000000000000000 ) ) ;
#2523 = CYLINDRICAL_SURFACE ( 'NONE', #2742, 0.02400000000000004200 ) ;
#2524 = DIRECTION ( 'NONE',  ( 0.0000000000000000000, 0.0000000000000000000, -1.000000000000000000 ) ) ;
#2525 = LINE ( 'NONE', #1611, #559 ) ;
#2526 = DIRECTION ( 'NONE',  ( -4.517509052022927000E-015, 0.0000000000000000000, -1.000000000000000000 ) ) ;
#2527 = CARTESIAN_POINT ( 'NONE',  ( -0.9460000000000000600, 0.05399999999999995800, 0.6009999999999999800 ) ) ;
#2528 = ORIENTED_EDGE ( 'NONE', *, *, #2502, .F. ) ;
#2529 = FACE_OUTER_BOUND ( 'NONE', #658, .T. ) ;
#2530 = CARTESIAN_POINT ( 'NONE',  ( 0.7000000000000002900, 0.5699999999999999500, 0.6249999999999992200 ) ) ;
#2531 = EDGE_CURVE ( 'NONE', #1263, #1137, #1924, .T. ) ;
#2532 = DIRECTION ( 'NONE',  ( 0.0000000000000000000, 0.0000000000000000000, 1.000000000000000000 ) ) ;
#2533 = EDGE_CURVE ( 'NONE', #2300, #397, #228, .T. ) ;
#2534 = DIRECTION ( 'NONE',  ( 0.0000000000000000000, -1.000000000000000000, 0.0000000000000000000 ) ) ;
#2535 = AXIS2_PLACEMENT_3D ( 'NONE', #2810, #1926, #2627 ) ;
#2536 = VERTEX_POINT ( 'NONE', #1225 ) ;
#2537 = CARTESIAN_POINT ( 'NONE',  ( -0.9700000000000002000, 0.05400000000000001300, 0.6250000000000000000 ) ) ;
#2538 = DIRECTION ( 'NONE',  ( -4.517509052022929600E-016, -0.0000000000000000000, -1.000000000000000000 ) ) ;
#2539 = ORIENTED_EDGE ( 'NONE', *, *, #1159, .T. ) ;
#2540 = FACE_OUTER_BOUND ( 'NONE', #1437, .T. ) ;
#2541 = CARTESIAN_POINT ( 'NONE',  ( 0.9700000000000002000, 0.5459999999999999300, 0.6009999999999999800 ) ) ;
#2542 = DIRECTION ( 'NONE',  ( 1.000000000000000000, 0.0000000000000000000, 0.0000000000000000000 ) ) ;
#2543 = ORIENTED_EDGE ( 'NONE', *, *, #2767, .T. ) ;
#2544 = AXIS2_PLACEMENT_3D ( 'NONE', #2922, #2082, #1383 ) ;
#2545 = ORIENTED_EDGE ( 'NONE', *, *, #2629, .F. ) ;
#2546 = CIRCLE ( 'NONE', #2752, 0.02400000000000004200 ) ;
#2547 = ORIENTED_EDGE ( 'NONE', *, *, #2284, .T. ) ;
#2548 =( LENGTH_UNIT ( ) NAMED_UNIT ( * ) SI_UNIT ( .MILLI., .METRE. ) );
#2549 = DIRECTION ( 'NONE',  ( 0.0000000000000000000, 1.000000000000000000, 0.0000000000000000000 ) ) ;
#2550 = CARTESIAN_POINT ( 'NONE',  ( 0.7000000000000085000, 0.5699999999999999500, 0.5200000000000000200 ) ) ;
#2551 = VERTEX_POINT ( 'NONE', #1215 ) ;
#2552 = FACE_OUTER_BOUND ( 'NONE', #504, .T. ) ;
#2553 = CARTESIAN_POINT ( 'NONE',  ( -0.9459999999999915100, 0.05400000000000001300, 0.2499999999999997800 ) ) ;
#2554 = VECTOR ( 'NONE', #269, 1000.000000000000000 ) ;
#2555 = CARTESIAN_POINT ( 'NONE',  ( 0.7300000000000000900, 0.5999999999999999800, -0.5500000000000012700 ) ) ;
#2556 = CIRCLE ( 'NONE', #2253, 0.02400000000000004200 ) ;
#2557 = EDGE_CURVE ( 'NONE', #143, #2786, #700, .T. ) ;
#2558 = CARTESIAN_POINT ( 'NONE',  ( 0.7300000000000000900, 0.5699999999999999500, -0.2799999999999999700 ) ) ;
#2559 = CARTESIAN_POINT ( 'NONE',  ( -0.7299999999999917700, 0.5699999999999999500, 0.5200000000000000200 ) ) ;
#2560 = CIRCLE ( 'NONE', #2049, 0.02400000000000004200 ) ;
#2561 = PLANE ( 'NONE',  #1753 ) ;
#2562 = CARTESIAN_POINT ( 'NONE',  ( 1.000000000000008400, 0.5999999999999999800, 0.2499999999999997800 ) ) ;
#2563 = LINE ( 'NONE', #677, #2670 ) ;
#2564 = CLOSED_SHELL ( 'NONE', ( #603, #437, #1110, #2290, #387, #1227, #242, #1693, #1484, #1825 ) ) ;
#2565 = FILL_AREA_STYLE_COLOUR ( '', #2151 ) ;
#2566 = DIRECTION ( 'NONE',  ( 0.0000000000000000000, 0.0000000000000000000, -1.000000000000000000 ) ) ;
#2567 = DIRECTION ( 'NONE',  ( -0.0000000000000000000, -0.0000000000000000000, 1.000000000000000000 ) ) ;
#2568 = AXIS2_PLACEMENT_3D ( 'NONE', #1853, #2521, #262 ) ;
#2569 = EDGE_CURVE ( 'NONE', #288, #2200, #2158, .T. ) ;
#2570 = VERTEX_POINT ( 'NONE', #1469 ) ;
#2571 = EDGE_CURVE ( 'NONE', #1423, #2179, #1226, .T. ) ;
#2572 = EDGE_CURVE ( 'NONE', #2480, #945, #342, .T. ) ;
#2573 = ORIENTED_EDGE ( 'NONE', *, *, #363, .F. ) ;
#2574 = CARTESIAN_POINT ( 'NONE',  ( 0.9460000000000000600, 0.02999999999999997100, 0.6009999999999999800 ) ) ;
#2575 = SURFACE_STYLE_USAGE ( .BOTH. , #284 ) ;
#2576 = AXIS2_PLACEMENT_3D ( 'NONE', #465, #1615, #701 ) ;
#2577 = ORIENTED_EDGE ( 'NONE', *, *, #1319, .T. ) ;
#2578 = DIRECTION ( 'NONE',  ( 0.0000000000000000000, -1.000000000000000000, 0.0000000000000000000 ) ) ;
#2579 = EDGE_CURVE ( 'NONE', #1641, #1472, #771, .T. ) ;
#2580 = PLANE ( 'NONE',  #1138 ) ;
#2581 = CARTESIAN_POINT ( 'NONE',  ( -1.000000000000000000, 0.0000000000000000000, -0.5500000000000002700 ) ) ;
#2582 = ORIENTED_EDGE ( 'NONE', *, *, #1017, .T. ) ;
#2583 = LINE ( 'NONE', #2699, #1277 ) ;
#2584 = VERTEX_POINT ( 'NONE', #1501 ) ;
#2585 = CARTESIAN_POINT ( 'NONE',  ( -0.7000000000000000700, 0.5699999999999999500, -0.2799999999999999700 ) ) ;
#2586 = EDGE_LOOP ( 'NONE', ( #2306, #1690, #206, #546 ) ) ;
#2587 = CARTESIAN_POINT ( 'NONE',  ( -0.9999999999999915600, 0.5459999999999999300, -0.6250000000000002200 ) ) ;
#2588 = VECTOR ( 'NONE', #2312, 1000.000000000000000 ) ;
#2589 = EDGE_CURVE ( 'NONE', #2610, #2480, #1150, .T. ) ;
#2590 = ORIENTED_EDGE ( 'NONE', *, *, #2071, .T. ) ;
#2591 = VECTOR ( 'NONE', #2449, 1000.000000000000000 ) ;
#2592 = ADVANCED_FACE ( 'NONE', ( #2216 ), #1711, .T. ) ;
#2593 = ADVANCED_FACE ( 'NONE', ( #2809 ), #126, .F. ) ;
#2594 = VECTOR ( 'NONE', #799, 1000.000000000000000 ) ;
#2595 = AXIS2_PLACEMENT_3D ( 'NONE', #1220, #355, #981 ) ;
#2596 = DIRECTION ( 'NONE',  ( 0.0000000000000000000, 0.0000000000000000000, -1.000000000000000000 ) ) ;
#2597 = FACE_OUTER_BOUND ( 'NONE', #1908, .T. ) ;
#2598 = SPHERICAL_SURFACE ( 'NONE', #2613, 0.02400000000000000000 ) ;
#2599 = CARTESIAN_POINT ( 'NONE',  ( -0.9460000000000000600, -9.503687444435072300E-019, -0.2499999999999998900 ) ) ;
#2600 = DIRECTION ( 'NONE',  ( 0.0000000000000000000, -0.0000000000000000000, -1.000000000000000000 ) ) ;
#2601 = VECTOR ( 'NONE', #2792, 1000.000000000000000 ) ;
#2602 = VERTEX_POINT ( 'NONE', #1959 ) ;
#2603 = DIRECTION ( 'NONE',  ( -0.0000000000000000000, -1.000000000000000000, -0.0000000000000000000 ) ) ;
#2604 = ORIENTED_EDGE ( 'NONE', *, *, #1865, .F. ) ;
#2605 = AXIS2_PLACEMENT_3D ( 'NONE', #2475, #199, #2498 ) ;
#2606 = DIRECTION ( 'NONE',  ( 0.0000000000000000000, -0.0000000000000000000, 1.000000000000000000 ) ) ;
#2607 = CARTESIAN_POINT ( 'NONE',  ( -1.000000000000000000, 0.5999999999999999800, -0.2499999999999997800 ) ) ;
#2608 = ADVANCED_FACE ( 'NONE', ( #414 ), #1735, .T. ) ;
#2609 = LINE ( 'NONE', #1409, #2003 ) ;
#2610 = VERTEX_POINT ( 'NONE', #2659 ) ;
#2611 = CARTESIAN_POINT ( 'NONE',  ( 0.9700000000000002000, 0.5459999999999999300, 0.6250000000000000000 ) ) ;
#2612 = DIRECTION ( 'NONE',  ( -1.000000000000000000, 0.0000000000000000000, 0.0000000000000000000 ) ) ;
#2613 = AXIS2_PLACEMENT_3D ( 'NONE', #737, #1665, #1202 ) ;
#2614 = DIRECTION ( 'NONE',  ( 1.000000000000000000, -0.0000000000000000000, -4.015563601798165300E-015 ) ) ;
#2615 = VERTEX_POINT ( 'NONE', #2846 ) ;
#2616 = LINE ( 'NONE', #2961, #2720 ) ;
#2617 = ORIENTED_EDGE ( 'NONE', *, *, #203, .F. ) ;
#2618 = CARTESIAN_POINT ( 'NONE',  ( 0.9459999999999915100, 0.05400000000000001300, 0.2499999999999995800 ) ) ;
#2619 = DIRECTION ( 'NONE',  ( -0.0000000000000000000, 1.000000000000000000, -0.0000000000000000000 ) ) ;
#2620 = DIRECTION ( 'NONE',  ( 0.0000000000000000000, 1.000000000000000000, 0.0000000000000000000 ) ) ;
#2621 = ORIENTED_EDGE ( 'NONE', *, *, #1638, .T. ) ;
#2622 = VECTOR ( 'NONE', #940, 1000.000000000000000 ) ;
#2623 = VERTEX_POINT ( 'NONE', #1029 ) ;
#2624 = DIRECTION ( 'NONE',  ( -1.000000000000000000, 0.0000000000000000000, 0.0000000000000000000 ) ) ;
#2625 = ORIENTED_EDGE ( 'NONE', *, *, #1898, .T. ) ;
#2626 = LINE ( 'NONE', #638, #2178 ) ;
#2627 = DIRECTION ( 'NONE',  ( -1.000000000000000000, 0.0000000000000000000, 4.517509052022927000E-015 ) ) ;
#2628 = VECTOR ( 'NONE', #2721, 1000.000000000000000 ) ;
#2629 = EDGE_CURVE ( 'NONE', #1970, #2536, #1007, .T. ) ;
#2630 = CARTESIAN_POINT ( 'NONE',  ( -0.9700000000000002000, 0.5699999999999999500, 0.6250000000000000000 ) ) ;
#2631 = DIRECTION ( 'NONE',  ( -1.000000000000000000, -4.517509052022927800E-015, -0.0000000000000000000 ) ) ;
#2632 = CIRCLE ( 'NONE', #1422, 0.03000000000000007900 ) ;
#2633 = CARTESIAN_POINT ( 'NONE',  ( 0.0000000000000000000, 0.0000000000000000000, 0.6250000000000000000 ) ) ;
#2634 = LINE ( 'NONE', #2817, #192 ) ;
#2635 = AXIS2_PLACEMENT_3D ( 'NONE', #710, #1158, #1634 ) ;
#2636 = CIRCLE ( 'NONE', #456, 0.05400000000000001300 ) ;
#2637 = CARTESIAN_POINT ( 'NONE',  ( 0.6999999999999999600, 0.0000000000000000000, -0.5200000000000011300 ) ) ;
#2638 = CARTESIAN_POINT ( 'NONE',  ( 0.9459999999999915100, 0.05400000000000001300, -0.6250000000000002200 ) ) ;
#2639 = DIRECTION ( 'NONE',  ( 0.0000000000000000000, 0.0000000000000000000, 1.000000000000000000 ) ) ;
#2640 = EDGE_LOOP ( 'NONE', ( #2978, #1517, #1395, #524 ) ) ;
#2641 = ORIENTED_EDGE ( 'NONE', *, *, #1019, .T. ) ;
#2642 =( GEOMETRIC_REPRESENTATION_CONTEXT ( 3 ) GLOBAL_UNCERTAINTY_ASSIGNED_CONTEXT ( ( #2281 ) ) GLOBAL_UNIT_ASSIGNED_CONTEXT ( ( #1127, #227, #740 ) ) REPRESENTATION_CONTEXT ( 'NONE', 'WORKASPACE' ) );
#2643 = CARTESIAN_POINT ( 'NONE',  ( -0.9700000000000002000, 0.05399999999999995800, -0.2499999999999997800 ) ) ;
#2644 = EDGE_CURVE ( 'NONE', #1008, #2655, #2775, .T. ) ;
#2645 = VERTEX_POINT ( 'NONE', #1936 ) ;
#2646 = DIRECTION ( 'NONE',  ( 0.0000000000000000000, 1.000000000000000000, -0.0000000000000000000 ) ) ;
#2647 = CARTESIAN_POINT ( 'NONE',  ( -0.7300000000000002000, 0.5699999999999999500, -0.2500000000000000000 ) ) ;
#2648 = AXIS2_PLACEMENT_3D ( 'NONE', #1745, #1969, #810 ) ;
#2649 = EDGE_LOOP ( 'NONE', ( #506, #2227, #2828, #1011 ) ) ;
#2650 = DIRECTION ( 'NONE',  ( 1.000000000000000000, 0.0000000000000000000, 0.0000000000000000000 ) ) ;
#2651 = DIRECTION ( 'NONE',  ( 4.517509052022929600E-016, 0.0000000000000000000, 1.000000000000000000 ) ) ;
#2652 = VERTEX_POINT ( 'NONE', #1493 ) ;
#2653 = DIRECTION ( 'NONE',  ( 1.000000000000000000, 0.0000000000000000000, 0.0000000000000000000 ) ) ;
#2654 = LINE ( 'NONE', #2730, #1758 ) ;
#2655 = VERTEX_POINT ( 'NONE', #1968 ) ;
#2656 = ORIENTED_EDGE ( 'NONE', *, *, #2865, .F. ) ;
#2657 = CIRCLE ( 'NONE', #1763, 0.02400000000000004200 ) ;
#2658 = CARTESIAN_POINT ( 'NONE',  ( -0.9999999999999915600, 0.5459999999999999300, -0.5500000000000002700 ) ) ;
#2659 = CARTESIAN_POINT ( 'NONE',  ( 0.7000000000000083900, 0.5999999999999999800, 0.2799999999999989200 ) ) ;
#2660 = DIRECTION ( 'NONE',  ( -1.000000000000000000, 0.0000000000000000000, -3.614007241618347600E-015 ) ) ;
#2661 = VERTEX_POINT ( 'NONE', #809 ) ;
#2662 = FACE_OUTER_BOUND ( 'NONE', #2285, .T. ) ;
#2663 = ORIENTED_EDGE ( 'NONE', *, *, #2831, .T. ) ;
#2664 = FILL_AREA_STYLE ('',( #1996 ) ) ;
#2665 = VECTOR ( 'NONE', #2888, 1000.000000000000000 ) ;
#2666 = FACE_OUTER_BOUND ( 'NONE', #322, .T. ) ;
#2667 = EDGE_CURVE ( 'NONE', #840, #687, #2117, .T. ) ;
#2668 = CARTESIAN_POINT ( 'NONE',  ( 0.9700000000000002000, 0.5459999999999999300, 0.5499999999999991600 ) ) ;
#2669 = DIRECTION ( 'NONE',  ( 0.0000000000000000000, 0.0000000000000000000, -1.000000000000000000 ) ) ;
#2670 = VECTOR ( 'NONE', #232, 1000.000000000000000 ) ;
#2671 = EDGE_CURVE ( 'NONE', #1659, #1524, #1747, .T. ) ;
#2672 = DIRECTION ( 'NONE',  ( -1.000000000000000000, -6.985838740241651300E-018, 0.0000000000000000000 ) ) ;
#2673 = VECTOR ( 'NONE', #2422, 1000.000000000000000 ) ;
#2674 = VERTEX_POINT ( 'NONE', #604 ) ;
#2675 = CARTESIAN_POINT ( 'NONE',  ( 0.9700000000000002000, 0.05400000000000001300, 0.6009999999999999800 ) ) ;
#2676 = DIRECTION ( 'NONE',  ( -0.0000000000000000000, -0.0000000000000000000, 1.000000000000000000 ) ) ;
#2677 = DIRECTION ( 'NONE',  ( 6.023345402697249900E-016, 0.0000000000000000000, 1.000000000000000000 ) ) ;
#2678 = FACE_OUTER_BOUND ( 'NONE', #2447, .T. ) ;
#2679 = EDGE_CURVE ( 'NONE', #2122, #1364, #2881, .T. ) ;
#2680 = DIRECTION ( 'NONE',  ( 1.000000000000000000, 0.0000000000000000000, 0.0000000000000000000 ) ) ;
#2681 = EDGE_CURVE ( 'NONE', #288, #2645, #1111, .T. ) ;
#2682 = EDGE_CURVE ( 'NONE', #872, #1057, #1673, .T. ) ;
#2683 = EDGE_LOOP ( 'NONE', ( #1398, #328, #2798, #1630 ) ) ;
#2684 = CARTESIAN_POINT ( 'NONE',  ( 0.7000000000000083900, 0.5999999999999999800, 0.2799999999999989200 ) ) ;
#2685 = CARTESIAN_POINT ( 'NONE',  ( -0.7299999999999919900, 0.5999999999999999800, 0.2499999999999997800 ) ) ;
#2686 = VERTEX_POINT ( 'NONE', #1756 ) ;
#2687 = FACE_OUTER_BOUND ( 'NONE', #1934, .T. ) ;
#2688 = CARTESIAN_POINT ( 'NONE',  ( -0.9460000000000000600, 0.02999999999999995700, 0.6009999999999999800 ) ) ;
#2689 = ORIENTED_EDGE ( 'NONE', *, *, #1764, .F. ) ;
#2690 = ORIENTED_EDGE ( 'NONE', *, *, #2055, .T. ) ;
#2691 = FACE_OUTER_BOUND ( 'NONE', #884, .T. ) ;
#2692 = EDGE_LOOP ( 'NONE', ( #1425, #2909, #2492, #326 ) ) ;
#2693 = ADVANCED_FACE ( 'NONE', ( #972 ), #1777, .F. ) ;
#2694 = CARTESIAN_POINT ( 'NONE',  ( -3.772352919730488900E-019, 0.05399999999999996500, -0.6250000000000000000 ) ) ;
#2695 = VERTEX_POINT ( 'NONE', #183 ) ;
#2696 = VECTOR ( 'NONE', #2538, 1000.000000000000000 ) ;
#2697 = CIRCLE ( 'NONE', #1580, 0.02999999999999997100 ) ;
#2698 = CIRCLE ( 'NONE', #383, 0.02400000000000004200 ) ;
#2699 = CARTESIAN_POINT ( 'NONE',  ( 0.9700000000000002000, 0.05399999999999997200, 0.6250000000000000000 ) ) ;
#2700 = AXIS2_PLACEMENT_3D ( 'NONE', #2709, #668, #2680 ) ;
#2701 = LINE ( 'NONE', #2581, #1594 ) ;
#2702 = DIRECTION ( 'NONE',  ( -1.000000000000000000, -6.985838740241651300E-018, 0.0000000000000000000 ) ) ;
#2703 = VECTOR ( 'NONE', #345, 1000.000000000000000 ) ;
#2704 = MECHANICAL_DESIGN_GEOMETRIC_PRESENTATION_REPRESENTATION (  '', ( #1637 ), #561 ) ;
#2705 = ADVANCED_FACE ( 'NONE', ( #1534 ), #157, .F. ) ;
#2706 = CARTESIAN_POINT ( 'NONE',  ( 0.9700000000000002000, 0.02999999999999997100, 0.6009999999999999800 ) ) ;
#2707 = EDGE_LOOP ( 'NONE', ( #2936, #2937, #1627, #2479 ) ) ;
#2708 = DIRECTION ( 'NONE',  ( -3.614007241618347600E-015, 0.0000000000000000000, 1.000000000000000000 ) ) ;
#2709 = CARTESIAN_POINT ( 'NONE',  ( 0.9459999999999915100, 0.5459999999999999300, -0.6250000000000002200 ) ) ;
#2710 = EDGE_LOOP ( 'NONE', ( #1588, #643, #1354, #768 ) ) ;
#2711 = VECTOR ( 'NONE', #22, 1000.000000000000000 ) ;
#2712 = CARTESIAN_POINT ( 'NONE',  ( 0.9460000000000000600, 0.5459999999999999300, 0.6009999999999999800 ) ) ;
#2713 = DIRECTION ( 'NONE',  ( 0.0000000000000000000, 0.0000000000000000000, -1.000000000000000000 ) ) ;
#2714 = ORIENTED_EDGE ( 'NONE', *, *, #1695, .T. ) ;
#2715 = ADVANCED_FACE ( 'NONE', ( #1570 ), #800, .T. ) ;
#2716 = PRODUCT_RELATED_PRODUCT_CATEGORY ( 'part', '', ( #558 ) ) ;
#2717 = EDGE_CURVE ( 'NONE', #1134, #1856, #2741, .T. ) ;
#2718 = EDGE_CURVE ( 'NONE', #1566, #426, #2349, .T. ) ;
#2719 = ORIENTED_EDGE ( 'NONE', *, *, #2001, .T. ) ;
#2720 = VECTOR ( 'NONE', #451, 1000.000000000000000 ) ;
#2721 = DIRECTION ( 'NONE',  ( 1.000000000000000000, -0.0000000000000000000, 0.0000000000000000000 ) ) ;
#2722 = CARTESIAN_POINT ( 'NONE',  ( 0.9460000000000000600, 0.05400000000000001300, 0.6009999999999999800 ) ) ;
#2723 = AXIS2_PLACEMENT_3D ( 'NONE', #130, #2892, #2224 ) ;
#2724 = ORIENTED_EDGE ( 'NONE', *, *, #1332, .T. ) ;
#2725 = VECTOR ( 'NONE', #2457, 1000.000000000000000 ) ;
#2726 = EDGE_CURVE ( 'NONE', #1397, #2674, #2657, .T. ) ;
#2727 = ORIENTED_EDGE ( 'NONE', *, *, #2756, .T. ) ;
#2728 = FACE_OUTER_BOUND ( 'NONE', #875, .T. ) ;
#2729 = ORIENTED_EDGE ( 'NONE', *, *, #1957, .T. ) ;
#2730 = CARTESIAN_POINT ( 'NONE',  ( -0.9700000000000002000, 0.5459999999999999300, 0.6250000000000000000 ) ) ;
#2731 = CARTESIAN_POINT ( 'NONE',  ( -0.9700000000000002000, 0.5699999999999999500, -0.5500000000000002700 ) ) ;
#2732 = ADVANCED_FACE ( 'NONE', ( #144 ), #1358, .T. ) ;
#2733 = DIRECTION ( 'NONE',  ( -0.0000000000000000000, -1.000000000000000000, -0.0000000000000000000 ) ) ;
#2734 = VECTOR ( 'NONE', #96, 1000.000000000000000 ) ;
#2735 = CARTESIAN_POINT ( 'NONE',  ( -0.9460000000000000600, 0.02999999999999995700, -0.5500000000000002700 ) ) ;
#2736 = CARTESIAN_POINT ( 'NONE',  ( -0.9700000000000002000, 0.5699999999999999500, 0.2499999999999997800 ) ) ;
#2737 = VECTOR ( 'NONE', #2753, 1000.000000000000000 ) ;
#2738 = AXIS2_PLACEMENT_3D ( 'NONE', #929, #490, #2324 ) ;
#2739 = EDGE_CURVE ( 'NONE', #397, #1026, #376, .T. ) ;
#2740 = ADVANCED_FACE ( 'NONE', ( #1360 ), #2970, .T. ) ;
#2741 = LINE ( 'NONE', #1797, #1450 ) ;
#2742 = AXIS2_PLACEMENT_3D ( 'NONE', #1421, #1408, #738 ) ;
#2743 = DIRECTION ( 'NONE',  ( 1.000000000000000000, 0.0000000000000000000, 0.0000000000000000000 ) ) ;
#2744 = CARTESIAN_POINT ( 'NONE',  ( 0.9999999999999915600, 0.05400000000000001300, 0.2499999999999997800 ) ) ;
#2745 = ORIENTED_EDGE ( 'NONE', *, *, #304, .F. ) ;
#2746 = DIRECTION ( 'NONE',  ( 4.015563601798166900E-015, -0.0000000000000000000, 1.000000000000000000 ) ) ;
#2747 = LINE ( 'NONE', #958, #307 ) ;
#2748 = DIRECTION ( 'NONE',  ( 0.0000000000000000000, 1.000000000000000000, 0.0000000000000000000 ) ) ;
#2749 = ORIENTED_EDGE ( 'NONE', *, *, #478, .T. ) ;
#2750 = DIRECTION ( 'NONE',  ( -0.0000000000000000000, -1.000000000000000000, -0.0000000000000000000 ) ) ;
#2751 = FILL_AREA_STYLE ('',( #894 ) ) ;
#2752 = AXIS2_PLACEMENT_3D ( 'NONE', #2426, #386, #1999 ) ;
#2753 = DIRECTION ( 'NONE',  ( -1.000000000000000000, 0.0000000000000000000, 0.0000000000000000000 ) ) ;
#2754 = EDGE_LOOP ( 'NONE', ( #2434, #2147, #836, #2321 ) ) ;
#2755 = LINE ( 'NONE', #581, #815 ) ;
#2756 = EDGE_CURVE ( 'NONE', #640, #1061, #1514, .T. ) ;
#2757 = ORIENTED_EDGE ( 'NONE', *, *, #575, .F. ) ;
#2758 = ORIENTED_EDGE ( 'NONE', *, *, #124, .T. ) ;
#2759 = CARTESIAN_POINT ( 'NONE',  ( -0.7300000000000003200, 0.5999999999999999800, -0.5500000000000002700 ) ) ;
#2760 = CYLINDRICAL_SURFACE ( 'NONE', #2789, 0.02400000000000000000 ) ;
#2761 = ORIENTED_EDGE ( 'NONE', *, *, #2887, .T. ) ;
#2762 = EDGE_CURVE ( 'NONE', #2655, #1146, #2517, .T. ) ;
#2763 = VERTEX_POINT ( 'NONE', #1128 ) ;
#2764 = DIRECTION ( 'NONE',  ( -0.0000000000000000000, -0.0000000000000000000, 1.000000000000000000 ) ) ;
#2765 = LINE ( 'NONE', #1300, #361 ) ;
#2766 = VECTOR ( 'NONE', #259, 1000.000000000000000 ) ;
#2767 = EDGE_CURVE ( 'NONE', #1242, #2012, #420, .T. ) ;
#2768 = DIRECTION ( 'NONE',  ( -0.0000000000000000000, -1.000000000000000000, -0.0000000000000000000 ) ) ;
#2769 = DIRECTION ( 'NONE',  ( 0.0000000000000000000, -1.000000000000000000, 0.0000000000000000000 ) ) ;
#2770 = CIRCLE ( 'NONE', #2112, 0.02400000000000004200 ) ;
#2771 = PRESENTATION_STYLE_ASSIGNMENT (( #1674 ) ) ;
#2772 = CARTESIAN_POINT ( 'NONE',  ( -0.9999999999999915600, 0.5999999999999999800, 0.2499999999999997800 ) ) ;
#2773 = ORIENTED_EDGE ( 'NONE', *, *, #2198, .F. ) ;
#2774 = CARTESIAN_POINT ( 'NONE',  ( -0.9460000000000000600, 0.02999999999999995700, 0.6250000000000000000 ) ) ;
#2775 = LINE ( 'NONE', #1266, #2396 ) ;
#2776 = AXIS2_PLACEMENT_3D ( 'NONE', #2959, #2052, #197 ) ;
#2777 = EDGE_CURVE ( 'NONE', #2363, #2610, #1122, .T. ) ;
#2778 = DIRECTION ( 'NONE',  ( 1.000000000000000000, -0.0000000000000000000, -4.015563601798165300E-015 ) ) ;
#2779 = CARTESIAN_POINT ( 'NONE',  ( 0.9700000000000002000, 0.5699999999999999500, -0.2500000000000008900 ) ) ;
#2780 = AXIS2_PLACEMENT_3D ( 'NONE', #2295, #2748, #2532 ) ;
#2781 = DIRECTION ( 'NONE',  ( -1.000000000000000000, 0.0000000000000000000, 4.517509052022927000E-015 ) ) ;
#2782 = ADVANCED_FACE ( 'NONE', ( #2886 ), #350, .T. ) ;
#2783 = CARTESIAN_POINT ( 'NONE',  ( -0.9999999999999915600, 0.05400000000000001300, -0.6250000000000002200 ) ) ;
#2784 = CARTESIAN_POINT ( 'NONE',  ( 0.7300000000000000900, 0.5999999999999999800, -0.5500000000000012700 ) ) ;
#2785 = PLANE ( 'NONE',  #1155 ) ;
#2786 = VERTEX_POINT ( 'NONE', #1895 ) ;
#2787 = DIRECTION ( 'NONE',  ( -0.0000000000000000000, -0.0000000000000000000, 1.000000000000000000 ) ) ;
#2788 = DIRECTION ( 'NONE',  ( 0.0000000000000000000, 1.000000000000000000, -0.0000000000000000000 ) ) ;
#2789 = AXIS2_PLACEMENT_3D ( 'NONE', #1560, #2702, #188 ) ;
#2790 = VERTEX_POINT ( 'NONE', #1867 ) ;
#2791 = EDGE_CURVE ( 'NONE', #75, #1276, #2287, .T. ) ;
#2792 = DIRECTION ( 'NONE',  ( -0.0000000000000000000, -1.000000000000000000, -0.0000000000000000000 ) ) ;
#2793 = ORIENTED_EDGE ( 'NONE', *, *, #811, .F. ) ;
#2794 = LINE ( 'NONE', #866, #2725 ) ;
#2795 = ADVANCED_FACE ( 'NONE', ( #200 ), #977, .T. ) ;
#2796 = EDGE_LOOP ( 'NONE', ( #293, #2971, #2009 ) ) ;
#2797 = VECTOR ( 'NONE', #2965, 1000.000000000000000 ) ;
#2798 = ORIENTED_EDGE ( 'NONE', *, *, #2495, .F. ) ;
#2799 = CARTESIAN_POINT ( 'NONE',  ( -0.7299999999999918800, 0.5699999999999999500, 0.2799999999999997500 ) ) ;
#2800 = CIRCLE ( 'NONE', #2436, 0.02999999999999997100 ) ;
#2801 = DIRECTION ( 'NONE',  ( 1.000000000000000000, 6.985838740241651300E-018, 0.0000000000000000000 ) ) ;
#2802 = CARTESIAN_POINT ( 'NONE',  ( -0.9700000000000002000, 0.05400000000000001300, -0.5500000000000002700 ) ) ;
#2803 = CARTESIAN_POINT ( 'NONE',  ( 0.6999999999999999600, 0.5999999999999999800, -0.5200000000000011300 ) ) ;
#2804 = VECTOR ( 'NONE', #1294, 1000.000000000000000 ) ;
#2805 = EDGE_CURVE ( 'NONE', #2200, #2686, #869, .T. ) ;
#2806 = CARTESIAN_POINT ( 'NONE',  ( 0.9460000000000000600, 0.5459999999999999300, -0.6010000000000000900 ) ) ;
#2807 = ORIENTED_EDGE ( 'NONE', *, *, #222, .F. ) ;
#2808 =( LENGTH_UNIT ( ) NAMED_UNIT ( * ) SI_UNIT ( .MILLI., .METRE. ) );
#2809 = FACE_OUTER_BOUND ( 'NONE', #756, .T. ) ;
#2810 = CARTESIAN_POINT ( 'NONE',  ( 0.9460000000000000600, 0.05400000000000001300, -0.2500000000000007800 ) ) ;
#2811 = DIRECTION ( 'NONE',  ( -6.023345402697249900E-016, 0.0000000000000000000, -1.000000000000000000 ) ) ;
#2812 = DIRECTION ( 'NONE',  ( 0.0000000000000000000, 1.000000000000000000, -0.0000000000000000000 ) ) ;
#2813 = DIRECTION ( 'NONE',  ( 0.0000000000000000000, 0.0000000000000000000, 1.000000000000000000 ) ) ;
#2814 = VERTEX_POINT ( 'NONE', #2092 ) ;
#2815 = EDGE_CURVE ( 'NONE', #951, #2763, #1823, .T. ) ;
#2816 = VECTOR ( 'NONE', #2351, 1000.000000000000000 ) ;
#2817 = CARTESIAN_POINT ( 'NONE',  ( -0.9700000000000005300, 0.5699999999999999500, 0.5500000000000069300 ) ) ;
#2818 = APPLICATION_PROTOCOL_DEFINITION ( 'draft international standard', 'automotive_design', 1998, #973 ) ;
#2819 =( NAMED_UNIT ( * ) SI_UNIT ( $, .STERADIAN. ) SOLID_ANGLE_UNIT ( ) );
#2820 = DIRECTION ( 'NONE',  ( 6.985838740241651300E-018, -1.000000000000000000, -0.0000000000000000000 ) ) ;
#2821 = CARTESIAN_POINT ( 'NONE',  ( -0.6999999999999996200, 0.5699999999999999500, 0.6249999999999998900 ) ) ;
#2822 = DIRECTION ( 'NONE',  ( 1.000000000000000000, 6.985838740241651300E-018, 3.614007241618349200E-015 ) ) ;
#2823 = EDGE_LOOP ( 'NONE', ( #515, #853, #2137, #986 ) ) ;
#2824 = ORIENTED_EDGE ( 'NONE', *, *, #1961, .F. ) ;
#2825 = VECTOR ( 'NONE', #1249, 1000.000000000000000 ) ;
#2826 = ORIENTED_EDGE ( 'NONE', *, *, #713, .F. ) ;
#2827 = ORIENTED_EDGE ( 'NONE', *, *, #167, .F. ) ;
#2828 = ORIENTED_EDGE ( 'NONE', *, *, #2418, .F. ) ;
#2829 = VECTOR ( 'NONE', #1331, 1000.000000000000000 ) ;
#2830 = ORIENTED_EDGE ( 'NONE', *, *, #60, .F. ) ;
#2831 = EDGE_CURVE ( 'NONE', #2054, #843, #2747, .T. ) ;
#2832 = AXIS2_PLACEMENT_3D ( 'NONE', #1897, #979, #2600 ) ;
#2833 = EDGE_CURVE ( 'NONE', #1566, #2536, #1504, .T. ) ;
#2834 = ORIENTED_EDGE ( 'NONE', *, *, #1689, .T. ) ;
#2835 = CARTESIAN_POINT ( 'NONE',  ( 1.000000000000000000, 0.5999999999999999800, -0.5500000000000002700 ) ) ;
#2836 = DIRECTION ( 'NONE',  ( 0.0000000000000000000, 0.0000000000000000000, -1.000000000000000000 ) ) ;
#2837 = EDGE_CURVE ( 'NONE', #983, #1361, #1890, .T. ) ;
#2838 = CIRCLE ( 'NONE', #1903, 0.02400000000000004200 ) ;
#2839 = CARTESIAN_POINT ( 'NONE',  ( -0.9460000000000000600, 0.05399999999999995800, -0.6250000000000000000 ) ) ;
#2840 = DIRECTION ( 'NONE',  ( -0.0000000000000000000, -0.0000000000000000000, 1.000000000000000000 ) ) ;
#2841 = AXIS2_PLACEMENT_3D ( 'NONE', #1536, #1309, #147 ) ;
#2842 = CARTESIAN_POINT ( 'NONE',  ( -0.7299999999999917700, 0.5999999999999999800, 0.5200000000000000200 ) ) ;
#2843 = VECTOR ( 'NONE', #133, 1000.000000000000000 ) ;
#2844 = ORIENTED_EDGE ( 'NONE', *, *, #2930, .F. ) ;
#2845 = DIRECTION ( 'NONE',  ( -0.0000000000000000000, -0.0000000000000000000, 1.000000000000000000 ) ) ;
#2846 = CARTESIAN_POINT ( 'NONE',  ( -0.9460000000000000600, 0.5999999999999999800, 0.2499999999999997800 ) ) ;
#2847 = CARTESIAN_POINT ( 'NONE',  ( 0.9700000000000002000, 0.5459999999999999300, -0.6010000000000000900 ) ) ;
#2848 = CYLINDRICAL_SURFACE ( 'NONE', #2266, 0.02999999999999997100 ) ;
#2849 = VERTEX_POINT ( 'NONE', #289 ) ;
#2850 = CARTESIAN_POINT ( 'NONE',  ( -0.7300000000000002000, 0.0000000000000000000, -0.2500000000000000000 ) ) ;
#2851 = DIRECTION ( 'NONE',  ( 0.0000000000000000000, -1.000000000000000000, 0.0000000000000000000 ) ) ;
#2852 = PLANE ( 'NONE',  #1520 ) ;
#2853 = CARTESIAN_POINT ( 'NONE',  ( 0.7300000000000085300, 0.5999999999999999800, 0.5500000000000001600 ) ) ;
#2854 = DIRECTION ( 'NONE',  ( 0.0000000000000000000, -1.000000000000000000, 0.0000000000000000000 ) ) ;
#2855 = DIRECTION ( 'NONE',  ( -0.0000000000000000000, 0.0000000000000000000, -1.000000000000000000 ) ) ;
#2856 = VERTEX_POINT ( 'NONE', #2313 ) ;
#2857 = PLANE ( 'NONE',  #1034 ) ;
#2858 = CARTESIAN_POINT ( 'NONE',  ( -0.9699999999999987500, 0.02999999999999995700, 0.2499999999999927000 ) ) ;
#2859 = ORIENTED_EDGE ( 'NONE', *, *, #639, .T. ) ;
#2860 = DIRECTION ( 'NONE',  ( -0.0000000000000000000, 0.0000000000000000000, 1.000000000000000000 ) ) ;
#2861 = ORIENTED_EDGE ( 'NONE', *, *, #2387, .F. ) ;
#2862 = DIRECTION ( 'NONE',  ( 0.0000000000000000000, 0.0000000000000000000, -1.000000000000000000 ) ) ;
#2863 = EDGE_LOOP ( 'NONE', ( #2859, #1982, #2381, #924 ) ) ;
#2864 = VECTOR ( 'NONE', #2319, 1000.000000000000000 ) ;
#2865 = EDGE_CURVE ( 'NONE', #717, #1117, #1679, .T. ) ;
#2866 = PLANE ( 'NONE',  #2106 ) ;
#2867 = CARTESIAN_POINT ( 'NONE',  ( -0.9460000000000000600, 0.05399999999999995800, -0.6010000000000000900 ) ) ;
#2868 = VERTEX_POINT ( 'NONE', #2116 ) ;
#2869 = CYLINDRICAL_SURFACE ( 'NONE', #2031, 0.02400000000000004200 ) ;
#2870 = ORIENTED_EDGE ( 'NONE', *, *, #1018, .F. ) ;
#2871 = ORIENTED_EDGE ( 'NONE', *, *, #2947, .F. ) ;
#2872 = EDGE_CURVE ( 'NONE', #1642, #1269, #525, .T. ) ;
#2873 = DIRECTION ( 'NONE',  ( 3.614007241618347600E-015, -0.0000000000000000000, -1.000000000000000000 ) ) ;
#2874 = DIRECTION ( 'NONE',  ( -0.0000000000000000000, -1.000000000000000000, -0.0000000000000000000 ) ) ;
#2875 = CARTESIAN_POINT ( 'NONE',  ( -0.9699999999999987500, 0.5699999999999999500, 0.2499999999999927000 ) ) ;
#2876 = LINE ( 'NONE', #2437, #2843 ) ;
#2877 = DIRECTION ( 'NONE',  ( -0.0000000000000000000, -0.0000000000000000000, 1.000000000000000000 ) ) ;
#2878 = CIRCLE ( 'NONE', #190, 0.02400000000000004200 ) ;
#2879 = AXIS2_PLACEMENT_3D ( 'NONE', #626, #816, #1041 ) ;
#2880 = VECTOR ( 'NONE', #2769, 1000.000000000000000 ) ;
#2881 = LINE ( 'NONE', #1526, #2282 ) ;
#2882 = CARTESIAN_POINT ( 'NONE',  ( 0.9460000000000000600, 0.05399999999999997200, 0.6250000000000000000 ) ) ;
#2883 = DIRECTION ( 'NONE',  ( -0.0000000000000000000, -1.000000000000000000, -0.0000000000000000000 ) ) ;
#2884 = DIRECTION ( 'NONE',  ( -3.614007241618347600E-015, 0.0000000000000000000, 1.000000000000000000 ) ) ;
#2885 = EDGE_LOOP ( 'NONE', ( #1262, #176, #140, #2941 ) ) ;
#2886 = FACE_OUTER_BOUND ( 'NONE', #747, .T. ) ;
#2887 = EDGE_CURVE ( 'NONE', #1477, #2674, #1607, .T. ) ;
#2888 = DIRECTION ( 'NONE',  ( -0.0000000000000000000, -1.000000000000000000, -0.0000000000000000000 ) ) ;
#2889 = CARTESIAN_POINT ( 'NONE',  ( -0.9460000000000000600, 0.5699999999999999500, -0.5500000000000002700 ) ) ;
#2890 = AXIS2_PLACEMENT_3D ( 'NONE', #1267, #1511, #149 ) ;
#2891 = ORIENTED_EDGE ( 'NONE', *, *, #1176, .T. ) ;
#2892 = DIRECTION ( 'NONE',  ( 0.0000000000000000000, 0.0000000000000000000, -1.000000000000000000 ) ) ;
#2893 = ADVANCED_FACE ( 'NONE', ( #2678 ), #274, .T. ) ;
#2894 = ORIENTED_EDGE ( 'NONE', *, *, #359, .T. ) ;
#2895 = LINE ( 'NONE', #2168, #1391 ) ;
#2896 = EDGE_LOOP ( 'NONE', ( #1428, #642, #2209, #1788 ) ) ;
#2897 = CYLINDRICAL_SURFACE ( 'NONE', #1931, 0.03000000000000007900 ) ;
#2898 = EDGE_LOOP ( 'NONE', ( #2399, #2259, #1812 ) ) ;
#2899 = CARTESIAN_POINT ( 'NONE',  ( 0.9700000000000002000, 0.05400000000000001300, -0.6010000000000000900 ) ) ;
#2900 = ORIENTED_EDGE ( 'NONE', *, *, #1819, .F. ) ;
#2901 = CIRCLE ( 'NONE', #2330, 0.02400000000000004200 ) ;
#2902 = VERTEX_POINT ( 'NONE', #529 ) ;
#2903 = DIRECTION ( 'NONE',  ( 1.000000000000000000, 0.0000000000000000000, 0.0000000000000000000 ) ) ;
#2904 = DIRECTION ( 'NONE',  ( 0.0000000000000000000, 1.000000000000000000, -0.0000000000000000000 ) ) ;
#2905 = DIRECTION ( 'NONE',  ( -0.0000000000000000000, -1.000000000000000000, -0.0000000000000000000 ) ) ;
#2906 = DIRECTION ( 'NONE',  ( 0.0000000000000000000, 1.000000000000000000, 0.0000000000000000000 ) ) ;
#2907 = AXIS2_PLACEMENT_3D ( 'NONE', #1755, #351, #1954 ) ;
#2908 = VECTOR ( 'NONE', #2845, 1000.000000000000000 ) ;
#2909 = ORIENTED_EDGE ( 'NONE', *, *, #2391, .F. ) ;
#2910 = CARTESIAN_POINT ( 'NONE',  ( -0.7299999999999918800, 0.5999999999999999800, 0.2799999999999997500 ) ) ;
#2911 = VECTOR ( 'NONE', #1273, 1000.000000000000000 ) ;
#2912 = EDGE_CURVE ( 'NONE', #356, #1186, #2194, .T. ) ;
#2913 = ADVANCED_FACE ( 'NONE', ( #453 ), #2149, .T. ) ;
#2914 = CARTESIAN_POINT ( 'NONE',  ( 0.7300000000000084200, 0.5699999999999999500, 0.2499999999999988100 ) ) ;
#2915 = CARTESIAN_POINT ( 'NONE',  ( 0.9459999999999915100, 0.0000000000000000000, -0.6250000000000002200 ) ) ;
#2916 = LINE ( 'NONE', #1929, #263 ) ;
#2917 = ORIENTED_EDGE ( 'NONE', *, *, #1272, .F. ) ;
#2918 = CARTESIAN_POINT ( 'NONE',  ( -0.6999999999999918500, 0.5999999999999999800, 0.2799999999999997500 ) ) ;
#2919 = VECTOR ( 'NONE', #475, 1000.000000000000000 ) ;
#2920 = ORIENTED_EDGE ( 'NONE', *, *, #1162, .T. ) ;
#2921 = EDGE_CURVE ( 'NONE', #334, #1524, #2162, .T. ) ;
#2922 = CARTESIAN_POINT ( 'NONE',  ( -0.9700000000000002000, 0.5699999999999999500, 0.6250000000000000000 ) ) ;
#2923 = DIRECTION ( 'NONE',  ( 4.517509052022913800E-016, 0.0000000000000000000, 1.000000000000000000 ) ) ;
#2924 = DIRECTION ( 'NONE',  ( -0.0000000000000000000, -1.000000000000000000, -0.0000000000000000000 ) ) ;
#2925 = CARTESIAN_POINT ( 'NONE',  ( 0.9459999999999915100, 0.5459999999999999300, -0.5500000000000004900 ) ) ;
#2926 = ORIENTED_EDGE ( 'NONE', *, *, #1174, .T. ) ;
#2927 = VERTEX_POINT ( 'NONE', #2361 ) ;
#2928 = ADVANCED_FACE ( 'NONE', ( #1965 ), #2957, .T. ) ;
#2929 = AXIS2_PLACEMENT_3D ( 'NONE', #1256, #852, #1537 ) ;
#2930 = EDGE_CURVE ( 'NONE', #915, #2241, #2048, .T. ) ;
#2931 = EDGE_CURVE ( 'NONE', #1655, #877, #1270, .T. ) ;
#2932 = ORIENTED_EDGE ( 'NONE', *, *, #2679, .F. ) ;
#2933 = CARTESIAN_POINT ( 'NONE',  ( 1.000000000000008400, 0.5999999999999999800, 0.5499999999999990500 ) ) ;
#2934 = AXIS2_PLACEMENT_3D ( 'NONE', #2712, #902, #2526 ) ;
#2935 = CARTESIAN_POINT ( 'NONE',  ( 0.9460000000000000600, 0.02999999999999997100, 0.6250000000000000000 ) ) ;
#2936 = ORIENTED_EDGE ( 'NONE', *, *, #744, .T. ) ;
#2937 = ORIENTED_EDGE ( 'NONE', *, *, #2589, .F. ) ;
#2938 = VECTOR ( 'NONE', #2228, 1000.000000000000000 ) ;
#2939 = EDGE_LOOP ( 'NONE', ( #607, #165, #2871, #2065 ) ) ;
#2940 = LINE ( 'NONE', #921, #1400 ) ;
#2941 = ORIENTED_EDGE ( 'NONE', *, *, #2681, .T. ) ;
#2942 = CIRCLE ( 'NONE', #14, 0.05400000000000001300 ) ;
#2943 = VERTEX_POINT ( 'NONE', #1196 ) ;
#2944 = FACE_OUTER_BOUND ( 'NONE', #579, .T. ) ;
#2945 = DIRECTION ( 'NONE',  ( -4.517509052022913800E-016, 0.0000000000000000000, -1.000000000000000000 ) ) ;
#2946 = STYLED_ITEM ( 'NONE', ( #1656 ), #1877 ) ;
#2947 = EDGE_CURVE ( 'NONE', #181, #2515, #1458, .T. ) ;
#2948 = CYLINDRICAL_SURFACE ( 'NONE', #1786, 0.02999999999999997100 ) ;
#2949 = VECTOR ( 'NONE', #1169, 1000.000000000000000 ) ;
#2950 = DIRECTION ( 'NONE',  ( 0.0000000000000000000, 1.000000000000000000, -0.0000000000000000000 ) ) ;
#2951 = CARTESIAN_POINT ( 'NONE',  ( -0.9460000000000000600, 0.5459999999999999300, 0.6250000000000000000 ) ) ;
#2952 = ORIENTED_EDGE ( 'NONE', *, *, #1561, .T. ) ;
#2953 = ADVANCED_FACE ( 'NONE', ( #1046 ), #1751, .T. ) ;
#2954 = ADVANCED_FACE ( 'NONE', ( #382 ), #2378, .F. ) ;
#2955 = CARTESIAN_POINT ( 'NONE',  ( -0.9999999999999915600, 0.5999999999999999800, 0.2499999999999997800 ) ) ;
#2956 = EDGE_CURVE ( 'NONE', #1339, #1856, #2221, .T. ) ;
#2957 = SPHERICAL_SURFACE ( 'NONE', #61, 0.02400000000000000000 ) ;
#2958 = DIRECTION ( 'NONE',  ( -3.614007241618349200E-015, 0.0000000000000000000, 1.000000000000000000 ) ) ;
#2959 = CARTESIAN_POINT ( 'NONE',  ( -0.6999999999999918500, 0.5999999999999999800, 0.2799999999999997500 ) ) ;
#2960 = EDGE_LOOP ( 'NONE', ( #2976, #2332, #224, #374 ) ) ;
#2961 = CARTESIAN_POINT ( 'NONE',  ( 0.9460000000000000600, 0.02999999999999997100, 0.6250000000000000000 ) ) ;
#2962 = CARTESIAN_POINT ( 'NONE',  ( -0.9700000000000002000, 0.05399999999999995800, -0.6010000000000000900 ) ) ;
#2963 = CARTESIAN_POINT ( 'NONE',  ( -0.7000000000000001800, 0.0000000000000000000, -0.5200000000000002400 ) ) ;
#2964 = EDGE_CURVE ( 'NONE', #2551, #75, #2609, .T. ) ;
#2965 = DIRECTION ( 'NONE',  ( -0.0000000000000000000, -1.000000000000000000, -0.0000000000000000000 ) ) ;
#2966 = ORIENTED_EDGE ( 'NONE', *, *, #2184, .T. ) ;
#2967 = FACE_OUTER_BOUND ( 'NONE', #2710, .T. ) ;
#2968 = PLANE ( 'NONE',  #1341 ) ;
#2969 = CARTESIAN_POINT ( 'NONE',  ( 0.9460000000000000600, 0.05400000000000001300, -0.5500000000000004900 ) ) ;
#2970 = PLANE ( 'NONE',  #2127 ) ;
#2971 = ORIENTED_EDGE ( 'NONE', *, *, #2739, .T. ) ;
#2972 = FACE_OUTER_BOUND ( 'NONE', #366, .T. ) ;
#2973 = EDGE_LOOP ( 'NONE', ( #1539, #909, #868, #962, #1550, #1576 ) ) ;
#2974 = CARTESIAN_POINT ( 'NONE',  ( 0.7300000000000084200, 0.5999999999999999800, 0.5200000000000000200 ) ) ;
#2975 = CARTESIAN_POINT ( 'NONE',  ( -0.9460000000000000600, 0.5699999999999999500, 0.6009999999999999800 ) ) ;
#2976 = ORIENTED_EDGE ( 'NONE', *, *, #2667, .F. ) ;
#2977 = FACE_OUTER_BOUND ( 'NONE', #708, .T. ) ;
#2978 = ORIENTED_EDGE ( 'NONE', *, *, #401, .T. ) ;
ENDSEC;
END-ISO-10303-21;
